"connection_time","disconnect_time","done_charging_time","kwh_delivered","session_id","site_id","charger_id","station_id","connection_time_hours","charging_duration_hours"
"01-01-2020 09:42","02-01-2020 02:25","01-01-2020 14:42","32.02","2_39_131_30_2020-01-01 09:42:14.259248","2","CA-305","2-39-131-30","16.72","5"
"01-01-2020 18:10","01-01-2020 21:05","01-01-2020 19:22","2.328","2_39_127_19_2020-01-01 18:10:34.057445","2","CA-309","2-39-127-19","2.92","1.2"
"01-01-2020 19:44","02-01-2020 01:23","01-01-2020 22:43","19.868","2_39_79_377_2020-01-01 19:44:51.127414","2","CA-325","2-39-79-377","5.65","2.98"
"02-01-2020 01:12","02-01-2020 04:38","02-01-2020 03:11","8.336","2_39_126_20_2020-01-02 01:12:28.778216","2","CA-310","2-39-126-20","3.43","1.98"
"02-01-2020 04:18","03-01-2020 00:06","02-01-2020 06:41","14.731","2_39_79_382_2020-01-02 04:18:06.407434","2","CA-491","2-39-79-382","19.8","2.38"
"02-01-2020 16:05","03-01-2020 00:11","02-01-2020 16:39","2.083","2_39_79_380_2020-01-02 16:05:14.818106","2","CA-489","2-39-79-380","8.1","0.57"
"02-01-2020 16:06","02-01-2020 17:04","02-01-2020 16:37","0.855","2_39_79_383_2020-01-02 16:06:34.210024","2","CA-492","2-39-79-383","0.97","0.52"
"02-01-2020 16:31","03-01-2020 00:29","03-01-2020 00:29","50.788","2_39_78_366_2020-01-02 16:31:34.854057","2","CA-323","2-39-78-366","7.97","7.97"
"02-01-2020 17:25","03-01-2020 02:14","02-01-2020 19:23","4.187","2_39_138_29_2020-01-02 17:25:52.764723","2","CA-304","2-39-138-29","8.82","1.97"
"02-01-2020 17:45","03-01-2020 00:51","02-01-2020 19:55","6.874","2_39_78_367_2020-01-02 17:45:12.995970","2","CA-494","2-39-78-367","7.1","2.17"
"02-01-2020 17:46","02-01-2020 21:02","02-01-2020 19:49","6.501","2_39_78_365_2020-01-02 17:46:14.843193","2","CA-321","2-39-78-365","3.27","2.05"
"02-01-2020 17:47","02-01-2020 20:42","02-01-2020 20:42","20.165","2_39_139_28_2020-01-02 17:47:52.598587","2","CA-303","2-39-139-28","2.92","2.92"
"02-01-2020 18:07","02-01-2020 20:46","02-01-2020 19:32","4.32","2_39_123_23_2020-01-02 18:07:56.928051","2","CA-313","2-39-123-23","2.65","1.42"
"02-01-2020 18:25","03-01-2020 00:46","02-01-2020 20:41","5.191","2_39_79_381_2020-01-02 18:25:20.402594","2","CA-490","2-39-79-381","6.35","2.27"
"02-01-2020 18:40","02-01-2020 21:19","02-01-2020 21:18","8.379","2_39_90_440_2020-01-02 18:40:46.167914","2","CA-500","2-39-90-440","2.65","2.63"
"02-01-2020 18:51","02-01-2020 23:58","02-01-2020 20:00","3.399","2_39_89_25_2020-01-02 18:51:01.473182","2","CA-315","2-39-89-25","5.12","1.15"
"02-01-2020 21:28","02-01-2020 21:54","02-01-2020 21:49","0.956","2_39_123_23_2020-01-02 21:28:23.830730","2","CA-313","2-39-123-23","0.43","0.35"
"02-01-2020 22:17","03-01-2020 05:05","02-01-2020 23:12","2.35","2_39_78_363_2020-01-02 22:17:20.170082","2","CA-320","2-39-78-363","6.8","0.92"
"02-01-2020 22:23","03-01-2020 00:56","03-01-2020 00:56","17.075","2_39_139_28_2020-01-02 22:23:55.420890","2","CA-303","2-39-139-28","2.55","2.55"
"03-01-2020 00:03","03-01-2020 01:16","03-01-2020 00:33","0.913","2_39_89_25_2020-01-03 00:03:03.221895","2","CA-315","2-39-89-25","1.22","0.5"
"03-01-2020 02:50","03-01-2020 04:06","03-01-2020 04:05","8.768","2_39_139_28_2020-01-03 02:50:03.120616","2","CA-303","2-39-139-28","1.27","1.25"
"03-01-2020 16:14","04-01-2020 01:25","03-01-2020 19:00","10.325","2_39_78_366_2020-01-03 16:14:25.439593","2","CA-323","2-39-78-366","9.18","2.77"
"03-01-2020 16:19","03-01-2020 18:08","03-01-2020 18:09","0.84","2_39_79_380_2020-01-03 16:19:09.581564","2","CA-489","2-39-79-380","1.82","1.83"
"03-01-2020 16:37","04-01-2020 00:47","03-01-2020 18:05","4.426","2_39_89_25_2020-01-03 16:37:05.609840","2","CA-315","2-39-89-25","8.17","1.47"
"03-01-2020 17:14","04-01-2020 01:38","03-01-2020 17:43","0.807","2_39_79_379_2020-01-03 17:14:49.150327","2","CA-327","2-39-79-379","8.4","0.48"
"03-01-2020 17:40","03-01-2020 19:30","03-01-2020 19:30","12.489","2_39_139_28_2020-01-03 17:40:30.774361","2","CA-303","2-39-139-28","1.83","1.83"
"03-01-2020 17:48","03-01-2020 21:45","03-01-2020 21:46","0.914","2_39_79_377_2020-01-03 17:48:23.018957","2","CA-325","2-39-79-377","3.95","3.97"
"03-01-2020 17:50","04-01-2020 00:52","03-01-2020 19:07","4.008","2_39_123_23_2020-01-03 17:50:40.207600","2","CA-313","2-39-123-23","7.03","1.28"
"03-01-2020 18:08","03-01-2020 20:14","03-01-2020 18:38","0.812","2_39_79_380_2020-01-03 18:08:06.946951","2","CA-489","2-39-79-380","2.1","0.5"
"03-01-2020 18:23","03-01-2020 21:19","03-01-2020 19:36","3.713","2_39_92_442_2020-01-03 18:23:44.761404","2","CA-498","2-39-92-442","2.93","1.22"
"03-01-2020 18:40","04-01-2020 03:55","03-01-2020 23:08","9.566","2_39_126_20_2020-01-03 18:40:28.924098","2","CA-310","2-39-126-20","9.25","4.47"
"03-01-2020 19:04","04-01-2020 01:50","03-01-2020 20:11","3.695","2_39_131_30_2020-01-03 19:04:18.163790","2","CA-305","2-39-131-30","6.77","1.12"
"03-01-2020 19:10","03-01-2020 20:00","03-01-2020 20:00","2.804","2_39_130_31_2020-01-03 19:10:14.392450","2","CA-306","2-39-130-31","0.83","0.83"
"04-01-2020 00:59","04-01-2020 02:29","04-01-2020 02:29","4.98","2_39_123_23_2020-01-04 00:59:56.797170","2","CA-313","2-39-123-23","1.5","1.5"
"04-01-2020 02:19","04-01-2020 21:09","04-01-2020 05:34","11.271","2_39_139_28_2020-01-04 02:19:38.310090","2","CA-303","2-39-139-28","18.83","3.25"
"04-01-2020 03:21","04-01-2020 03:40","04-01-2020 03:41","2.127","2_39_131_30_2020-01-04 03:21:05.618565","2","CA-305","2-39-131-30","0.32","0.33"
"04-01-2020 16:03","05-01-2020 00:17","04-01-2020 16:33","0.845","2_39_131_30_2020-01-04 16:03:05.854880","2","CA-305","2-39-131-30","8.23","0.5"
"04-01-2020 16:35","04-01-2020 17:57","04-01-2020 17:57","8.696","2_39_129_17_2020-01-04 16:35:50.900297","2","CA-307","2-39-129-17","1.37","1.37"
"04-01-2020 16:45","05-01-2020 01:11","04-01-2020 23:48","47.386","2_39_79_377_2020-01-04 16:45:48.379080","2","CA-325","2-39-79-377","8.43","7.05"
"04-01-2020 17:36","04-01-2020 18:44","04-01-2020 18:43","3.64","2_39_128_18_2020-01-04 17:36:05.318091","2","CA-308","2-39-128-18","1.13","1.12"
"04-01-2020 19:20","04-01-2020 20:16","04-01-2020 20:16","0.879","2_39_129_17_2020-01-04 19:20:38.030150","2","CA-307","2-39-129-17","0.93","0.93"
"04-01-2020 20:13","04-01-2020 22:22","04-01-2020 21:07","2.505","2_39_125_21_2020-01-04 20:13:09.963739","2","CA-311","2-39-125-21","2.15","0.9"
"04-01-2020 23:36","05-01-2020 00:08","05-01-2020 00:09","0.79","2_39_127_19_2020-01-04 23:36:53.158060","2","CA-309","2-39-127-19","0.53","0.55"
"05-01-2020 00:08","05-01-2020 00:42","05-01-2020 00:40","0.787395278","2_39_127_19_2020-01-05 00:08:56.486738","2","CA-309","2-39-127-19","0.57","0.53"
"05-01-2020 00:14","05-01-2020 01:49","05-01-2020 00:44","0.877","2_39_138_29_2020-01-05 00:14:24.357979","2","CA-304","2-39-138-29","1.58","0.5"
"05-01-2020 00:42","05-01-2020 01:13","05-01-2020 01:13","0.778","2_39_126_20_2020-01-05 00:42:28.223622","2","CA-310","2-39-126-20","0.52","0.52"
"05-01-2020 02:20","05-01-2020 04:51","05-01-2020 04:22","9.222","2_39_129_17_2020-01-05 02:20:54.531254","2","CA-307","2-39-129-17","2.52","2.03"
"05-01-2020 02:30","05-01-2020 04:04","05-01-2020 04:04","5.423","2_39_89_25_2020-01-05 02:30:56.509870","2","CA-315","2-39-89-25","1.57","1.57"
"05-01-2020 17:22","05-01-2020 19:08","05-01-2020 18:56","4.689","2_39_89_25_2020-01-05 17:22:54.865827","2","CA-315","2-39-89-25","1.77","1.57"
"05-01-2020 19:52","05-01-2020 22:11","05-01-2020 20:30","1.441","2_39_79_380_2020-01-05 19:52:58.995281","2","CA-489","2-39-79-380","2.32","0.63"
"05-01-2020 20:31","06-01-2020 01:33","06-01-2020 00:14","12.918","2_39_139_28_2020-01-05 20:31:11.005412","2","CA-303","2-39-139-28","5.03","3.72"
"05-01-2020 20:31","06-01-2020 01:33","06-01-2020 01:33","0.994","2_39_131_30_2020-01-05 20:31:58.947706","2","CA-305","2-39-131-30","5.03","5.03"
"05-01-2020 23:06","06-01-2020 00:09","05-01-2020 23:50","2.077","2_39_127_19_2020-01-05 23:06:45.211244","2","CA-309","2-39-127-19","1.05","0.73"
"05-01-2020 23:27","06-01-2020 00:33","05-01-2020 23:58","0.85","2_39_79_379_2020-01-05 23:27:45.925246","2","CA-327","2-39-79-379","1.1","0.52"
"06-01-2020 15:54","07-01-2020 01:08","06-01-2020 20:45","24.261","2_39_78_366_2020-01-06 15:54:03.422821","2","CA-323","2-39-78-366","9.23","4.85"
"06-01-2020 15:58","06-01-2020 16:32","06-01-2020 16:29","0.831","2_39_79_380_2020-01-06 15:58:49.622769","2","CA-489","2-39-79-380","0.57","0.52"
"06-01-2020 16:07","07-01-2020 03:16","07-01-2020 03:15","16.006","2_39_79_379_2020-01-06 16:07:15.399027","2","CA-327","2-39-79-379","11.15","11.13"
"06-01-2020 16:26","07-01-2020 01:18","06-01-2020 20:48","0.964","2_39_139_28_2020-01-06 16:26:31.205980","2","CA-303","2-39-139-28","8.87","4.37"
"06-01-2020 16:27","06-01-2020 21:59","06-01-2020 16:48","1.296","2_39_79_377_2020-01-06 16:27:33.876128","2","CA-325","2-39-79-377","5.53","0.35"
"06-01-2020 16:38","07-01-2020 00:09","06-01-2020 21:11","15.822","2_39_131_30_2020-01-06 16:38:10.136068","2","CA-305","2-39-131-30","7.52","4.55"
"06-01-2020 16:38","06-01-2020 23:08","06-01-2020 20:46","0.943","2_39_129_17_2020-01-06 16:38:56.073904","2","CA-307","2-39-129-17","6.5","4.13"
"06-01-2020 16:41","07-01-2020 01:43","06-01-2020 19:55","21.338","2_39_79_382_2020-01-06 16:41:07.846325","2","CA-491","2-39-79-382","9.03","3.23"
"06-01-2020 16:51","06-01-2020 20:27","06-01-2020 17:40","2.213","2_39_138_29_2020-01-06 16:51:08.856990","2","CA-304","2-39-138-29","3.6","0.82"
"06-01-2020 17:08","07-01-2020 01:28","06-01-2020 18:19","3.9","2_39_127_19_2020-01-06 17:08:17.392912","2","CA-309","2-39-127-19","8.33","1.18"
"06-01-2020 17:19","07-01-2020 01:59","06-01-2020 18:39","6.01","2_39_78_365_2020-01-06 17:19:30.632305","2","CA-321","2-39-78-365","8.67","1.33"
"06-01-2020 17:27","07-01-2020 01:38","06-01-2020 23:07","30.26","2_39_78_363_2020-01-06 17:27:08.774394","2","CA-320","2-39-78-363","8.18","5.67"
"06-01-2020 17:31","06-01-2020 23:25","06-01-2020 20:48","0.8","2_39_130_31_2020-01-06 17:31:56.733009","2","CA-306","2-39-130-31","5.9","3.28"
"06-01-2020 17:37","07-01-2020 02:38","06-01-2020 18:24","1.411","2_39_89_25_2020-01-06 17:37:05.095406","2","CA-315","2-39-89-25","9.02","0.78"
"06-01-2020 17:48","07-01-2020 02:03","06-01-2020 19:43","5.961","2_39_95_27_2020-01-06 17:48:33.110861","2","CA-319","2-39-95-27","8.25","1.92"
"06-01-2020 17:56","07-01-2020 01:38","06-01-2020 19:24","4.293","2_39_90_440_2020-01-06 17:56:30.692525","2","CA-500","2-39-90-440","7.7","1.47"
"06-01-2020 18:02","07-01-2020 02:17","06-01-2020 19:59","5.884","2_39_91_437_2020-01-06 18:02:26.750975","2","CA-317","2-39-91-437","8.25","1.95"
"06-01-2020 18:07","07-01-2020 01:17","06-01-2020 19:15","3.43","2_39_125_21_2020-01-06 18:07:47.364420","2","CA-311","2-39-125-21","7.17","1.13"
"06-01-2020 18:16","06-01-2020 22:13","06-01-2020 20:23","7.141","2_39_90_26_2020-01-06 18:16:46.074695","2","CA-316","2-39-90-26","3.95","2.12"
"06-01-2020 18:47","07-01-2020 01:35","06-01-2020 19:17","2.471","2_39_78_364_2020-01-06 18:47:04.784079","2","CA-495","2-39-78-364","6.8","0.5"
"06-01-2020 19:55","07-01-2020 01:18","06-01-2020 21:30","4.693","2_39_79_383_2020-01-06 19:55:18.081734","2","CA-492","2-39-79-383","5.38","1.58"
"06-01-2020 20:39","06-01-2020 22:48","06-01-2020 22:07","3.343","2_39_78_360_2020-01-06 20:39:31.758198","2","CA-322","2-39-78-360","2.15","1.47"
"06-01-2020 21:30","06-01-2020 23:33","06-01-2020 21:50","0.591","2_39_92_436_2020-01-06 21:30:35.316299","2","CA-318","2-39-92-436","2.05","0.33"
"06-01-2020 23:47","07-01-2020 01:50","07-01-2020 01:06","3.926","2_39_130_31_2020-01-06 23:47:37.619088","2","CA-306","2-39-130-31","2.05","1.32"
"06-01-2020 23:54","07-01-2020 03:10","07-01-2020 00:24","0.846","2_39_129_17_2020-01-06 23:54:11.010552","2","CA-307","2-39-129-17","3.27","0.5"
"07-01-2020 00:51","07-01-2020 02:26","07-01-2020 01:21","0.888","2_39_131_30_2020-01-07 00:51:32.520469","2","CA-305","2-39-131-30","1.58","0.5"
"07-01-2020 16:02","08-01-2020 00:31","07-01-2020 20:40","1.381","2_39_79_380_2020-01-07 16:02:33.756969","2","CA-489","2-39-79-380","8.48","4.63"
"07-01-2020 16:08","08-01-2020 00:24","07-01-2020 16:46","3.158","2_39_79_377_2020-01-07 16:08:26.985548","2","CA-325","2-39-79-377","8.27","0.63"
"07-01-2020 16:14","08-01-2020 01:00","07-01-2020 23:20","11.31","2_39_139_28_2020-01-07 16:14:11.372907","2","CA-303","2-39-139-28","8.77","7.1"
"07-01-2020 16:18","07-01-2020 16:27","07-01-2020 16:27","0.812","2_39_78_366_2020-01-07 16:18:24.813262","2","CA-323","2-39-78-366","0.15","0.15"
"07-01-2020 16:34","08-01-2020 00:44","08-01-2020 00:11","28.575","2_39_78_367_2020-01-07 16:34:11.592579","2","CA-494","2-39-78-367","8.17","7.62"
"07-01-2020 16:41","08-01-2020 02:47","07-01-2020 23:20","0.99","2_39_124_558_2020-01-07 16:41:45.476338","2","CA-504","2-39-124-558","10.1","6.65"
"07-01-2020 16:44","08-01-2020 02:07","07-01-2020 23:11","0.852","2_39_78_366_2020-01-07 16:44:44.889177","2","CA-323","2-39-78-366","9.38","6.45"
"07-01-2020 16:48","08-01-2020 01:57","07-01-2020 19:54","20.334","2_39_79_379_2020-01-07 16:48:17.302526","2","CA-327","2-39-79-379","9.15","3.1"
"07-01-2020 17:07","08-01-2020 00:12","07-01-2020 18:29","4.073","2_39_89_25_2020-01-07 17:07:19.306022","2","CA-315","2-39-89-25","7.08","1.37"
"07-01-2020 17:09","08-01-2020 01:28","07-01-2020 19:30","8.983","2_39_78_360_2020-01-07 17:09:37.198411","2","CA-322","2-39-78-360","8.32","2.35"
"07-01-2020 17:18","08-01-2020 01:56","07-01-2020 18:50","10.451","2_39_95_27_2020-01-07 17:18:08.277614","2","CA-319","2-39-95-27","8.63","1.53"
"07-01-2020 17:56","07-01-2020 22:44","07-01-2020 22:27","0.961","2_39_78_363_2020-01-07 17:56:00.645488","2","CA-320","2-39-78-363","4.8","4.52"
"07-01-2020 18:01","08-01-2020 02:41","07-01-2020 20:30","17.273","2_39_95_444_2020-01-07 18:01:29.003460","2","CA-497","2-39-95-444","8.67","2.48"
"07-01-2020 18:02","07-01-2020 18:39","07-01-2020 18:33","0.992","2_39_78_361_2020-01-07 18:02:14.215729","2","CA-493","2-39-78-361","0.62","0.52"
"07-01-2020 18:18","08-01-2020 02:06","07-01-2020 20:18","12.102","2_39_91_437_2020-01-07 18:18:52.016000","2","CA-317","2-39-91-437","7.8","2"
"07-01-2020 18:19","08-01-2020 01:20","07-01-2020 18:45","0.736","2_39_79_376_2020-01-07 18:19:25.324169","2","CA-324","2-39-79-376","7.02","0.43"
"07-01-2020 18:41","08-01-2020 00:33","07-01-2020 20:23","3.346","2_39_79_383_2020-01-07 18:41:44.053230","2","CA-492","2-39-79-383","5.87","1.7"
"07-01-2020 19:11","08-01-2020 01:02","07-01-2020 20:23","3.527","2_39_130_31_2020-01-07 19:11:31.617969","2","CA-306","2-39-130-31","5.85","1.2"
"07-01-2020 19:18","08-01-2020 00:38","07-01-2020 21:50","15.039","2_39_78_361_2020-01-07 19:18:22.250952","2","CA-493","2-39-78-361","5.33","2.53"
"07-01-2020 20:11","08-01-2020 03:27","08-01-2020 00:14","22.382","2_39_123_23_2020-01-07 20:11:49.110350","2","CA-313","2-39-123-23","7.27","4.05"
"07-01-2020 20:19","08-01-2020 01:10","07-01-2020 21:25","3.352","2_39_88_24_2020-01-07 20:19:39.760082","2","CA-314","2-39-88-24","4.85","1.1"
"07-01-2020 20:29","07-01-2020 21:30","07-01-2020 21:30","3.436","2_39_79_381_2020-01-07 20:29:14.889944","2","CA-490","2-39-79-381","1.02","1.02"
"07-01-2020 20:37","08-01-2020 01:26","07-01-2020 21:50","2.328","2_39_90_26_2020-01-07 20:37:23.109854","2","CA-316","2-39-90-26","4.82","1.22"
"07-01-2020 20:44","08-01-2020 00:05","07-01-2020 22:49","13.449","2_39_129_17_2020-01-07 20:44:18.282719","2","CA-307","2-39-129-17","3.35","2.08"
"07-01-2020 20:55","07-01-2020 21:20","07-01-2020 21:20","0.679","2_39_126_20_2020-01-07 20:55:52.355261","2","CA-310","2-39-126-20","0.42","0.42"
"07-01-2020 21:18","07-01-2020 22:04","07-01-2020 22:04","1.913","2_39_138_29_2020-01-07 21:18:55.159507","2","CA-304","2-39-138-29","0.77","0.77"
"07-01-2020 21:22","08-01-2020 00:36","08-01-2020 00:35","4.443","2_39_131_30_2020-01-07 21:22:49.291498","2","CA-305","2-39-131-30","3.23","3.22"
"08-01-2020 00:02","08-01-2020 02:20","08-01-2020 02:01","6.083","2_39_127_19_2020-01-08 00:02:24.280980","2","CA-309","2-39-127-19","2.3","1.98"
"08-01-2020 00:24","08-01-2020 01:14","08-01-2020 01:08","0.971","2_39_138_29_2020-01-08 00:24:43.948203","2","CA-304","2-39-138-29","0.83","0.73"
"08-01-2020 01:13","08-01-2020 06:01","08-01-2020 05:41","15.307","2_39_139_28_2020-01-08 01:13:30.507280","2","CA-303","2-39-139-28","4.8","4.47"
"08-01-2020 01:18","08-01-2020 02:42","08-01-2020 01:55","1.425","2_39_131_30_2020-01-08 01:18:51.896007","2","CA-305","2-39-131-30","1.4","0.62"
"08-01-2020 03:07","08-01-2020 03:39","08-01-2020 03:38","0.902","2_39_129_17_2020-01-08 03:07:08.706728","2","CA-307","2-39-129-17","0.53","0.52"
"08-01-2020 03:34","08-01-2020 04:31","08-01-2020 04:31","1.309","2_39_138_29_2020-01-08 03:34:43.874159","2","CA-304","2-39-138-29","0.95","0.95"
"08-01-2020 03:43","08-01-2020 06:08","08-01-2020 06:08","15.08","2_39_128_18_2020-01-08 03:43:09.855899","2","CA-308","2-39-128-18","2.42","2.42"
"08-01-2020 16:01","08-01-2020 22:31","08-01-2020 21:44","0.867","2_39_79_380_2020-01-08 16:01:09.994789","2","CA-489","2-39-79-380","6.5","5.72"
"08-01-2020 16:12","09-01-2020 01:39","09-01-2020 00:24","15.141","2_39_78_366_2020-01-08 16:12:48.710988","2","CA-323","2-39-78-366","9.45","8.2"
"08-01-2020 16:32","08-01-2020 19:51","08-01-2020 16:58","1.609","2_39_79_377_2020-01-08 16:32:07.072408","2","CA-325","2-39-79-377","3.32","0.43"
"08-01-2020 16:36","09-01-2020 00:42","08-01-2020 17:31","2.616","2_39_138_29_2020-01-08 16:36:22.541067","2","CA-304","2-39-138-29","8.1","0.92"
"08-01-2020 16:41","09-01-2020 01:38","09-01-2020 01:00","1.017","2_39_78_363_2020-01-08 16:41:51.130310","2","CA-320","2-39-78-363","8.95","8.32"
"08-01-2020 16:45","09-01-2020 01:11","08-01-2020 18:43","6.326","2_39_79_379_2020-01-08 16:45:10.828203","2","CA-327","2-39-79-379","8.43","1.97"
"08-01-2020 16:51","09-01-2020 01:30","08-01-2020 20:04","20.866","2_39_79_382_2020-01-08 16:51:21.322414","2","CA-491","2-39-79-382","8.65","3.22"
"08-01-2020 17:03","09-01-2020 01:22","08-01-2020 18:42","4.989","2_39_89_25_2020-01-08 17:03:38.145516","2","CA-315","2-39-89-25","8.32","1.65"
"08-01-2020 17:08","09-01-2020 05:30","08-01-2020 18:09","1.95","2_39_91_437_2020-01-08 17:08:31.235522","2","CA-317","2-39-91-437","12.37","1.02"
"08-01-2020 17:09","09-01-2020 00:25","08-01-2020 18:57","10.929","2_39_92_436_2020-01-08 17:09:10.502784","2","CA-318","2-39-92-436","7.27","1.8"
"08-01-2020 17:16","08-01-2020 18:27","08-01-2020 18:27","3.605","2_39_79_381_2020-01-08 17:16:12.235518","2","CA-490","2-39-79-381","1.18","1.18"
"08-01-2020 17:34","08-01-2020 23:36","08-01-2020 23:37","9.225","2_39_78_362_2020-01-08 17:34:14.763455","2","CA-496","2-39-78-362","6.03","6.05"
"08-01-2020 17:57","09-01-2020 00:04","08-01-2020 19:57","12.886","2_39_139_28_2020-01-08 17:57:00.106655","2","CA-303","2-39-139-28","6.12","2"
"08-01-2020 18:01","09-01-2020 02:05","08-01-2020 20:23","13.13","2_39_79_376_2020-01-08 18:01:16.918074","2","CA-324","2-39-79-376","8.07","2.37"
"08-01-2020 19:29","08-01-2020 20:59","08-01-2020 19:59","0.79","2_39_124_22_2020-01-08 19:29:18.415205","2","CA-312","2-39-124-22","1.5","0.5"
"08-01-2020 19:56","09-01-2020 01:33","08-01-2020 21:54","6.249","2_39_123_23_2020-01-08 19:56:26.883685","2","CA-313","2-39-123-23","5.62","1.97"
"08-01-2020 20:23","08-01-2020 22:57","08-01-2020 22:40","7.41","2_39_92_442_2020-01-08 20:23:02.781043","2","CA-498","2-39-92-442","2.57","2.28"
"08-01-2020 20:45","09-01-2020 01:18","08-01-2020 22:38","5.862","2_39_79_383_2020-01-08 20:45:16.393274","2","CA-492","2-39-79-383","4.55","1.88"
"08-01-2020 20:58","09-01-2020 03:39","09-01-2020 01:00","22.388","2_39_131_30_2020-01-08 20:58:14.811792","2","CA-305","2-39-131-30","6.68","4.03"
"08-01-2020 21:05","09-01-2020 00:15","08-01-2020 23:02","6.756","2_39_78_360_2020-01-08 21:05:16.540896","2","CA-322","2-39-78-360","3.17","1.95"
"09-01-2020 02:07","09-01-2020 05:25","09-01-2020 05:25","11.746","2_39_139_28_2020-01-09 02:07:05.333312","2","CA-303","2-39-139-28","3.3","3.3"
"09-01-2020 04:43","09-01-2020 06:04","09-01-2020 06:03","4.627","2_39_126_20_2020-01-09 04:43:47.940850","2","CA-310","2-39-126-20","1.35","1.33"
"09-01-2020 16:04","09-01-2020 23:29","09-01-2020 16:34","0.843","2_39_79_380_2020-01-09 16:04:14.830518","2","CA-489","2-39-79-380","7.42","0.5"
"09-01-2020 16:10","09-01-2020 23:35","09-01-2020 19:59","13.202","2_39_139_28_2020-01-09 16:10:37.336926","2","CA-303","2-39-139-28","7.42","3.82"
"09-01-2020 16:19","09-01-2020 21:15","09-01-2020 17:48","9.424","2_39_78_367_2020-01-09 16:19:20.277716","2","CA-494","2-39-78-367","4.93","1.48"
"09-01-2020 16:33","10-01-2020 01:17","09-01-2020 16:56","1.369","2_39_79_379_2020-01-09 16:33:21.216720","2","CA-327","2-39-79-379","8.73","0.38"
"09-01-2020 16:42","10-01-2020 02:13","09-01-2020 19:56","20.438","2_39_79_376_2020-01-09 16:42:43.172172","2","CA-324","2-39-79-376","9.52","3.23"
"09-01-2020 16:46","10-01-2020 03:24","09-01-2020 19:58","9.887","2_39_128_562_2020-01-09 16:46:00.255020","2","CA-508","2-39-128-562","10.63","3.2"
"09-01-2020 16:48","10-01-2020 02:17","09-01-2020 18:22","4.716","2_39_78_360_2020-01-09 16:48:35.825092","2","CA-322","2-39-78-360","9.48","1.57"
"09-01-2020 16:57","10-01-2020 02:12","10-01-2020 01:09","27.671","2_39_92_442_2020-01-09 16:56:59.771282","2","CA-498","2-39-92-442","9.25","8.2"
"09-01-2020 17:06","10-01-2020 01:28","09-01-2020 23:23","0.845","2_39_78_366_2020-01-09 17:06:00.694759","2","CA-323","2-39-78-366","8.37","6.28"
"09-01-2020 17:08","10-01-2020 01:07","09-01-2020 20:06","10.759","2_39_131_30_2020-01-09 17:08:02.638904","2","CA-305","2-39-131-30","7.98","2.97"
"09-01-2020 17:16","09-01-2020 22:51","09-01-2020 21:08","2.744","2_39_78_365_2020-01-09 17:16:07.248740","2","CA-321","2-39-78-365","5.58","3.87"
"09-01-2020 17:27","10-01-2020 04:43","09-01-2020 18:50","4","2_39_89_25_2020-01-09 17:27:40.035050","2","CA-315","2-39-89-25","11.27","1.38"
"09-01-2020 17:51","10-01-2020 03:11","09-01-2020 19:08","7.565","2_39_79_377_2020-01-09 17:51:41.065598","2","CA-325","2-39-79-377","9.33","1.28"
"09-01-2020 18:02","09-01-2020 20:50","09-01-2020 18:36","1.265","2_39_130_31_2020-01-09 18:02:38.602392","2","CA-306","2-39-130-31","2.8","0.57"
"09-01-2020 18:10","10-01-2020 01:23","09-01-2020 19:35","4.396","2_39_123_23_2020-01-09 18:10:38.616395","2","CA-313","2-39-123-23","7.22","1.42"
"09-01-2020 18:11","10-01-2020 00:25","09-01-2020 20:14","12.278","2_39_92_436_2020-01-09 18:11:57.104589","2","CA-318","2-39-92-436","6.23","2.05"
"09-01-2020 18:16","10-01-2020 00:56","09-01-2020 20:14","5.801","2_39_79_381_2020-01-09 18:16:11.053695","2","CA-490","2-39-79-381","6.67","1.97"
"09-01-2020 18:37","09-01-2020 18:42","09-01-2020 18:42","0.527","2_39_78_361_2020-01-09 18:37:27.722288","2","CA-493","2-39-78-361","0.08","0.08"
"09-01-2020 18:38","10-01-2020 02:01","09-01-2020 19:52","8.502","2_39_95_27_2020-01-09 18:38:40.130714","2","CA-319","2-39-95-27","7.38","1.23"
"09-01-2020 18:40","09-01-2020 20:06","09-01-2020 19:56","6.888","2_39_125_21_2020-01-09 18:40:33.590799","2","CA-311","2-39-125-21","1.43","1.27"
"09-01-2020 18:40","10-01-2020 00:13","09-01-2020 21:19","4.134","2_39_129_17_2020-01-09 18:40:57.549588","2","CA-307","2-39-129-17","5.55","2.65"
"09-01-2020 18:46","10-01-2020 02:51","09-01-2020 20:08","4.39","2_39_91_437_2020-01-09 18:46:38.522743","2","CA-317","2-39-91-437","8.08","1.37"
"09-01-2020 18:55","09-01-2020 19:15","09-01-2020 19:15","0.664","2_39_90_26_2020-01-09 18:55:34.735498","2","CA-316","2-39-90-26","0.33","0.33"
"09-01-2020 19:00","10-01-2020 05:14","09-01-2020 23:33","0.902","2_39_78_361_2020-01-09 19:00:19.495083","2","CA-493","2-39-78-361","10.23","4.55"
"09-01-2020 19:02","09-01-2020 20:19","09-01-2020 20:19","8.029","2_39_128_18_2020-01-09 19:02:04.205474","2","CA-308","2-39-128-18","1.28","1.28"
"09-01-2020 19:05","10-01-2020 02:10","09-01-2020 21:00","11.897","2_39_91_441_2020-01-09 19:05:29.623166","2","CA-499","2-39-91-441","7.08","1.92"
"09-01-2020 20:33","10-01-2020 01:43","09-01-2020 21:53","2.618","2_39_95_444_2020-01-09 20:33:51.335572","2","CA-497","2-39-95-444","5.17","1.33"
"09-01-2020 20:37","09-01-2020 23:55","09-01-2020 21:57","2.802","2_39_88_24_2020-01-09 20:37:05.490074","2","CA-314","2-39-88-24","3.3","1.33"
"09-01-2020 20:57","09-01-2020 22:07","09-01-2020 21:28","0.901","2_39_78_364_2020-01-09 20:57:52.554476","2","CA-495","2-39-78-364","1.17","0.52"
"09-01-2020 21:39","10-01-2020 02:50","09-01-2020 22:25","1.972","2_39_125_21_2020-01-09 21:39:00.649715","2","CA-311","2-39-125-21","5.18","0.77"
"09-01-2020 21:50","10-01-2020 03:26","10-01-2020 03:26","37.041","2_39_138_29_2020-01-09 21:50:11.200177","2","CA-304","2-39-138-29","5.6","5.6"
"09-01-2020 23:51","10-01-2020 04:16","10-01-2020 02:23","0.923","2_39_78_365_2020-01-09 23:51:07.629784","2","CA-321","2-39-78-365","4.42","2.53"
"09-01-2020 23:59","10-01-2020 04:20","10-01-2020 01:20","3.985","2_39_139_28_2020-01-09 23:59:31.928819","2","CA-303","2-39-139-28","4.35","1.35"
"10-01-2020 01:54","10-01-2020 06:11","10-01-2020 06:11","15.375","2_39_123_23_2020-01-10 01:54:39.609365","2","CA-313","2-39-123-23","4.28","4.28"
"10-01-2020 02:04","10-01-2020 03:22","10-01-2020 03:13","3.204","2_39_128_18_2020-01-10 02:04:19.319550","2","CA-308","2-39-128-18","1.3","1.15"
"10-01-2020 02:18","10-01-2020 02:41","10-01-2020 02:41","0.657","2_39_129_17_2020-01-10 02:18:52.455484","2","CA-307","2-39-129-17","0.38","0.38"
"10-01-2020 02:42","10-01-2020 03:27","10-01-2020 03:27","1.632","2_39_131_30_2020-01-10 02:42:40.156450","2","CA-305","2-39-131-30","0.75","0.75"
"10-01-2020 03:34","10-01-2020 06:28","10-01-2020 06:07","15.866","2_39_129_17_2020-01-10 03:34:04.636200","2","CA-307","2-39-129-17","2.9","2.55"
"10-01-2020 04:20","10-01-2020 05:40","10-01-2020 05:40","9.097","2_39_138_29_2020-01-10 04:20:03.729404","2","CA-304","2-39-138-29","1.33","1.33"
"10-01-2020 12:22","10-01-2020 13:34","10-01-2020 13:34","7.329","2_39_128_18_2020-01-10 12:22:21.415749","2","CA-308","2-39-128-18","1.2","1.2"
"10-01-2020 15:02","10-01-2020 22:54","10-01-2020 20:21","13.725","2_39_78_365_2020-01-10 15:02:10.722596","2","CA-321","2-39-78-365","7.87","5.32"
"10-01-2020 15:07","10-01-2020 17:01","10-01-2020 16:44","4.895","2_39_89_25_2020-01-10 15:07:13.698290","2","CA-315","2-39-89-25","1.9","1.62"
"10-01-2020 15:37","11-01-2020 00:22","10-01-2020 18:07","9.301","2_39_139_28_2020-01-10 15:37:24.641066","2","CA-303","2-39-139-28","8.75","2.5"
"10-01-2020 15:59","11-01-2020 01:42","10-01-2020 19:30","3.727","2_39_79_382_2020-01-10 15:59:42.282278","2","CA-491","2-39-79-382","9.72","3.52"
"10-01-2020 16:03","10-01-2020 18:56","10-01-2020 18:57","0.874","2_39_79_380_2020-01-10 16:03:22.748851","2","CA-489","2-39-79-380","2.88","2.9"
"10-01-2020 16:13","11-01-2020 01:37","11-01-2020 00:32","16.885","2_39_78_366_2020-01-10 16:13:39.004329","2","CA-323","2-39-78-366","9.4","8.32"
"10-01-2020 16:29","10-01-2020 18:33","10-01-2020 17:09","2.389","2_39_78_363_2020-01-10 16:29:20.664199","2","CA-320","2-39-78-363","2.07","0.67"
"10-01-2020 16:34","10-01-2020 20:16","10-01-2020 20:16","9.525","2_39_78_367_2020-01-10 16:34:01.669780","2","CA-494","2-39-78-367","3.7","3.7"
"10-01-2020 16:34","11-01-2020 01:15","10-01-2020 17:05","0.872","2_39_79_379_2020-01-10 16:34:54.672609","2","CA-327","2-39-79-379","8.68","0.52"
"10-01-2020 16:43","10-01-2020 20:16","10-01-2020 20:17","2.054","2_39_91_437_2020-01-10 16:43:53.295588","2","CA-317","2-39-91-437","3.55","3.57"
"10-01-2020 17:13","11-01-2020 03:49","10-01-2020 18:22","3.797","2_39_131_30_2020-01-10 17:13:02.232231","2","CA-305","2-39-131-30","10.6","1.15"
"10-01-2020 17:32","11-01-2020 02:04","10-01-2020 19:49","15.847","2_39_89_25_2020-01-10 17:32:20.995510","2","CA-315","2-39-89-25","8.53","2.28"
"10-01-2020 17:38","11-01-2020 03:14","10-01-2020 19:31","11.41","2_39_79_376_2020-01-10 17:38:35.889025","2","CA-324","2-39-79-376","9.6","1.88"
"10-01-2020 17:40","11-01-2020 02:20","10-01-2020 19:47","14.174","2_39_95_27_2020-01-10 17:40:16.253899","2","CA-319","2-39-95-27","8.67","2.12"
"10-01-2020 17:46","11-01-2020 00:21","10-01-2020 19:49","13.308","2_39_129_17_2020-01-10 17:46:03.453731","2","CA-307","2-39-129-17","6.58","2.05"
"10-01-2020 17:47","10-01-2020 21:10","10-01-2020 19:53","7.029","2_39_78_360_2020-01-10 17:47:54.975387","2","CA-322","2-39-78-360","3.38","2.1"
"10-01-2020 18:03","11-01-2020 00:29","10-01-2020 20:08","12.25","2_39_79_383_2020-01-10 18:03:25.631999","2","CA-492","2-39-79-383","6.43","2.08"
"10-01-2020 18:07","10-01-2020 19:44","10-01-2020 18:39","0.895","2_39_128_18_2020-01-10 18:07:53.783300","2","CA-308","2-39-128-18","1.62","0.53"
"10-01-2020 18:09","11-01-2020 02:07","10-01-2020 18:41","1.206","2_39_130_31_2020-01-10 18:09:40.535964","2","CA-306","2-39-130-31","7.97","0.53"
"10-01-2020 18:19","10-01-2020 20:18","10-01-2020 18:49","0.758","2_39_91_441_2020-01-10 18:19:00.127170","2","CA-499","2-39-91-441","1.98","0.5"
"10-01-2020 18:29","11-01-2020 01:10","10-01-2020 20:55","7.667","2_39_125_21_2020-01-10 18:29:27.536902","2","CA-311","2-39-125-21","6.68","2.43"
"10-01-2020 18:34","11-01-2020 00:46","10-01-2020 19:38","4.116","2_39_127_19_2020-01-10 18:34:49.969865","2","CA-309","2-39-127-19","6.2","1.07"
"10-01-2020 18:55","11-01-2020 00:39","10-01-2020 20:14","3.903","2_39_89_439_2020-01-10 18:55:09.373990","2","CA-501","2-39-89-439","5.73","1.32"
"10-01-2020 18:57","10-01-2020 19:50","10-01-2020 19:27","0.788","2_39_79_380_2020-01-10 18:57:01.662057","2","CA-489","2-39-79-380","0.88","0.5"
"10-01-2020 19:05","11-01-2020 04:29","10-01-2020 21:31","14.7","2_39_78_363_2020-01-10 19:05:06.783940","2","CA-320","2-39-78-363","9.4","2.43"
"10-01-2020 19:26","10-01-2020 21:18","10-01-2020 21:16","0.977","2_39_123_23_2020-01-10 19:26:06.561288","2","CA-313","2-39-123-23","1.87","1.83"
"10-01-2020 20:08","10-01-2020 22:17","10-01-2020 21:34","4.295","2_39_79_380_2020-01-10 20:08:25.317353","2","CA-489","2-39-79-380","2.15","1.43"
"10-01-2020 20:17","10-01-2020 23:57","10-01-2020 21:44","3.387","2_39_91_437_2020-01-10 20:17:01.025315","2","CA-317","2-39-91-437","3.67","1.45"
"10-01-2020 20:22","11-01-2020 03:06","10-01-2020 21:45","4.697","2_39_128_18_2020-01-10 20:22:59.504137","2","CA-308","2-39-128-18","6.73","1.38"
"10-01-2020 20:29","11-01-2020 00:00","10-01-2020 21:45","0.85","2_39_79_377_2020-01-10 20:29:20.883269","2","CA-325","2-39-79-377","3.52","1.27"
"10-01-2020 20:49","11-01-2020 04:14","10-01-2020 21:49","1.933","2_39_126_20_2020-01-10 20:49:34.279646","2","CA-310","2-39-126-20","7.42","1"
"10-01-2020 20:55","11-01-2020 01:07","10-01-2020 21:41","1.94","2_39_78_367_2020-01-10 20:55:15.719620","2","CA-494","2-39-78-367","4.2","0.77"
"10-01-2020 22:57","11-01-2020 01:06","11-01-2020 00:07","6.545","2_39_123_23_2020-01-10 22:57:12.247786","2","CA-313","2-39-123-23","2.15","1.17"
"10-01-2020 23:12","11-01-2020 01:18","11-01-2020 00:26","3.687","2_39_90_440_2020-01-10 23:12:17.309494","2","CA-500","2-39-90-440","2.1","1.23"
"11-01-2020 01:13","11-01-2020 01:49","11-01-2020 01:49","2.056","2_39_139_28_2020-01-11 01:13:48.283333","2","CA-303","2-39-139-28","0.6","0.6"
"11-01-2020 14:27","11-01-2020 18:35","","15.707","2_39_138_29_2020-01-11 14:27:47.009281","2","CA-304","2-39-138-29","4.13",""
"11-01-2020 16:36","11-01-2020 22:53","","0.98","2_39_79_380_2020-01-11 16:36:16.186418","2","CA-489","2-39-79-380","6.28",""
"11-01-2020 17:30","11-01-2020 22:05","","17.409","2_39_129_17_2020-01-11 17:30:40.238574","2","CA-307","2-39-129-17","4.58",""
"11-01-2020 19:08","11-01-2020 20:17","","2.063","2_39_139_28_2020-01-11 19:08:49.044392","2","CA-303","2-39-139-28","1.15",""
"11-01-2020 22:48","12-01-2020 01:19","","8.84","2_39_91_437_2020-01-11 22:48:51.888774","2","CA-317","2-39-91-437","2.52",""
"11-01-2020 22:54","12-01-2020 03:52","","24.904","2_39_79_377_2020-01-11 22:54:12.409746","2","CA-325","2-39-79-377","4.97",""
"11-01-2020 22:59","12-01-2020 01:10","","5.473","2_39_131_30_2020-01-11 22:59:13.622831","2","CA-305","2-39-131-30","2.18",""
"12-01-2020 16:43","13-01-2020 16:20","13-01-2020 13:50","33.232","2_39_131_30_2020-01-12 16:43:28.787116","2","CA-305","2-39-131-30","23.62","21.12"
"12-01-2020 17:05","12-01-2020 17:28","","0.675","2_39_129_17_2020-01-12 17:05:47.799340","2","CA-307","2-39-129-17","0.38",""
"12-01-2020 18:00","13-01-2020 02:02","12-01-2020 20:12","7.883","2_39_129_17_2020-01-12 17:59:55.842623","2","CA-307","2-39-129-17","8.03","2.2"
"12-01-2020 20:05","12-01-2020 22:03","12-01-2020 22:03","6.77","2_39_89_25_2020-01-12 20:05:23.222211","2","CA-315","2-39-89-25","1.97","1.97"
"13-01-2020 01:41","13-01-2020 02:34","13-01-2020 02:23","1.791","2_39_139_28_2020-01-13 01:41:21.633908","2","CA-303","2-39-139-28","0.88","0.7"
"13-01-2020 01:41","13-01-2020 03:44","13-01-2020 03:33","5.68","2_39_127_19_2020-01-13 01:41:46.087820","2","CA-309","2-39-127-19","2.05","1.87"
"13-01-2020 02:08","14-01-2020 01:24","13-01-2020 09:52","51.459","2_39_129_17_2020-01-13 02:08:53.683125","2","CA-307","2-39-129-17","23.27","7.73"
"13-01-2020 02:40","13-01-2020 06:03","13-01-2020 05:23","16.661","2_39_139_28_2020-01-13 02:40:40.200795","2","CA-303","2-39-139-28","3.38","2.72"
"13-01-2020 14:10","13-01-2020 23:55","13-01-2020 18:13","20.9","2_39_79_379_2020-01-13 14:10:41.235156","2","CA-327","2-39-79-379","9.75","4.05"
"13-01-2020 14:47","13-01-2020 16:19","13-01-2020 16:19","5.097","2_39_89_25_2020-01-13 14:47:21.928085","2","CA-315","2-39-89-25","1.53","1.53"
"13-01-2020 15:08","14-01-2020 22:12","13-01-2020 19:50","13.753","2_39_95_27_2020-01-13 15:08:49.156069","2","CA-319","2-39-95-27","31.07","4.7"
"13-01-2020 15:50","14-01-2020 02:15","13-01-2020 21:08","7.886","2_39_138_29_2020-01-13 15:49:48.727469","2","CA-304","2-39-138-29","10.42","5.3"
"13-01-2020 16:12","14-01-2020 01:18","14-01-2020 00:37","33.701","2_39_79_376_2020-01-13 16:12:35.556842","2","CA-324","2-39-79-376","9.1","8.42"
"13-01-2020 16:21","14-01-2020 01:26","14-01-2020 00:59","24.591","2_39_79_381_2020-01-13 16:21:09.500980","2","CA-490","2-39-79-381","9.08","8.63"
"13-01-2020 16:41","13-01-2020 23:29","13-01-2020 19:34","5.22","2_39_79_377_2020-01-13 16:41:22.224840","2","CA-325","2-39-79-377","6.8","2.88"
"13-01-2020 16:44","14-01-2020 04:12","13-01-2020 20:23","8.289","2_39_124_558_2020-01-13 16:44:19.002518","2","CA-504","2-39-124-558","11.47","3.65"
"13-01-2020 16:45","14-01-2020 01:11","13-01-2020 23:15","39.885","2_39_90_26_2020-01-13 16:45:39.410359","2","CA-316","2-39-90-26","8.43","6.5"
"13-01-2020 16:47","14-01-2020 01:12","13-01-2020 20:06","6.119","2_39_79_378_2020-01-13 16:47:28.380862","2","CA-326","2-39-79-378","8.42","3.32"
"13-01-2020 16:47","14-01-2020 00:26","14-01-2020 00:27","25.988","2_39_78_362_2020-01-13 16:47:52.309348","2","CA-496","2-39-78-362","7.65","7.67"
"13-01-2020 16:49","13-01-2020 20:57","13-01-2020 20:54","18.838","2_39_92_436_2020-01-13 16:49:50.299522","2","CA-318","2-39-92-436","4.13","4.08"
"13-01-2020 16:57","13-01-2020 19:42","13-01-2020 19:41","3.223","2_39_79_383_2020-01-13 16:57:08.906396","2","CA-492","2-39-79-383","2.75","2.73"
"13-01-2020 16:59","13-01-2020 23:16","13-01-2020 18:04","2.953","2_39_130_31_2020-01-13 16:59:45.109037","2","CA-306","2-39-130-31","6.28","1.08"
"13-01-2020 17:02","13-01-2020 18:21","13-01-2020 18:21","7.215","2_39_127_19_2020-01-13 17:02:27.072412","2","CA-309","2-39-127-19","1.32","1.32"
"13-01-2020 17:06","14-01-2020 00:17","13-01-2020 22:02","21.277","2_39_92_442_2020-01-13 17:06:13.422989","2","CA-498","2-39-92-442","7.18","4.93"
"13-01-2020 17:07","14-01-2020 03:12","13-01-2020 18:37","4.374","2_39_131_30_2020-01-13 17:07:38.833700","2","CA-305","2-39-131-30","10.08","1.5"
"13-01-2020 17:12","13-01-2020 20:45","13-01-2020 20:45","22.131","2_39_78_365_2020-01-13 17:12:27.297864","2","CA-321","2-39-78-365","3.55","3.55"
"13-01-2020 17:13","14-01-2020 03:13","13-01-2020 22:42","11.893","2_39_79_380_2020-01-13 17:13:32.897293","2","CA-489","2-39-79-380","10","5.48"
"13-01-2020 17:14","14-01-2020 02:10","13-01-2020 18:20","6.915","2_39_91_437_2020-01-13 17:14:53.229403","2","CA-317","2-39-91-437","8.93","1.1"
"13-01-2020 17:22","13-01-2020 20:27","13-01-2020 19:33","13.246","2_39_125_21_2020-01-13 17:22:55.679806","2","CA-311","2-39-125-21","3.08","2.18"
"13-01-2020 17:24","14-01-2020 01:28","14-01-2020 01:11","0.918","2_39_78_364_2020-01-13 17:24:26.198237","2","CA-495","2-39-78-364","8.07","7.78"
"13-01-2020 17:30","13-01-2020 20:38","13-01-2020 19:04","4.816","2_39_123_23_2020-01-13 17:30:20.307508","2","CA-313","2-39-123-23","3.13","1.57"
"13-01-2020 17:34","14-01-2020 01:44","14-01-2020 01:44","14.973","2_39_79_382_2020-01-13 17:34:34.281043","2","CA-491","2-39-79-382","8.17","8.17"
"13-01-2020 17:47","13-01-2020 18:16","13-01-2020 18:16","0.782","2_39_126_20_2020-01-13 17:47:38.593981","2","CA-310","2-39-126-20","0.48","0.48"
"13-01-2020 17:49","14-01-2020 01:12","13-01-2020 22:04","13.673","2_39_89_25_2020-01-13 17:49:41.334141","2","CA-315","2-39-89-25","7.38","4.25"
"13-01-2020 17:53","14-01-2020 01:26","13-01-2020 21:00","4.88","2_39_90_440_2020-01-13 17:53:53.033495","2","CA-500","2-39-90-440","7.55","3.12"
"13-01-2020 17:58","14-01-2020 03:11","13-01-2020 20:30","15.546","2_39_88_438_2020-01-13 17:58:38.876197","2","CA-502","2-39-88-438","9.22","2.53"
"13-01-2020 18:11","14-01-2020 01:54","13-01-2020 22:00","12.124","2_39_95_444_2020-01-13 18:11:37.109301","2","CA-497","2-39-95-444","7.72","3.82"
"13-01-2020 18:12","14-01-2020 02:37","14-01-2020 01:49","47.727","2_39_91_441_2020-01-13 18:12:50.500061","2","CA-499","2-39-91-441","8.42","7.62"
"13-01-2020 18:17","13-01-2020 20:01","13-01-2020 19:07","0.84","2_39_88_24_2020-01-13 18:17:48.713348","2","CA-314","2-39-88-24","1.73","0.83"
"13-01-2020 18:22","14-01-2020 01:23","13-01-2020 22:26","5.956","2_39_124_22_2020-01-13 18:22:26.618933","2","CA-312","2-39-124-22","7.02","4.07"
"13-01-2020 18:38","14-01-2020 02:47","13-01-2020 20:29","11.161","2_39_127_19_2020-01-13 18:38:08.833162","2","CA-309","2-39-127-19","8.15","1.85"
"13-01-2020 19:26","13-01-2020 22:52","13-01-2020 22:31","4.429","2_39_78_366_2020-01-13 19:26:13.250677","2","CA-323","2-39-78-366","3.43","3.08"
"13-01-2020 20:23","14-01-2020 01:18","13-01-2020 22:09","4.411","2_39_79_383_2020-01-13 20:23:14.430818","2","CA-492","2-39-79-383","4.92","1.77"
"13-01-2020 20:42","14-01-2020 01:50","13-01-2020 21:34","2.186","2_39_123_23_2020-01-13 20:42:57.625646","2","CA-313","2-39-123-23","5.13","0.87"
"13-01-2020 20:43","14-01-2020 03:32","13-01-2020 22:51","6.945","2_39_78_363_2020-01-13 20:43:00.222217","2","CA-320","2-39-78-363","6.82","2.13"
"13-01-2020 20:51","14-01-2020 02:02","14-01-2020 00:39","25.851","2_39_126_20_2020-01-13 20:51:37.164904","2","CA-310","2-39-126-20","5.18","3.8"
"13-01-2020 20:53","14-01-2020 01:50","13-01-2020 23:28","8.661","2_39_125_21_2020-01-13 20:53:43.885574","2","CA-311","2-39-125-21","4.95","2.58"
"13-01-2020 20:56","14-01-2020 02:19","13-01-2020 22:42","0.912","2_39_78_367_2020-01-13 20:56:46.934073","2","CA-494","2-39-78-367","5.38","1.77"
"13-01-2020 21:15","14-01-2020 02:42","13-01-2020 21:49","1.007","2_39_92_436_2020-01-13 21:15:30.359462","2","CA-318","2-39-92-436","5.45","0.57"
"13-01-2020 23:40","14-01-2020 00:57","14-01-2020 00:57","7.668","2_39_128_18_2020-01-13 23:40:25.690185","2","CA-308","2-39-128-18","1.28","1.28"
"14-01-2020 01:01","14-01-2020 01:37","14-01-2020 01:37","0.995","2_39_79_379_2020-01-14 01:01:13.446241","2","CA-327","2-39-79-379","0.6","0.6"
"14-01-2020 02:42","14-01-2020 03:01","14-01-2020 03:00","0.571","2_39_129_17_2020-01-14 02:42:39.192967","2","CA-307","2-39-129-17","0.32","0.3"
"14-01-2020 15:18","15-01-2020 02:03","14-01-2020 19:23","21.662","2_39_79_379_2020-01-14 15:18:30.984173","2","CA-327","2-39-79-379","10.75","4.08"
"14-01-2020 15:42","15-01-2020 00:11","14-01-2020 17:24","4.956","2_39_139_28_2020-01-14 15:42:29.065600","2","CA-303","2-39-139-28","8.48","1.7"
"14-01-2020 16:04","14-01-2020 17:18","14-01-2020 16:35","0.826","2_39_79_380_2020-01-14 16:04:50.198233","2","CA-489","2-39-79-380","1.23","0.52"
"14-01-2020 16:12","14-01-2020 21:30","14-01-2020 20:31","11.789","2_39_79_377_2020-01-14 16:12:16.937487","2","CA-325","2-39-79-377","5.3","4.32"
"14-01-2020 16:13","14-01-2020 22:04","14-01-2020 22:03","0.853","2_39_78_366_2020-01-14 16:13:43.026367","2","CA-323","2-39-78-366","5.85","5.83"
"14-01-2020 16:16","15-01-2020 01:14","15-01-2020 01:14","5.686","2_39_78_364_2020-01-14 16:16:15.068078","2","CA-495","2-39-78-364","8.97","8.97"
"14-01-2020 16:33","15-01-2020 01:06","15-01-2020 00:48","7.909","2_39_78_365_2020-01-14 16:33:14.448206","2","CA-321","2-39-78-365","8.55","8.25"
"14-01-2020 16:46","15-01-2020 00:36","15-01-2020 00:35","10.421","2_39_78_367_2020-01-14 16:46:14.913566","2","CA-494","2-39-78-367","7.83","7.82"
"14-01-2020 16:46","15-01-2020 02:29","14-01-2020 18:45","6.035","2_39_90_440_2020-01-14 16:46:57.407896","2","CA-500","2-39-90-440","9.72","1.98"
"14-01-2020 16:48","15-01-2020 02:51","15-01-2020 02:52","1.022","2_39_79_381_2020-01-14 16:48:07.932007","2","CA-490","2-39-79-381","10.05","10.07"
"14-01-2020 16:50","14-01-2020 20:08","14-01-2020 18:46","5.827","2_39_91_437_2020-01-14 16:50:46.879437","2","CA-317","2-39-91-437","3.3","1.93"
"14-01-2020 16:52","15-01-2020 01:42","14-01-2020 18:51","6.086","2_39_79_376_2020-01-14 16:52:02.702407","2","CA-324","2-39-79-376","8.83","1.98"
"14-01-2020 17:08","15-01-2020 02:48","14-01-2020 18:21","3.912","2_39_127_19_2020-01-14 17:08:57.914964","2","CA-309","2-39-127-19","9.67","1.22"
"14-01-2020 17:11","15-01-2020 01:52","14-01-2020 20:52","21.892","2_39_89_25_2020-01-14 17:11:58.288224","2","CA-315","2-39-89-25","8.68","3.68"
"14-01-2020 17:12","15-01-2020 02:40","14-01-2020 19:40","14.106","2_39_79_383_2020-01-14 17:12:53.948416","2","CA-492","2-39-79-383","9.47","2.47"
"14-01-2020 17:13","15-01-2020 02:15","14-01-2020 20:15","9.271","2_39_129_17_2020-01-14 17:13:40.832865","2","CA-307","2-39-129-17","9.03","3.03"
"14-01-2020 17:21","14-01-2020 18:38","14-01-2020 18:38","7.196","2_39_78_363_2020-01-14 17:21:14.825122","2","CA-320","2-39-78-363","1.28","1.28"
"14-01-2020 17:25","15-01-2020 01:01","14-01-2020 18:52","4.197","2_39_91_441_2020-01-14 17:25:09.751477","2","CA-499","2-39-91-441","7.6","1.45"
"14-01-2020 17:38","15-01-2020 02:56","14-01-2020 20:26","16.914","2_39_78_360_2020-01-14 17:38:56.229672","2","CA-322","2-39-78-360","9.3","2.8"
"14-01-2020 17:58","15-01-2020 03:13","14-01-2020 19:55","11.77","2_39_92_436_2020-01-14 17:58:03.902726","2","CA-318","2-39-92-436","9.25","1.95"
"14-01-2020 18:03","15-01-2020 01:32","15-01-2020 01:10","0.808","2_39_90_26_2020-01-14 18:03:05.109638","2","CA-316","2-39-90-26","7.48","7.12"
"14-01-2020 18:03","14-01-2020 21:47","14-01-2020 19:51","11.504","2_39_92_442_2020-01-14 18:03:29.304566","2","CA-498","2-39-92-442","3.73","1.8"
"14-01-2020 18:04","15-01-2020 01:38","14-01-2020 22:40","5.78","2_39_123_23_2020-01-14 18:04:24.211925","2","CA-313","2-39-123-23","7.57","4.6"
"14-01-2020 18:20","14-01-2020 20:47","14-01-2020 20:47","8.355","2_39_128_18_2020-01-14 18:20:54.228524","2","CA-308","2-39-128-18","2.45","2.45"
"14-01-2020 18:21","14-01-2020 20:23","14-01-2020 19:00","2.095","2_39_88_438_2020-01-14 18:21:57.448874","2","CA-502","2-39-88-438","2.03","0.65"
"14-01-2020 18:23","14-01-2020 20:09","14-01-2020 20:09","5.502","2_39_88_24_2020-01-14 18:22:55.099175","2","CA-314","2-39-88-24","1.77","1.77"
"14-01-2020 18:44","15-01-2020 03:14","14-01-2020 21:37","12.961","2_39_130_31_2020-01-14 18:44:30.931641","2","CA-306","2-39-130-31","8.5","2.88"
"14-01-2020 18:45","15-01-2020 01:10","14-01-2020 19:35","1.649","2_39_126_20_2020-01-14 18:45:24.034510","2","CA-310","2-39-126-20","6.42","0.83"
"14-01-2020 18:45","14-01-2020 19:11","14-01-2020 19:11","1.117","2_39_78_361_2020-01-14 18:45:28.916754","2","CA-493","2-39-78-361","0.43","0.43"
"14-01-2020 19:26","15-01-2020 02:53","15-01-2020 01:21","39.881","2_39_124_22_2020-01-14 19:26:08.205980","2","CA-312","2-39-124-22","7.45","5.92"
"14-01-2020 19:29","15-01-2020 02:06","14-01-2020 22:33","0.928","2_39_78_361_2020-01-14 19:29:12.681273","2","CA-493","2-39-78-361","6.62","3.07"
"14-01-2020 19:40","15-01-2020 00:39","14-01-2020 22:31","11.567","2_39_95_444_2020-01-14 19:40:47.313892","2","CA-497","2-39-95-444","4.98","2.85"
"14-01-2020 20:07","14-01-2020 23:44","14-01-2020 22:34","0.82","2_39_78_363_2020-01-14 20:07:00.570283","2","CA-320","2-39-78-363","3.62","2.45"
"14-01-2020 20:45","14-01-2020 22:06","14-01-2020 22:06","9.118","2_39_91_437_2020-01-14 20:45:03.090103","2","CA-317","2-39-91-437","1.35","1.35"
"14-01-2020 20:53","15-01-2020 02:31","14-01-2020 22:50","6.412","2_39_88_24_2020-01-14 20:53:03.357260","2","CA-314","2-39-88-24","5.63","1.95"
"14-01-2020 21:01","15-01-2020 01:14","14-01-2020 21:49","1.997","2_39_128_18_2020-01-14 21:01:13.394849","2","CA-308","2-39-128-18","4.22","0.8"
"14-01-2020 22:19","15-01-2020 01:55","14-01-2020 23:45","5.084","2_39_79_378_2020-01-14 22:19:31.301202","2","CA-326","2-39-79-378","3.6","1.43"
"14-01-2020 22:21","15-01-2020 03:04","15-01-2020 01:10","0.912","2_39_78_366_2020-01-14 22:21:44.815614","2","CA-323","2-39-78-366","4.72","2.82"
"14-01-2020 23:19","15-01-2020 02:44","15-01-2020 01:36","7.115","2_39_91_437_2020-01-14 23:19:31.909198","2","CA-317","2-39-91-437","3.42","2.28"
"14-01-2020 23:47","15-01-2020 00:26","15-01-2020 00:24","0.915","2_39_78_363_2020-01-14 23:47:03.484702","2","CA-320","2-39-78-363","0.65","0.62"
"14-01-2020 23:52","15-01-2020 01:31","15-01-2020 01:30","5.394","2_39_95_27_2020-01-14 23:52:16.480587","2","CA-319","2-39-95-27","1.65","1.63"
"15-01-2020 00:12","15-01-2020 02:27","15-01-2020 02:13","12.187","2_39_79_382_2020-01-15 00:12:37.942812","2","CA-491","2-39-79-382","2.25","2.02"
"15-01-2020 02:51","15-01-2020 04:23","15-01-2020 03:43","0.938","2_39_79_381_2020-01-15 02:51:41.886890","2","CA-490","2-39-79-381","1.53","0.87"
"15-01-2020 02:57","15-01-2020 03:34","15-01-2020 03:34","1.327","2_39_139_28_2020-01-15 02:57:54.910302","2","CA-303","2-39-139-28","0.62","0.62"
"15-01-2020 03:09","15-01-2020 05:05","15-01-2020 05:05","13.406","2_39_79_377_2020-01-15 03:09:17.118897","2","CA-325","2-39-79-377","1.93","1.93"
"15-01-2020 04:19","15-01-2020 05:53","15-01-2020 05:53","10.748","2_39_139_28_2020-01-15 04:19:13.289389","2","CA-303","2-39-139-28","1.57","1.57"
"15-01-2020 12:16","15-01-2020 14:19","15-01-2020 14:19","12.955","2_39_131_30_2020-01-15 12:16:21.656490","2","CA-305","2-39-131-30","2.05","2.05"
"15-01-2020 14:29","16-01-2020 17:18","15-01-2020 20:06","14.574","2_39_78_365_2020-01-15 14:29:56.013536","2","CA-321","2-39-78-365","26.82","5.62"
"15-01-2020 15:59","15-01-2020 21:52","15-01-2020 17:54","0.845","2_39_79_380_2020-01-15 15:59:38.144201","2","CA-489","2-39-79-380","5.88","1.92"
"15-01-2020 16:11","16-01-2020 01:37","16-01-2020 00:34","17.566","2_39_78_366_2020-01-15 16:11:32.916230","2","CA-323","2-39-78-366","9.43","8.38"
"15-01-2020 16:14","16-01-2020 01:17","15-01-2020 22:53","34.699","2_39_79_382_2020-01-15 16:14:17.222888","2","CA-491","2-39-79-382","9.05","6.65"
"15-01-2020 16:15","16-01-2020 01:37","16-01-2020 01:12","11.289","2_39_139_28_2020-01-15 16:15:38.720531","2","CA-303","2-39-139-28","9.37","8.95"
"15-01-2020 16:50","16-01-2020 00:49","15-01-2020 23:50","13.449","2_39_78_364_2020-01-15 16:50:25.707168","2","CA-495","2-39-78-364","7.98","7"
"15-01-2020 16:58","16-01-2020 02:08","16-01-2020 02:08","8.717","2_39_125_21_2020-01-15 16:58:29.766074","2","CA-311","2-39-125-21","9.17","9.17"
"15-01-2020 16:59","16-01-2020 02:49","15-01-2020 19:00","6.222","2_39_79_379_2020-01-15 16:59:42.512914","2","CA-327","2-39-79-379","9.83","2.02"
"15-01-2020 17:02","16-01-2020 02:44","15-01-2020 19:20","5.888","2_39_127_19_2020-01-15 17:02:40.148160","2","CA-309","2-39-127-19","9.7","2.3"
"15-01-2020 17:03","16-01-2020 00:13","15-01-2020 17:58","5.682","2_39_129_17_2020-01-15 17:03:38.086308","2","CA-307","2-39-129-17","7.17","0.92"
"15-01-2020 17:08","15-01-2020 19:51","15-01-2020 19:51","5.955","2_39_78_361_2020-01-15 17:08:03.635883","2","CA-493","2-39-78-361","2.72","2.72"
"15-01-2020 17:14","16-01-2020 00:18","15-01-2020 18:50","4.571","2_39_89_25_2020-01-15 17:14:07.905052","2","CA-315","2-39-89-25","7.07","1.6"
"15-01-2020 17:15","16-01-2020 03:52","15-01-2020 22:49","0.959560556","2_39_79_378_2020-01-15 17:15:37.110160","2","CA-326","2-39-79-378","10.62","5.57"
"15-01-2020 17:24","16-01-2020 01:37","15-01-2020 19:21","6.139","2_39_79_376_2020-01-15 17:24:12.849649","2","CA-324","2-39-79-376","8.22","1.95"
"15-01-2020 17:30","16-01-2020 01:11","15-01-2020 21:28","11.333","2_39_124_22_2020-01-15 17:30:24.798024","2","CA-312","2-39-124-22","7.68","3.97"
"15-01-2020 17:34","16-01-2020 01:34","16-01-2020 00:01","16.926","2_39_79_381_2020-01-15 17:34:40.208591","2","CA-490","2-39-79-381","8","6.45"
"15-01-2020 17:43","16-01-2020 02:02","15-01-2020 18:52","3.624","2_39_123_23_2020-01-15 17:43:15.569289","2","CA-313","2-39-123-23","8.32","1.15"
"15-01-2020 17:59","16-01-2020 02:29","15-01-2020 18:59","6.72","2_39_95_27_2020-01-15 17:59:54.590592","2","CA-319","2-39-95-27","8.5","1"
"15-01-2020 18:05","16-01-2020 00:15","15-01-2020 22:49","11.9","2_39_78_363_2020-01-15 18:05:50.228270","2","CA-320","2-39-78-363","6.17","4.73"
"15-01-2020 18:09","16-01-2020 02:09","15-01-2020 20:24","12.305","2_39_92_442_2020-01-15 18:09:51.086363","2","CA-498","2-39-92-442","8","2.25"
"15-01-2020 18:11","16-01-2020 03:15","15-01-2020 20:05","11.474","2_39_92_436_2020-01-15 18:11:35.451295","2","CA-318","2-39-92-436","9.07","1.9"
"15-01-2020 18:15","16-01-2020 01:13","15-01-2020 23:26","26.044","2_39_79_377_2020-01-15 18:15:33.952776","2","CA-325","2-39-79-377","6.97","5.18"
"15-01-2020 18:16","16-01-2020 02:09","15-01-2020 19:56","4.922","2_39_138_29_2020-01-15 18:16:24.924266","2","CA-304","2-39-138-29","7.88","1.67"
"15-01-2020 18:23","16-01-2020 01:47","15-01-2020 19:48","4.243","2_39_91_437_2020-01-15 18:23:11.524557","2","CA-317","2-39-91-437","7.4","1.42"
"15-01-2020 18:29","15-01-2020 20:12","15-01-2020 20:12","6.077","2_39_130_31_2020-01-15 18:29:33.303798","2","CA-306","2-39-130-31","1.72","1.72"
"15-01-2020 18:39","15-01-2020 22:48","15-01-2020 20:09","4.109","2_39_128_18_2020-01-15 18:39:37.394234","2","CA-308","2-39-128-18","4.15","1.5"
"15-01-2020 18:39","16-01-2020 01:22","15-01-2020 19:35","1.794","2_39_90_26_2020-01-15 18:39:43.871578","2","CA-316","2-39-90-26","6.72","0.93"
"15-01-2020 19:12","16-01-2020 02:52","15-01-2020 22:54","25.256","2_39_95_444_2020-01-15 19:12:28.924612","2","CA-497","2-39-95-444","7.67","3.7"
"15-01-2020 20:08","15-01-2020 20:58","15-01-2020 20:57","0.905","2_39_78_361_2020-01-15 20:08:28.174839","2","CA-493","2-39-78-361","0.83","0.82"
"15-01-2020 20:30","16-01-2020 02:11","16-01-2020 00:36","26.496","2_39_90_440_2020-01-15 20:30:58.930130","2","CA-500","2-39-90-440","5.68","4.1"
"15-01-2020 20:42","16-01-2020 00:00","15-01-2020 21:59","2.537","2_39_88_24_2020-01-15 20:42:40.718691","2","CA-314","2-39-88-24","3.3","1.28"
"15-01-2020 20:55","16-01-2020 02:42","15-01-2020 22:57","6.679","2_39_88_438_2020-01-15 20:55:22.621963","2","CA-502","2-39-88-438","5.78","2.03"
"15-01-2020 21:09","16-01-2020 00:25","15-01-2020 22:11","3.838","2_39_130_31_2020-01-15 21:09:24.740555","2","CA-306","2-39-130-31","3.27","1.03"
"15-01-2020 21:15","16-01-2020 02:19","15-01-2020 22:48","0.871","2_39_78_361_2020-01-15 21:15:15.267466","2","CA-493","2-39-78-361","5.07","1.55"
"15-01-2020 21:55","16-01-2020 03:12","16-01-2020 03:12","32.829","2_39_79_383_2020-01-15 21:55:34.319417","2","CA-492","2-39-79-383","5.28","5.28"
"15-01-2020 22:19","16-01-2020 00:03","15-01-2020 22:50","0.823","2_39_79_380_2020-01-15 22:19:58.599515","2","CA-489","2-39-79-380","1.73","0.52"
"15-01-2020 22:59","16-01-2020 01:20","16-01-2020 00:10","7.109","2_39_129_563_2020-01-15 22:59:34.447234","2","CA-509","2-39-129-563","2.35","1.18"
"16-01-2020 00:55","16-01-2020 02:13","16-01-2020 02:09","3.644","2_39_129_17_2020-01-16 00:55:31.913896","2","CA-307","2-39-129-17","1.3","1.23"
"16-01-2020 02:34","16-01-2020 04:33","16-01-2020 04:12","4.953","2_39_138_29_2020-01-16 02:34:39.569534","2","CA-304","2-39-138-29","1.98","1.63"
"16-01-2020 03:41","16-01-2020 05:15","16-01-2020 05:14","5.312","2_39_130_31_2020-01-16 03:41:58.520469","2","CA-306","2-39-130-31","1.57","1.55"
"16-01-2020 15:58","16-01-2020 17:27","16-01-2020 16:28","0.822","2_39_79_380_2020-01-16 15:58:16.023063","2","CA-489","2-39-79-380","1.48","0.5"
"16-01-2020 15:58","17-01-2020 02:53","16-01-2020 18:33","6.567","2_39_78_366_2020-01-16 15:58:17.574243","2","CA-323","2-39-78-366","10.92","2.58"
"16-01-2020 16:12","16-01-2020 17:41","16-01-2020 17:41","8.762","2_39_78_364_2020-01-16 16:12:27.654259","2","CA-495","2-39-78-364","1.48","1.48"
"16-01-2020 16:21","16-01-2020 21:18","16-01-2020 18:22","6.945","2_39_139_28_2020-01-16 16:21:27.930521","2","CA-303","2-39-139-28","4.95","2.02"
"16-01-2020 16:23","17-01-2020 01:22","16-01-2020 19:47","20.306","2_39_89_25_2020-01-16 16:23:48.824002","2","CA-315","2-39-89-25","8.98","3.4"
"16-01-2020 16:30","17-01-2020 00:16","16-01-2020 23:59","10.552","2_39_78_361_2020-01-16 16:30:37.835364","2","CA-493","2-39-78-361","7.77","7.48"
"16-01-2020 16:33","17-01-2020 01:19","16-01-2020 22:57","0.85","2_39_79_379_2020-01-16 16:33:22.018688","2","CA-327","2-39-79-379","8.77","6.4"
"16-01-2020 16:37","17-01-2020 02:35","16-01-2020 18:15","4.985","2_39_78_360_2020-01-16 16:37:11.171079","2","CA-322","2-39-78-360","9.97","1.63"
"16-01-2020 16:42","16-01-2020 17:40","16-01-2020 17:13","0.832","2_39_124_558_2020-01-16 16:42:58.247242","2","CA-504","2-39-124-558","0.97","0.52"
"16-01-2020 16:48","17-01-2020 02:50","16-01-2020 23:57","5.85","2_39_127_19_2020-01-16 16:48:21.742318","2","CA-309","2-39-127-19","10.03","7.15"
"16-01-2020 16:50","17-01-2020 03:23","16-01-2020 18:16","4.812","2_39_129_17_2020-01-16 16:50:13.848926","2","CA-307","2-39-129-17","10.55","1.43"
"16-01-2020 16:56","17-01-2020 03:09","16-01-2020 18:52","11.757","2_39_79_376_2020-01-16 16:56:44.913953","2","CA-324","2-39-79-376","10.22","1.93"
"16-01-2020 17:07","16-01-2020 19:38","16-01-2020 19:38","0.88","2_39_78_367_2020-01-16 17:07:13.770159","2","CA-494","2-39-78-367","2.52","2.52"
"16-01-2020 17:13","17-01-2020 02:02","16-01-2020 18:13","6.65","2_39_95_27_2020-01-16 17:13:28.629160","2","CA-319","2-39-95-27","8.82","1"
"16-01-2020 17:14","17-01-2020 03:03","16-01-2020 21:06","25.643","2_39_91_437_2020-01-16 17:14:41.037654","2","CA-317","2-39-91-437","9.82","3.87"
"16-01-2020 17:19","16-01-2020 19:06","16-01-2020 17:49","0.785","2_39_79_377_2020-01-16 17:19:19.230336","2","CA-325","2-39-79-377","1.78","0.5"
"16-01-2020 17:21","17-01-2020 01:22","16-01-2020 18:48","4.124","2_39_89_439_2020-01-16 17:21:00.936109","2","CA-501","2-39-89-439","8.02","1.45"
"16-01-2020 17:27","16-01-2020 22:28","16-01-2020 22:16","18.314","2_39_79_378_2020-01-16 17:27:29.291137","2","CA-326","2-39-79-378","5.02","4.82"
"16-01-2020 17:28","16-01-2020 19:48","16-01-2020 19:47","3.55","2_39_130_31_2020-01-16 17:28:09.948114","2","CA-306","2-39-130-31","2.33","2.32"
"16-01-2020 17:30","17-01-2020 01:12","17-01-2020 01:12","13.149","2_39_79_381_2020-01-16 17:30:30.810717","2","CA-490","2-39-79-381","7.7","7.7"
"16-01-2020 17:52","16-01-2020 20:03","16-01-2020 19:38","0.862","2_39_79_380_2020-01-16 17:52:27.675398","2","CA-489","2-39-79-380","2.18","1.77"
"16-01-2020 17:53","17-01-2020 01:35","16-01-2020 18:43","2.018","2_39_78_363_2020-01-16 17:53:58.295756","2","CA-320","2-39-78-363","7.7","0.83"
"16-01-2020 18:08","16-01-2020 21:58","16-01-2020 21:05","15.06","2_39_91_441_2020-01-16 18:08:23.375290","2","CA-499","2-39-91-441","3.83","2.95"
"16-01-2020 18:09","17-01-2020 02:23","16-01-2020 21:58","12.203","2_39_123_23_2020-01-16 18:09:28.048109","2","CA-313","2-39-123-23","8.23","3.82"
"16-01-2020 18:11","16-01-2020 22:09","16-01-2020 19:26","6.941","2_39_90_26_2020-01-16 18:11:22.059798","2","CA-316","2-39-90-26","3.97","1.25"
"16-01-2020 18:31","17-01-2020 00:40","16-01-2020 20:27","5.11","2_39_79_383_2020-01-16 18:31:58.271901","2","CA-492","2-39-79-383","6.15","1.93"
"16-01-2020 18:37","16-01-2020 20:15","16-01-2020 19:08","0.854","2_39_78_364_2020-01-16 18:37:56.987575","2","CA-495","2-39-78-364","1.63","0.52"
"16-01-2020 18:41","16-01-2020 20:15","16-01-2020 19:39","0.861","2_39_90_440_2020-01-16 18:41:25.982140","2","CA-500","2-39-90-440","1.57","0.97"
"16-01-2020 18:41","16-01-2020 22:16","16-01-2020 20:35","8.389","2_39_88_24_2020-01-16 18:41:56.858985","2","CA-314","2-39-88-24","3.58","1.9"
"16-01-2020 18:43","16-01-2020 19:30","16-01-2020 19:30","4.881","2_39_124_22_2020-01-16 18:43:26.832538","2","CA-312","2-39-124-22","0.78","0.78"
"16-01-2020 18:50","17-01-2020 21:00","17-01-2020 21:01","2.558","2_39_78_362_2020-01-16 18:50:16.594097","2","CA-496","2-39-78-362","26.17","26.18"
"16-01-2020 18:52","17-01-2020 01:24","16-01-2020 22:39","11.885","2_39_92_436_2020-01-16 18:52:06.508068","2","CA-318","2-39-92-436","6.53","3.78"
"16-01-2020 19:07","16-01-2020 23:19","16-01-2020 23:19","4.158","2_39_92_442_2020-01-16 19:07:53.964496","2","CA-498","2-39-92-442","4.2","4.2"
"16-01-2020 19:56","17-01-2020 02:27","16-01-2020 23:27","18.674","2_39_78_367_2020-01-16 19:56:19.957336","2","CA-494","2-39-78-367","6.52","3.52"
"16-01-2020 20:06","16-01-2020 20:44","16-01-2020 20:37","0.912","2_39_128_18_2020-01-16 20:06:08.183510","2","CA-308","2-39-128-18","0.63","0.52"
"16-01-2020 20:31","17-01-2020 01:03","17-01-2020 01:03","1.191","2_39_79_377_2020-01-16 20:31:25.729574","2","CA-325","2-39-79-377","4.53","4.53"
"16-01-2020 20:56","17-01-2020 06:12","17-01-2020 06:12","18.235","2_39_128_18_2020-01-16 20:56:57.767455","2","CA-308","2-39-128-18","9.27","9.27"
"16-01-2020 21:04","17-01-2020 01:06","16-01-2020 22:56","0.863","2_39_79_380_2020-01-16 21:04:22.726192","2","CA-489","2-39-79-380","4.03","1.87"
"16-01-2020 21:12","17-01-2020 00:21","16-01-2020 22:37","4.862","2_39_90_440_2020-01-16 21:12:09.767097","2","CA-500","2-39-90-440","3.15","1.42"
"16-01-2020 21:21","17-01-2020 00:49","17-01-2020 00:48","21.544","2_39_139_28_2020-01-16 21:21:20.683421","2","CA-303","2-39-139-28","3.47","3.45"
"16-01-2020 21:48","17-01-2020 01:55","16-01-2020 23:16","4.837","2_39_138_29_2020-01-16 21:48:45.862202","2","CA-304","2-39-138-29","4.12","1.47"
"16-01-2020 22:15","17-01-2020 00:30","16-01-2020 22:56","0.932","2_39_91_441_2020-01-16 22:15:00.958045","2","CA-499","2-39-91-441","2.25","0.68"
"16-01-2020 22:24","17-01-2020 00:07","16-01-2020 23:42","8.183","2_39_124_22_2020-01-16 22:24:03.432790","2","CA-312","2-39-124-22","1.72","1.3"
"16-01-2020 22:35","17-01-2020 01:45","16-01-2020 23:57","4.021","2_39_88_24_2020-01-16 22:35:18.438334","2","CA-314","2-39-88-24","3.17","1.37"
"16-01-2020 23:56","17-01-2020 04:10","17-01-2020 01:11","3.739","2_39_90_26_2020-01-16 23:56:17.704534","2","CA-316","2-39-90-26","4.23","1.25"
"17-01-2020 00:40","17-01-2020 01:51","17-01-2020 01:51","7.716","2_39_130_31_2020-01-17 00:40:34.588954","2","CA-306","2-39-130-31","1.18","1.18"
"17-01-2020 01:22","17-01-2020 04:29","17-01-2020 02:39","4.128","2_39_139_28_2020-01-17 01:22:31.740797","2","CA-303","2-39-139-28","3.12","1.28"
"17-01-2020 01:46","17-01-2020 03:01","17-01-2020 02:31","3.883","2_39_125_21_2020-01-17 01:46:17.215199","2","CA-311","2-39-125-21","1.25","0.75"
"17-01-2020 02:13","17-01-2020 06:09","17-01-2020 06:09","13.85","2_39_131_30_2020-01-17 02:13:45.606637","2","CA-305","2-39-131-30","3.93","3.93"
"17-01-2020 04:21","17-01-2020 05:44","17-01-2020 05:44","9.503","2_39_138_29_2020-01-17 04:21:19.496669","2","CA-304","2-39-138-29","1.38","1.38"
"17-01-2020 06:20","17-01-2020 23:49","17-01-2020 13:50","48.767","2_39_139_28_2020-01-17 06:20:54.028270","2","CA-303","2-39-139-28","17.48","7.5"
"17-01-2020 14:57","18-01-2020 01:00","17-01-2020 16:12","3.628","2_39_89_25_2020-01-17 14:57:45.725587","2","CA-315","2-39-89-25","10.05","1.25"
"17-01-2020 16:12","17-01-2020 20:37","17-01-2020 20:38","0.969","2_39_79_380_2020-01-17 16:12:49.454778","2","CA-489","2-39-79-380","4.42","4.43"
"17-01-2020 16:13","18-01-2020 00:58","17-01-2020 19:58","12.938","2_39_129_17_2020-01-17 16:13:50.917644","2","CA-307","2-39-129-17","8.75","3.75"
"17-01-2020 16:16","18-01-2020 01:40","18-01-2020 00:29","24.862","2_39_78_366_2020-01-17 16:16:45.851191","2","CA-323","2-39-78-366","9.4","8.22"
"17-01-2020 16:25","17-01-2020 19:59","17-01-2020 17:56","8.446","2_39_91_437_2020-01-17 16:25:52.871874","2","CA-317","2-39-91-437","3.57","1.52"
"17-01-2020 16:31","18-01-2020 00:45","18-01-2020 00:15","5.695","2_39_78_365_2020-01-17 16:31:38.214991","2","CA-321","2-39-78-365","8.23","7.73"
"17-01-2020 16:32","18-01-2020 01:19","17-01-2020 16:58","1.632","2_39_79_379_2020-01-17 16:32:09.250848","2","CA-327","2-39-79-379","8.78","0.43"
"17-01-2020 16:34","17-01-2020 16:47","17-01-2020 16:47","1.33","2_39_78_361_2020-01-17 16:34:11.787807","2","CA-493","2-39-78-361","0.22","0.22"
"17-01-2020 16:35","18-01-2020 02:25","17-01-2020 17:17","1.782","2_39_138_29_2020-01-17 16:35:24.696274","2","CA-304","2-39-138-29","9.83","0.7"
"17-01-2020 16:46","17-01-2020 20:13","17-01-2020 18:28","5.236","2_39_127_19_2020-01-17 16:46:04.378536","2","CA-309","2-39-127-19","3.45","1.7"
"17-01-2020 17:04","17-01-2020 22:27","17-01-2020 22:28","0.905","2_39_78_361_2020-01-17 17:04:51.215510","2","CA-493","2-39-78-361","5.38","5.4"
"17-01-2020 17:05","18-01-2020 02:23","17-01-2020 22:22","20.449","2_39_79_378_2020-01-17 17:05:08.685531","2","CA-326","2-39-79-378","9.3","5.28"
"17-01-2020 17:08","18-01-2020 01:10","17-01-2020 19:38","7.747","2_39_126_20_2020-01-17 17:08:12.035271","2","CA-310","2-39-126-20","8.03","2.5"
"17-01-2020 17:14","18-01-2020 02:07","17-01-2020 22:33","15.179","2_39_78_363_2020-01-17 17:14:19.446690","2","CA-320","2-39-78-363","8.88","5.32"
"17-01-2020 17:25","18-01-2020 01:31","17-01-2020 22:29","17.764","2_39_92_436_2020-01-17 17:25:08.610068","2","CA-318","2-39-92-436","8.1","5.07"
"17-01-2020 17:34","18-01-2020 01:17","18-01-2020 01:17","11.171","2_39_79_382_2020-01-17 17:34:47.009518","2","CA-491","2-39-79-382","7.72","7.72"
"17-01-2020 17:44","18-01-2020 01:53","17-01-2020 19:01","3.69","2_39_128_18_2020-01-17 17:44:39.824714","2","CA-308","2-39-128-18","8.15","1.28"
"17-01-2020 17:46","17-01-2020 20:47","17-01-2020 19:55","6.289","2_39_125_21_2020-01-17 17:46:28.873086","2","CA-311","2-39-125-21","3.02","2.15"
"17-01-2020 17:48","18-01-2020 01:20","17-01-2020 22:24","12.955","2_39_78_364_2020-01-17 17:48:13.929312","2","CA-495","2-39-78-364","7.53","4.6"
"17-01-2020 17:48","18-01-2020 03:13","17-01-2020 20:11","11.834","2_39_78_360_2020-01-17 17:48:18.972821","2","CA-322","2-39-78-360","9.42","2.38"
"17-01-2020 17:50","17-01-2020 23:50","17-01-2020 22:37","20.497","2_39_79_376_2020-01-17 17:50:23.780926","2","CA-324","2-39-79-376","6","4.78"
"17-01-2020 17:50","18-01-2020 01:28","17-01-2020 19:46","11.761","2_39_79_377_2020-01-17 17:50:56.957473","2","CA-325","2-39-79-377","7.63","1.93"
"17-01-2020 18:08","18-01-2020 01:54","17-01-2020 20:41","8.062","2_39_95_27_2020-01-17 18:08:23.376343","2","CA-319","2-39-95-27","7.77","2.55"
"17-01-2020 18:12","18-01-2020 01:58","17-01-2020 20:17","11.874","2_39_92_442_2020-01-17 18:12:47.553393","2","CA-498","2-39-92-442","7.77","2.08"
"17-01-2020 18:29","17-01-2020 21:53","17-01-2020 21:36","19.884","2_39_91_441_2020-01-17 18:29:05.043699","2","CA-499","2-39-91-441","3.4","3.12"
"17-01-2020 20:37","17-01-2020 21:15","17-01-2020 21:07","0.808","2_39_79_380_2020-01-17 20:37:37.509183","2","CA-489","2-39-79-380","0.63","0.5"
"17-01-2020 21:07","17-01-2020 23:57","17-01-2020 22:16","1.798","2_39_91_437_2020-01-17 21:07:46.515869","2","CA-317","2-39-91-437","2.83","1.15"
"17-01-2020 21:10","18-01-2020 02:41","17-01-2020 23:06","6.345","2_39_90_26_2020-01-17 21:10:11.605341","2","CA-316","2-39-90-26","5.52","1.93"
"17-01-2020 22:27","18-01-2020 00:47","18-01-2020 00:30","10.541","2_39_78_361_2020-01-17 22:27:42.863588","2","CA-493","2-39-78-361","2.33","2.05"
"18-01-2020 00:41","18-01-2020 02:32","18-01-2020 01:12","0.896","2_39_139_28_2020-01-18 00:41:20.198903","2","CA-303","2-39-139-28","1.85","0.52"
"18-01-2020 01:16","18-01-2020 01:40","18-01-2020 01:40","1.39","2_39_129_17_2020-01-18 01:16:25.109731","2","CA-307","2-39-129-17","0.4","0.4"
"18-01-2020 01:22","18-01-2020 03:09","18-01-2020 02:00","1.779","2_39_127_19_2020-01-18 01:22:54.568745","2","CA-309","2-39-127-19","1.78","0.63"
"18-01-2020 03:25","18-01-2020 19:28","18-01-2020 14:37","39.954","2_39_79_377_2020-01-18 03:25:06.143177","2","CA-325","2-39-79-377","16.05","11.2"
"18-01-2020 18:34","18-01-2020 18:59","18-01-2020 18:58","0.64","2_39_128_18_2020-01-18 18:34:02.793274","2","CA-308","2-39-128-18","0.42","0.4"
"18-01-2020 18:48","18-01-2020 21:06","18-01-2020 20:09","3.959","2_39_89_25_2020-01-18 18:48:29.195003","2","CA-315","2-39-89-25","2.3","1.35"
"18-01-2020 20:19","18-01-2020 22:17","18-01-2020 22:14","5.862","2_39_127_19_2020-01-18 20:19:48.669500","2","CA-309","2-39-127-19","1.97","1.92"
"18-01-2020 22:43","18-01-2020 23:17","18-01-2020 23:14","0.903","2_39_127_19_2020-01-18 22:43:58.512562","2","CA-309","2-39-127-19","0.57","0.52"
"18-01-2020 23:31","19-01-2020 01:41","19-01-2020 01:09","5.122","2_39_129_17_2020-01-18 23:31:23.843017","2","CA-307","2-39-129-17","2.17","1.63"
"19-01-2020 10:00","19-01-2020 17:03","19-01-2020 11:51","5.761","2_39_138_29_2020-01-19 10:00:05.502046","2","CA-304","2-39-138-29","7.05","1.85"
"19-01-2020 18:22","19-01-2020 20:06","19-01-2020 20:00","4.848","2_39_89_25_2020-01-19 18:22:11.650855","2","CA-315","2-39-89-25","1.73","1.63"
"19-01-2020 20:48","19-01-2020 23:33","19-01-2020 23:33","9.755","2_39_89_25_2020-01-19 20:48:11.876833","2","CA-315","2-39-89-25","2.75","2.75"
"19-01-2020 21:48","20-01-2020 01:52","19-01-2020 23:53","6.491","2_39_95_27_2020-01-19 21:47:19.093548","2","CA-319","2-39-95-27","4.07","2.08"
"20-01-2020 01:12","20-01-2020 02:57","20-01-2020 02:57","10.846","2_39_126_20_2020-01-20 01:11:58.680907","2","CA-310","2-39-126-20","1.75","1.75"
"20-01-2020 02:07","20-01-2020 02:38","20-01-2020 02:39","0.884","2_39_131_30_2020-01-20 02:07:23.012435","2","CA-305","2-39-131-30","0.52","0.53"
"20-01-2020 04:24","21-01-2020 01:24","20-01-2020 14:53","0.989","2_39_131_30_2020-01-20 04:24:19.359783","2","CA-305","2-39-131-30","21","10.48"
"20-01-2020 17:11","20-01-2020 18:33","20-01-2020 18:27","7.868","2_39_139_28_2020-01-20 17:11:24.084193","2","CA-303","2-39-139-28","1.37","1.27"
"20-01-2020 17:12","20-01-2020 21:03","20-01-2020 17:43","0.837","2_39_79_379_2020-01-20 17:12:53.559105","2","CA-327","2-39-79-379","3.85","0.52"
"20-01-2020 17:29","21-01-2020 00:31","21-01-2020 00:31","47.603","2_39_138_29_2020-01-20 17:29:12.542096","2","CA-304","2-39-138-29","7.03","7.03"
"20-01-2020 17:49","21-01-2020 01:21","20-01-2020 18:19","0.823","2_39_83_386_2020-01-20 17:49:23.897339","2","CA-212","2-39-83-386","7.53","0.5"
"20-01-2020 18:01","20-01-2020 19:15","20-01-2020 18:51","4.279","2_39_129_17_2020-01-20 18:01:49.236574","2","CA-307","2-39-129-17","1.23","0.83"
"20-01-2020 18:37","21-01-2020 00:48","20-01-2020 19:07","0.846","2_39_127_19_2020-01-20 18:37:18.119888","2","CA-309","2-39-127-19","6.18","0.5"
"20-01-2020 18:48","20-01-2020 20:45","20-01-2020 19:19","0.892","2_39_139_28_2020-01-20 18:48:48.090790","2","CA-303","2-39-139-28","1.95","0.52"
"21-01-2020 00:31","21-01-2020 02:18","21-01-2020 01:37","3.287","2_39_129_17_2020-01-21 00:31:02.350701","2","CA-307","2-39-129-17","1.78","1.1"
"21-01-2020 01:14","21-01-2020 03:42","21-01-2020 02:28","7.32","2_39_125_21_2020-01-21 01:14:57.605548","2","CA-311","2-39-125-21","2.47","1.23"
"21-01-2020 01:30","21-01-2020 02:39","21-01-2020 02:39","0.848","2_39_139_28_2020-01-21 01:30:05.377986","2","CA-303","2-39-139-28","1.15","1.15"
"21-01-2020 02:47","21-01-2020 04:32","21-01-2020 04:32","12.002","2_39_139_28_2020-01-21 02:47:03.823870","2","CA-303","2-39-139-28","1.75","1.75"
"21-01-2020 14:51","21-01-2020 22:44","21-01-2020 16:27","10.289","2_39_79_383_2020-01-21 14:51:31.184574","2","CA-492","2-39-79-383","7.88","1.6"
"21-01-2020 14:59","24-01-2020 19:55","24-01-2020 19:56","14.72","2_39_78_362_2020-01-21 14:59:38.176149","2","CA-496","2-39-78-362","76.93","76.95"
"21-01-2020 15:00","21-01-2020 22:03","21-01-2020 17:57","17.616","2_39_95_27_2020-01-21 15:00:36.512280","2","CA-319","2-39-95-27","7.05","2.95"
"21-01-2020 15:56","22-01-2020 01:39","21-01-2020 17:49","4.775","2_39_79_382_2020-01-21 15:56:20.563765","2","CA-491","2-39-79-382","9.72","1.88"
"21-01-2020 16:01","21-01-2020 16:26","21-01-2020 16:26","0.671","2_39_79_380_2020-01-21 16:01:20.776546","2","CA-489","2-39-79-380","0.42","0.42"
"21-01-2020 16:16","21-01-2020 16:25","21-01-2020 16:25","1.013","2_39_78_366_2020-01-21 16:16:29.614528","2","CA-323","2-39-78-366","0.15","0.15"
"21-01-2020 16:19","22-01-2020 01:26","21-01-2020 20:25","13.565","2_39_79_378_2020-01-21 16:19:41.392970","2","CA-326","2-39-79-378","9.12","4.1"
"21-01-2020 16:33","22-01-2020 01:15","21-01-2020 17:00","1.604","2_39_79_379_2020-01-21 16:33:47.733761","2","CA-327","2-39-79-379","8.7","0.45"
"21-01-2020 16:43","22-01-2020 01:50","21-01-2020 23:06","0.858","2_39_78_366_2020-01-21 16:43:43.676674","2","CA-323","2-39-78-366","9.12","6.38"
"21-01-2020 16:48","21-01-2020 17:13","21-01-2020 17:13","2.572","2_39_78_360_2020-01-21 16:48:52.073627","2","CA-322","2-39-78-360","0.42","0.42"
"21-01-2020 16:53","22-01-2020 04:24","21-01-2020 21:36","15.858","2_39_131_30_2020-01-21 16:53:22.868241","2","CA-305","2-39-131-30","11.52","4.72"
"21-01-2020 16:57","22-01-2020 04:46","21-01-2020 18:54","5.837","2_39_91_437_2020-01-21 16:57:13.789163","2","CA-317","2-39-91-437","11.82","1.95"
"21-01-2020 17:07","22-01-2020 00:20","21-01-2020 21:30","11.175","2_39_79_376_2020-01-21 17:07:46.935795","2","CA-324","2-39-79-376","7.22","4.38"
"21-01-2020 17:08","21-01-2020 20:05","21-01-2020 19:09","5.942","2_39_79_377_2020-01-21 17:08:25.097903","2","CA-325","2-39-79-377","2.95","2.02"
"21-01-2020 17:14","22-01-2020 01:27","21-01-2020 18:35","3.887","2_39_89_25_2020-01-21 17:14:15.655273","2","CA-315","2-39-89-25","8.22","1.35"
"21-01-2020 17:15","22-01-2020 03:15","21-01-2020 18:33","4.252","2_39_129_17_2020-01-21 17:14:59.518234","2","CA-307","2-39-129-17","10","1.3"
"21-01-2020 17:31","22-01-2020 00:52","22-01-2020 00:02","7.761","2_39_78_360_2020-01-21 17:31:15.714989","2","CA-322","2-39-78-360","7.35","6.52"
"21-01-2020 17:34","22-01-2020 01:15","21-01-2020 20:38","19.377","2_39_92_442_2020-01-21 17:34:07.936609","2","CA-498","2-39-92-442","7.68","3.07"
"21-01-2020 17:34","21-01-2020 19:46","21-01-2020 19:46","5.933","2_39_79_381_2020-01-21 17:34:15.502746","2","CA-490","2-39-79-381","2.2","2.2"
"21-01-2020 17:36","21-01-2020 23:45","21-01-2020 19:57","1.171","2_39_78_361_2020-01-21 17:36:23.783670","2","CA-493","2-39-78-361","6.15","2.35"
"21-01-2020 17:39","22-01-2020 01:41","21-01-2020 18:46","3.37","2_39_123_23_2020-01-21 17:39:34.856196","2","CA-313","2-39-123-23","8.03","1.12"
"21-01-2020 17:45","22-01-2020 02:42","22-01-2020 02:42","8.272","2_39_90_440_2020-01-21 17:45:36.179450","2","CA-500","2-39-90-440","8.95","8.95"
"21-01-2020 17:58","22-01-2020 01:16","22-01-2020 00:50","0.825","2_39_78_365_2020-01-21 17:58:45.934271","2","CA-321","2-39-78-365","7.3","6.87"
"21-01-2020 18:00","22-01-2020 02:12","21-01-2020 20:12","11.958","2_39_125_21_2020-01-21 18:00:21.666276","2","CA-311","2-39-125-21","8.2","2.2"
"21-01-2020 18:06","22-01-2020 03:12","21-01-2020 20:37","15.123","2_39_92_436_2020-01-21 18:06:49.788292","2","CA-318","2-39-92-436","9.1","2.52"
"21-01-2020 18:08","22-01-2020 02:00","22-01-2020 01:43","50.717","2_39_95_444_2020-01-21 18:08:00.744200","2","CA-497","2-39-95-444","7.87","7.58"
"21-01-2020 18:09","21-01-2020 20:33","21-01-2020 20:33","6.763","2_39_88_438_2020-01-21 18:09:14.007267","2","CA-502","2-39-88-438","2.4","2.4"
"21-01-2020 18:09","22-01-2020 00:52","21-01-2020 20:33","3.878","2_39_79_380_2020-01-21 18:09:52.112528","2","CA-489","2-39-79-380","6.72","2.4"
"21-01-2020 18:18","22-01-2020 01:55","21-01-2020 20:03","10.486","2_39_91_441_2020-01-21 18:18:08.127744","2","CA-499","2-39-91-441","7.62","1.75"
"21-01-2020 18:25","21-01-2020 19:41","21-01-2020 19:41","8.213","2_39_127_19_2020-01-21 18:25:45.032371","2","CA-309","2-39-127-19","1.27","1.27"
"21-01-2020 18:48","21-01-2020 23:04","21-01-2020 22:55","26.408","2_39_90_26_2020-01-21 18:48:18.969365","2","CA-316","2-39-90-26","4.27","4.12"
"21-01-2020 19:19","22-01-2020 01:23","22-01-2020 00:34","0.877","2_39_88_24_2020-01-21 19:19:37.142260","2","CA-314","2-39-88-24","6.07","5.25"
"21-01-2020 19:28","22-01-2020 03:21","21-01-2020 22:34","12.666","2_39_128_18_2020-01-21 19:28:42.010713","2","CA-308","2-39-128-18","7.88","3.1"
"21-01-2020 19:36","22-01-2020 02:12","21-01-2020 21:56","5.853","2_39_126_20_2020-01-21 19:36:20.146207","2","CA-310","2-39-126-20","6.6","2.33"
"21-01-2020 19:58","22-01-2020 00:48","21-01-2020 22:37","17.918","2_39_130_31_2020-01-21 19:58:23.851492","2","CA-306","2-39-130-31","4.83","2.65"
"21-01-2020 20:32","21-01-2020 21:48","21-01-2020 21:03","0.916","2_39_124_22_2020-01-21 20:32:39.646315","2","CA-312","2-39-124-22","1.27","0.52"
"21-01-2020 20:47","22-01-2020 02:41","21-01-2020 22:49","6.592","2_39_79_381_2020-01-21 20:47:57.066683","2","CA-490","2-39-79-381","5.9","2.03"
"21-01-2020 20:51","21-01-2020 22:09","21-01-2020 21:35","1.713","2_39_88_438_2020-01-21 20:51:55.138569","2","CA-502","2-39-88-438","1.3","0.73"
"21-01-2020 21:10","22-01-2020 03:42","21-01-2020 23:16","7.017","2_39_138_29_2020-01-21 21:10:52.341455","2","CA-304","2-39-138-29","6.53","2.1"
"21-01-2020 22:03","21-01-2020 23:22","21-01-2020 23:22","4.221","2_39_124_22_2020-01-21 22:03:01.910574","2","CA-312","2-39-124-22","1.32","1.32"
"21-01-2020 22:54","22-01-2020 01:12","21-01-2020 23:58","3.116","2_39_95_27_2020-01-21 22:54:56.662405","2","CA-319","2-39-95-27","2.3","1.07"
"21-01-2020 23:08","22-01-2020 00:43","22-01-2020 00:34","0.892","2_39_90_26_2020-01-21 23:08:32.371220","2","CA-316","2-39-90-26","1.58","1.43"
"22-01-2020 01:25","22-01-2020 16:52","22-01-2020 07:57","42.768","2_39_130_31_2020-01-22 01:25:01.330305","2","CA-306","2-39-130-31","15.45","6.53"
"22-01-2020 03:36","22-01-2020 04:33","22-01-2020 04:33","3.295","2_39_139_28_2020-01-22 03:36:58.330948","2","CA-303","2-39-139-28","0.95","0.95"
"22-01-2020 03:43","22-01-2020 05:55","22-01-2020 05:55","11.702","2_39_126_20_2020-01-22 03:43:29.135992","2","CA-310","2-39-126-20","2.2","2.2"
"22-01-2020 04:23","22-01-2020 05:45","22-01-2020 05:45","9.14","2_39_138_29_2020-01-22 04:23:22.427083","2","CA-304","2-39-138-29","1.37","1.37"
"22-01-2020 16:09","22-01-2020 21:10","22-01-2020 21:11","0.838","2_39_79_380_2020-01-22 16:09:56.027630","2","CA-489","2-39-79-380","5.02","5.03"
"22-01-2020 16:40","22-01-2020 19:31","22-01-2020 17:11","1.933","2_39_79_377_2020-01-22 16:40:05.904375","2","CA-325","2-39-79-377","2.85","0.52"
"22-01-2020 16:54","23-01-2020 00:33","22-01-2020 22:50","13.735","2_39_78_364_2020-01-22 16:54:08.409370","2","CA-495","2-39-78-364","7.65","5.93"
"22-01-2020 16:58","23-01-2020 01:00","22-01-2020 18:25","2.862","2_39_139_28_2020-01-22 16:58:06.790079","2","CA-303","2-39-139-28","8.03","1.45"
"22-01-2020 16:58","23-01-2020 02:02","22-01-2020 20:07","20.302","2_39_79_383_2020-01-22 16:58:44.023576","2","CA-492","2-39-79-383","9.07","3.15"
"22-01-2020 17:00","23-01-2020 01:29","22-01-2020 17:56","2.765","2_39_95_444_2020-01-22 17:00:48.355362","2","CA-497","2-39-95-444","8.48","0.93"
"22-01-2020 17:04","22-01-2020 17:40","22-01-2020 17:34","0.744","2_39_127_19_2020-01-22 17:04:31.123186","2","CA-309","2-39-127-19","0.6","0.5"
"22-01-2020 17:10","23-01-2020 01:35","22-01-2020 18:28","3.775","2_39_89_25_2020-01-22 17:10:10.830239","2","CA-315","2-39-89-25","8.42","1.3"
"22-01-2020 17:12","22-01-2020 18:20","22-01-2020 18:20","0.932","2_39_78_366_2020-01-22 17:12:50.271834","2","CA-323","2-39-78-366","1.13","1.13"
"22-01-2020 17:12","23-01-2020 05:42","22-01-2020 18:22","3.74","2_39_131_30_2020-01-22 17:12:57.447877","2","CA-305","2-39-131-30","12.5","1.17"
"22-01-2020 17:23","23-01-2020 03:31","22-01-2020 19:16","5.705","2_39_125_21_2020-01-22 17:23:42.838337","2","CA-311","2-39-125-21","10.13","1.88"
"22-01-2020 17:26","23-01-2020 02:17","22-01-2020 20:58","12.166","2_39_91_437_2020-01-22 17:26:41.764919","2","CA-317","2-39-91-437","8.85","3.53"
"22-01-2020 17:34","22-01-2020 21:25","22-01-2020 21:04","9.064","2_39_78_367_2020-01-22 17:34:48.953353","2","CA-494","2-39-78-367","3.85","3.5"
"22-01-2020 17:39","23-01-2020 01:41","22-01-2020 19:29","6.063","2_39_95_27_2020-01-22 17:39:13.119025","2","CA-319","2-39-95-27","8.03","1.83"
"22-01-2020 17:40","23-01-2020 02:40","22-01-2020 18:44","6.804","2_39_78_365_2020-01-22 17:39:59.979700","2","CA-321","2-39-78-365","9","1.07"
"22-01-2020 17:44","22-01-2020 22:44","22-01-2020 19:49","13.34","2_39_129_17_2020-01-22 17:44:49.239833","2","CA-307","2-39-129-17","5","2.08"
"22-01-2020 17:47","23-01-2020 04:40","22-01-2020 18:39","1.6","2_39_90_26_2020-01-22 17:47:29.930240","2","CA-316","2-39-90-26","10.88","0.87"
"22-01-2020 17:50","23-01-2020 00:59","22-01-2020 18:21","0.885","2_39_79_376_2020-01-22 17:50:07.906112","2","CA-324","2-39-79-376","7.15","0.52"
"22-01-2020 17:50","23-01-2020 00:20","22-01-2020 19:18","4.282","2_39_138_29_2020-01-22 17:50:49.860198","2","CA-304","2-39-138-29","6.5","1.47"
"22-01-2020 17:51","22-01-2020 18:25","22-01-2020 18:21","0.913","2_39_127_19_2020-01-22 17:51:14.143775","2","CA-309","2-39-127-19","0.57","0.5"
"22-01-2020 18:07","23-01-2020 02:13","22-01-2020 20:13","12.393","2_39_92_442_2020-01-22 18:07:13.676253","2","CA-498","2-39-92-442","8.1","2.1"
"22-01-2020 18:07","23-01-2020 01:31","23-01-2020 00:37","6.256","2_39_78_363_2020-01-22 18:07:47.307558","2","CA-320","2-39-78-363","7.4","6.5"
"22-01-2020 18:11","23-01-2020 03:11","22-01-2020 20:05","11.319","2_39_92_436_2020-01-22 18:11:49.082619","2","CA-318","2-39-92-436","9","1.9"
"22-01-2020 18:17","22-01-2020 19:49","22-01-2020 19:48","9.938","2_39_90_440_2020-01-22 18:17:39.322570","2","CA-500","2-39-90-440","1.53","1.52"
"22-01-2020 18:18","23-01-2020 00:25","23-01-2020 00:26","3.77","2_39_123_23_2020-01-22 18:18:28.160277","2","CA-313","2-39-123-23","6.12","6.13"
"22-01-2020 18:38","22-01-2020 20:44","22-01-2020 19:08","0.914","2_39_78_366_2020-01-22 18:38:06.456723","2","CA-323","2-39-78-366","2.1","0.5"
"22-01-2020 18:44","22-01-2020 20:35","22-01-2020 20:33","5.615","2_39_130_31_2020-01-22 18:44:18.909405","2","CA-306","2-39-130-31","1.85","1.82"
"22-01-2020 19:22","23-01-2020 00:34","22-01-2020 22:41","21.269","2_39_91_441_2020-01-22 19:22:46.128862","2","CA-499","2-39-91-441","5.2","3.32"
"22-01-2020 19:40","23-01-2020 04:12","22-01-2020 21:27","5.594","2_39_79_377_2020-01-22 19:40:01.746619","2","CA-325","2-39-79-377","8.53","1.78"
"22-01-2020 19:49","23-01-2020 00:21","22-01-2020 20:33","1.83","2_39_127_19_2020-01-22 19:49:26.375438","2","CA-309","2-39-127-19","4.53","0.73"
"22-01-2020 21:10","22-01-2020 22:55","22-01-2020 21:41","0.723","2_39_79_380_2020-01-22 21:10:43.862292","2","CA-489","2-39-79-380","1.75","0.52"
"22-01-2020 21:15","23-01-2020 02:11","22-01-2020 21:49","1.309","2_39_126_20_2020-01-22 21:14:42.217932","2","CA-310","2-39-126-20","4.93","0.57"
"22-01-2020 21:16","22-01-2020 21:37","22-01-2020 21:37","0.639","2_39_78_366_2020-01-22 21:16:21.853857","2","CA-323","2-39-78-366","0.35","0.35"
"22-01-2020 22:50","23-01-2020 00:10","22-01-2020 23:41","0.894","2_39_129_17_2020-01-22 22:50:12.839224","2","CA-307","2-39-129-17","1.33","0.85"
"22-01-2020 23:28","23-01-2020 09:11","23-01-2020 04:02","15.474","2_39_78_366_2020-01-22 23:28:54.174032","2","CA-323","2-39-78-366","9.72","4.57"
"22-01-2020 23:36","23-01-2020 02:06","23-01-2020 00:20","4.122","2_39_124_22_2020-01-22 23:36:17.849111","2","CA-312","2-39-124-22","2.5","0.73"
"23-01-2020 01:17","23-01-2020 03:05","23-01-2020 02:06","2.232","2_39_127_19_2020-01-23 01:17:38.345597","2","CA-309","2-39-127-19","1.8","0.82"
"23-01-2020 15:01","24-01-2020 01:43","23-01-2020 18:12","8.397","2_39_79_381_2020-01-23 15:01:04.022791","2","CA-490","2-39-79-381","10.7","3.18"
"23-01-2020 15:39","24-01-2020 01:00","23-01-2020 17:48","5.968","2_39_79_383_2020-01-23 15:39:07.702915","2","CA-492","2-39-79-383","9.35","2.15"
"23-01-2020 15:53","24-01-2020 01:49","24-01-2020 00:57","4.649","2_39_79_379_2020-01-23 15:53:02.522354","2","CA-327","2-39-79-379","9.93","9.07"
"23-01-2020 16:02","24-01-2020 00:35","23-01-2020 23:51","0.868","2_39_79_380_2020-01-23 16:02:37.506831","2","CA-489","2-39-79-380","8.55","7.82"
"23-01-2020 16:04","24-01-2020 00:59","24-01-2020 00:56","42.475","2_39_78_366_2020-01-23 16:04:33.931167","2","CA-323","2-39-78-366","8.92","8.87"
"23-01-2020 16:14","23-01-2020 18:10","23-01-2020 18:10","5.695","2_39_78_363_2020-01-23 16:14:28.430731","2","CA-320","2-39-78-363","1.93","1.93"
"23-01-2020 16:31","23-01-2020 23:34","23-01-2020 23:29","10.316","2_39_78_364_2020-01-23 16:31:01.477308","2","CA-495","2-39-78-364","7.05","6.97"
"23-01-2020 16:32","24-01-2020 04:17","23-01-2020 19:12","8.779","2_39_124_558_2020-01-23 16:32:20.291655","2","CA-504","2-39-124-558","11.75","2.67"
"23-01-2020 16:33","24-01-2020 00:27","23-01-2020 19:47","14.071","2_39_79_377_2020-01-23 16:33:02.290203","2","CA-325","2-39-79-377","7.9","3.23"
"23-01-2020 16:34","24-01-2020 01:21","24-01-2020 00:06","0.844","2_39_79_378_2020-01-23 16:34:15.600722","2","CA-326","2-39-79-378","8.78","7.53"
"23-01-2020 16:37","23-01-2020 22:47","23-01-2020 22:20","0.949","2_39_88_24_2020-01-23 16:37:39.091218","2","CA-314","2-39-88-24","6.17","5.72"
"23-01-2020 16:43","23-01-2020 22:30","23-01-2020 18:47","13.339","2_39_89_25_2020-01-23 16:43:06.951834","2","CA-315","2-39-89-25","5.78","2.07"
"23-01-2020 16:50","24-01-2020 04:46","23-01-2020 18:42","5.671","2_39_127_19_2020-01-23 16:50:44.390577","2","CA-309","2-39-127-19","11.93","1.87"
"23-01-2020 16:53","24-01-2020 03:17","23-01-2020 18:26","5.303","2_39_129_17_2020-01-23 16:53:19.554105","2","CA-307","2-39-129-17","10.4","1.55"
"23-01-2020 17:04","24-01-2020 01:59","23-01-2020 18:33","4.119","2_39_89_439_2020-01-23 17:04:24.877759","2","CA-501","2-39-89-439","8.92","1.48"
"23-01-2020 17:12","23-01-2020 21:44","23-01-2020 17:43","0.866","2_39_130_31_2020-01-23 17:12:30.738064","2","CA-306","2-39-130-31","4.53","0.52"
"23-01-2020 17:14","24-01-2020 01:53","23-01-2020 21:04","0.919","2_39_78_365_2020-01-23 17:14:00.353595","2","CA-321","2-39-78-365","8.65","3.83"
"23-01-2020 17:52","24-01-2020 03:10","23-01-2020 19:39","11.216","2_39_92_436_2020-01-23 17:52:06.691116","2","CA-318","2-39-92-436","9.3","1.78"
"23-01-2020 17:52","24-01-2020 02:14","23-01-2020 19:46","11.569","2_39_90_26_2020-01-23 17:52:13.670969","2","CA-316","2-39-90-26","8.37","1.9"
"23-01-2020 17:54","24-01-2020 01:21","23-01-2020 19:59","6.28","2_39_125_21_2020-01-23 17:54:00.687530","2","CA-311","2-39-125-21","7.45","2.08"
"23-01-2020 18:25","23-01-2020 20:06","23-01-2020 20:06","9.742","2_39_91_441_2020-01-23 18:25:34.123335","2","CA-499","2-39-91-441","1.68","1.68"
"23-01-2020 18:30","24-01-2020 01:52","23-01-2020 19:18","1.975","2_39_91_437_2020-01-23 18:30:51.747983","2","CA-317","2-39-91-437","7.37","0.8"
"23-01-2020 18:38","24-01-2020 00:47","23-01-2020 23:51","1","2_39_79_382_2020-01-23 18:38:40.519102","2","CA-491","2-39-79-382","6.15","5.22"
"23-01-2020 18:43","24-01-2020 04:20","23-01-2020 19:55","3.901","2_39_124_22_2020-01-23 18:43:53.631837","2","CA-312","2-39-124-22","9.62","1.2"
"23-01-2020 18:44","24-01-2020 02:23","23-01-2020 22:21","11.715","2_39_123_23_2020-01-23 18:44:36.105287","2","CA-313","2-39-123-23","7.65","3.62"
"23-01-2020 19:02","23-01-2020 20:52","23-01-2020 19:33","0.915","2_39_138_29_2020-01-23 19:02:36.733889","2","CA-304","2-39-138-29","1.83","0.52"
"23-01-2020 19:08","24-01-2020 00:32","23-01-2020 21:06","12.206","2_39_88_438_2020-01-23 19:08:16.670097","2","CA-502","2-39-88-438","5.4","1.97"
"23-01-2020 20:07","24-01-2020 00:07","23-01-2020 23:48","4.778","2_39_78_367_2020-01-23 20:07:47.538867","2","CA-494","2-39-78-367","4","3.68"
"23-01-2020 20:19","24-01-2020 01:13","24-01-2020 00:45","1.495","2_39_91_441_2020-01-23 20:19:43.848351","2","CA-499","2-39-91-441","4.9","4.43"
"23-01-2020 20:57","24-01-2020 04:01","23-01-2020 22:56","6.469","2_39_128_562_2020-01-23 20:57:42.986128","2","CA-508","2-39-128-562","7.07","1.98"
"23-01-2020 21:17","23-01-2020 22:30","23-01-2020 22:20","0.752","2_39_139_28_2020-01-23 21:17:59.157744","2","CA-303","2-39-139-28","1.22","1.05"
"23-01-2020 23:16","24-01-2020 01:03","24-01-2020 00:06","0.928","2_39_89_25_2020-01-23 23:16:11.556172","2","CA-315","2-39-89-25","1.78","0.83"
"23-01-2020 23:47","24-01-2020 01:16","24-01-2020 01:16","10.047","2_39_88_24_2020-01-23 23:47:19.095459","2","CA-314","2-39-88-24","1.48","1.48"
"24-01-2020 00:01","24-01-2020 04:14","24-01-2020 02:27","1.946","2_39_78_364_2020-01-24 00:01:31.738586","2","CA-495","2-39-78-364","4.22","2.43"
"24-01-2020 01:41","24-01-2020 03:06","24-01-2020 02:24","3.87","2_39_126_20_2020-01-24 01:41:35.884179","2","CA-310","2-39-126-20","1.42","0.72"
"24-01-2020 02:16","24-01-2020 06:06","24-01-2020 06:06","13.588","2_39_89_25_2020-01-24 02:16:44.871497","2","CA-315","2-39-89-25","3.83","3.83"
"24-01-2020 02:18","24-01-2020 02:40","24-01-2020 02:40","0.628","2_39_78_365_2020-01-24 02:18:49.689971","2","CA-321","2-39-78-365","0.37","0.37"
"24-01-2020 03:14","24-01-2020 05:24","24-01-2020 04:27","3.578","2_39_131_30_2020-01-24 03:14:57.712125","2","CA-305","2-39-131-30","2.17","1.22"
"24-01-2020 03:41","24-01-2020 05:08","24-01-2020 04:33","2.826","2_39_139_28_2020-01-24 03:41:12.781185","2","CA-303","2-39-139-28","1.45","0.87"
"24-01-2020 04:31","24-01-2020 05:46","24-01-2020 05:46","8.499","2_39_138_29_2020-01-24 04:31:58.627508","2","CA-304","2-39-138-29","1.25","1.25"
"24-01-2020 15:31","24-01-2020 19:50","","3.979","2_39_89_25_2020-01-24 15:31:46.690437","2","CA-315","2-39-89-25","4.32",""
"24-01-2020 15:36","24-01-2020 19:57","","24.23","2_39_139_28_2020-01-24 15:36:50.416133","2","CA-303","2-39-139-28","4.35",""
"24-01-2020 15:48","25-01-2020 00:33","","2.458","2_39_79_382_2020-01-24 15:48:25.568004","2","CA-491","2-39-79-382","8.75",""
"24-01-2020 15:54","24-01-2020 20:05","","7.026","2_39_138_29_2020-01-24 15:54:54.359603","2","CA-304","2-39-138-29","4.18",""
"24-01-2020 16:01","24-01-2020 18:15","","0.848","2_39_79_380_2020-01-24 16:01:14.203948","2","CA-489","2-39-79-380","2.23",""
"24-01-2020 16:06","24-01-2020 23:26","","15.378","2_39_129_17_2020-01-24 16:06:18.580438","2","CA-307","2-39-129-17","7.33",""
"24-01-2020 16:23","25-01-2020 01:00","","26.381","2_39_78_364_2020-01-24 16:23:49.031182","2","CA-495","2-39-78-364","8.62",""
"24-01-2020 17:03","25-01-2020 02:02","","4.906","2_39_127_19_2020-01-24 17:03:37.361063","2","CA-309","2-39-127-19","8.98",""
"24-01-2020 17:09","25-01-2020 01:26","","14.64","2_39_79_376_2020-01-24 17:09:23.379640","2","CA-324","2-39-79-376","8.28",""
"24-01-2020 17:12","25-01-2020 03:14","","3.704","2_39_125_21_2020-01-24 17:12:09.321183","2","CA-311","2-39-125-21","10.03",""
"24-01-2020 17:27","25-01-2020 01:13","","7.538","2_39_124_22_2020-01-24 17:27:07.025835","2","CA-312","2-39-124-22","7.77",""
"24-01-2020 17:32","25-01-2020 01:58","","10.007","2_39_79_377_2020-01-24 17:32:07.081582","2","CA-325","2-39-79-377","8.43",""
"24-01-2020 17:36","25-01-2020 01:06","","11.817","2_39_92_442_2020-01-24 17:36:48.264557","2","CA-498","2-39-92-442","7.5",""
"24-01-2020 17:38","24-01-2020 20:34","","5.176","2_39_123_23_2020-01-24 17:38:37.825355","2","CA-313","2-39-123-23","2.93",""
"24-01-2020 17:39","25-01-2020 01:45","","2.188","2_39_78_363_2020-01-24 17:39:53.949731","2","CA-320","2-39-78-363","8.1",""
"24-01-2020 17:47","24-01-2020 23:47","","13.307","2_39_90_26_2020-01-24 17:47:25.343091","2","CA-316","2-39-90-26","6",""
"24-01-2020 17:50","25-01-2020 04:14","","2.117","2_39_91_437_2020-01-24 17:50:55.841591","2","CA-317","2-39-91-437","10.4",""
"24-01-2020 17:52","25-01-2020 02:23","","11.127","2_39_95_27_2020-01-24 17:52:09.868787","2","CA-319","2-39-95-27","8.52",""
"24-01-2020 17:53","25-01-2020 03:16","","11.238","2_39_78_365_2020-01-24 17:53:38.008036","2","CA-321","2-39-78-365","9.38",""
"24-01-2020 18:14","25-01-2020 02:12","","12.474","2_39_78_360_2020-01-24 18:14:57.109529","2","CA-322","2-39-78-360","7.97",""
"24-01-2020 18:51","24-01-2020 20:54","","0.838","2_39_90_440_2020-01-24 18:51:25.047588","2","CA-500","2-39-90-440","2.05",""
"24-01-2020 18:52","25-01-2020 00:42","","16.864","2_39_88_24_2020-01-24 18:52:48.375118","2","CA-314","2-39-88-24","5.83",""
"24-01-2020 19:15","24-01-2020 22:55","","0.916","2_39_79_383_2020-01-24 19:15:23.889114","2","CA-492","2-39-79-383","3.67",""
"24-01-2020 19:25","25-01-2020 01:27","","34.211","2_39_91_441_2020-01-24 19:25:20.518727","2","CA-499","2-39-91-441","6.03",""
"24-01-2020 19:38","25-01-2020 01:02","","14.37","2_39_78_367_2020-01-24 19:38:06.627576","2","CA-494","2-39-78-367","5.4",""
"24-01-2020 20:22","25-01-2020 06:46","","6.586","2_39_79_379_2020-01-24 20:22:20.360154","2","CA-327","2-39-79-379","10.4",""
"24-01-2020 20:47","25-01-2020 02:37","","6.572","2_39_78_362_2020-01-24 20:47:13.058417","2","CA-496","2-39-78-362","5.83",""
"24-01-2020 21:19","24-01-2020 23:42","","0.772","2_39_78_366_2020-01-24 21:19:10.794043","2","CA-323","2-39-78-366","2.38",""
"24-01-2020 21:20","25-01-2020 01:36","","0.873","2_39_95_444_2020-01-24 21:20:41.799243","2","CA-497","2-39-95-444","4.27",""
"24-01-2020 21:23","25-01-2020 01:29","","0.802","2_39_92_436_2020-01-24 21:22:59.928333","2","CA-318","2-39-92-436","4.1",""
"24-01-2020 21:50","24-01-2020 23:00","","7.945","2_39_90_440_2020-01-24 21:50:00.149630","2","CA-500","2-39-90-440","1.17",""
"24-01-2020 21:53","25-01-2020 03:26","","1.644","2_39_131_30_2020-01-24 21:53:01.792307","2","CA-305","2-39-131-30","5.55",""
"24-01-2020 22:26","25-01-2020 01:08","","2.034","2_39_78_361_2020-01-24 22:26:30.683646","2","CA-493","2-39-78-361","2.7",""
"24-01-2020 23:18","25-01-2020 02:17","","5.24","2_39_79_383_2020-01-24 23:18:01.053013","2","CA-492","2-39-79-383","2.98",""
"25-01-2020 00:49","25-01-2020 02:29","","1.998","2_39_89_25_2020-01-25 00:49:26.773768","2","CA-315","2-39-89-25","1.67",""
"25-01-2020 01:18","25-01-2020 02:34","","4.377","2_39_129_17_2020-01-25 01:18:50.803877","2","CA-307","2-39-129-17","1.27",""
"25-01-2020 04:45","25-01-2020 17:06","","27.916","2_39_79_377_2020-01-25 04:45:22.511208","2","CA-325","2-39-79-377","12.35",""
"25-01-2020 16:36","25-01-2020 20:20","25-01-2020 20:20","13.199","2_39_91_437_2020-01-25 16:36:03.069820","2","CA-317","2-39-91-437","3.73","3.73"
"25-01-2020 17:21","25-01-2020 19:42","","7.923","2_39_131_30_2020-01-25 17:21:29.279766","2","CA-305","2-39-131-30","2.35",""
"25-01-2020 18:59","25-01-2020 19:18","","0.571","2_39_123_23_2020-01-25 18:59:11.648204","2","CA-313","2-39-123-23","0.32",""
"25-01-2020 19:44","25-01-2020 20:07","25-01-2020 20:07","0.716","2_39_131_30_2020-01-25 19:44:08.471149","2","CA-305","2-39-131-30","0.38","0.38"
"25-01-2020 23:52","26-01-2020 01:11","26-01-2020 00:22","0.837","2_39_127_19_2020-01-25 23:52:25.340492","2","CA-309","2-39-127-19","1.32","0.5"
"26-01-2020 00:54","26-01-2020 02:23","26-01-2020 01:38","2.064","2_39_125_21_2020-01-26 00:54:51.738909","2","CA-311","2-39-125-21","1.48","0.73"
"26-01-2020 02:59","26-01-2020 04:00","26-01-2020 04:00","3.532","2_39_139_28_2020-01-26 02:59:56.692879","2","CA-303","2-39-139-28","1.02","1.02"
"26-01-2020 17:11","27-01-2020 01:03","26-01-2020 22:27","34.89","2_39_79_377_2020-01-26 17:11:38.352273","2","CA-325","2-39-79-377","7.87","5.27"
"26-01-2020 17:37","26-01-2020 18:59","26-01-2020 18:59","4.387","2_39_139_28_2020-01-26 17:37:04.262165","2","CA-303","2-39-139-28","1.37","1.37"
"26-01-2020 20:48","26-01-2020 22:17","26-01-2020 21:19","0.829","2_39_131_30_2020-01-26 20:48:42.379894","2","CA-305","2-39-131-30","1.48","0.52"
"26-01-2020 21:40","26-01-2020 23:42","26-01-2020 23:29","5.494","2_39_128_18_2020-01-26 21:40:24.091561","2","CA-308","2-39-128-18","2.03","1.82"
"27-01-2020 01:01","27-01-2020 05:26","27-01-2020 05:26","27.419","2_39_91_437_2020-01-27 01:01:39.151278","2","CA-317","2-39-91-437","4.42","4.42"
"27-01-2020 01:57","27-01-2020 04:22","27-01-2020 02:57","0.866","2_39_130_31_2020-01-27 01:57:42.422917","2","CA-306","2-39-130-31","2.42","1"
"27-01-2020 14:49","28-01-2020 22:14","27-01-2020 20:42","15.137","2_39_78_367_2020-01-27 14:49:30.200031","2","CA-494","2-39-78-367","31.42","5.88"
"27-01-2020 15:54","27-01-2020 16:25","27-01-2020 16:24","0.878","2_39_79_382_2020-01-27 15:54:25.943707","2","CA-491","2-39-79-382","0.52","0.5"
"27-01-2020 15:56","28-01-2020 02:23","27-01-2020 21:42","29.363","2_39_139_28_2020-01-27 15:56:06.764738","2","CA-303","2-39-139-28","10.45","5.77"
"27-01-2020 16:09","28-01-2020 01:48","27-01-2020 20:20","14.528","2_39_131_30_2020-01-27 16:09:06.638144","2","CA-305","2-39-131-30","9.65","4.18"
"27-01-2020 16:10","28-01-2020 04:51","27-01-2020 18:58","6.391","2_39_79_377_2020-01-27 16:10:12.051840","2","CA-325","2-39-79-377","12.68","2.8"
"27-01-2020 16:22","28-01-2020 01:33","27-01-2020 17:50","7.725","2_39_79_383_2020-01-27 16:22:43.525977","2","CA-492","2-39-79-383","9.18","1.47"
"27-01-2020 16:30","27-01-2020 22:26","27-01-2020 21:28","12.735","2_39_78_366_2020-01-27 16:30:06.487680","2","CA-323","2-39-78-366","5.93","4.97"
"27-01-2020 16:30","27-01-2020 19:54","27-01-2020 19:54","12.848","2_39_79_380_2020-01-27 16:30:25.599299","2","CA-489","2-39-79-380","3.4","3.4"
"27-01-2020 16:31","28-01-2020 01:15","27-01-2020 16:53","1.314","2_39_79_378_2020-01-27 16:31:42.682560","2","CA-326","2-39-79-378","8.73","0.37"
"27-01-2020 16:37","28-01-2020 02:11","28-01-2020 01:13","9.964","2_39_126_560_2020-01-27 16:37:04.852939","2","CA-506","2-39-126-560","9.57","8.6"
"27-01-2020 16:37","28-01-2020 01:25","27-01-2020 19:27","13.158","2_39_88_24_2020-01-27 16:37:45.715489","2","CA-314","2-39-88-24","8.8","2.83"
"27-01-2020 16:38","28-01-2020 01:40","27-01-2020 23:51","6.301","2_39_79_376_2020-01-27 16:38:52.668164","2","CA-324","2-39-79-376","9.03","7.22"
"27-01-2020 16:40","28-01-2020 02:07","27-01-2020 21:06","15.267","2_39_127_19_2020-01-27 16:40:04.636232","2","CA-309","2-39-127-19","9.45","4.43"
"27-01-2020 16:45","27-01-2020 22:33","27-01-2020 21:57","37.6","2_39_89_439_2020-01-27 16:45:17.888023","2","CA-501","2-39-89-439","5.8","5.2"
"27-01-2020 16:58","28-01-2020 00:46","27-01-2020 20:20","19.15","2_39_79_382_2020-01-27 16:58:55.786901","2","CA-491","2-39-79-382","7.8","3.37"
"27-01-2020 17:01","28-01-2020 00:29","27-01-2020 21:06","8.604","2_39_78_361_2020-01-27 17:01:01.929572","2","CA-493","2-39-78-361","7.47","4.08"
"27-01-2020 17:06","28-01-2020 02:37","27-01-2020 18:35","4.544","2_39_125_21_2020-01-27 17:06:46.315720","2","CA-311","2-39-125-21","9.52","1.48"
"27-01-2020 17:07","28-01-2020 00:23","28-01-2020 00:23","40.82","2_39_78_363_2020-01-27 17:07:14.979655","2","CA-320","2-39-78-363","7.27","7.27"
"27-01-2020 17:34","27-01-2020 20:32","27-01-2020 19:34","4.866","2_39_126_20_2020-01-27 17:34:54.818166","2","CA-310","2-39-126-20","2.97","2"
"27-01-2020 17:46","28-01-2020 02:13","28-01-2020 01:28","1.077","2_39_78_365_2020-01-27 17:46:09.443503","2","CA-321","2-39-78-365","8.45","7.7"
"27-01-2020 17:53","28-01-2020 06:22","27-01-2020 18:46","1.686000556","2_39_91_437_2020-01-27 17:53:09.598312","2","CA-317","2-39-91-437","12.48","0.88"
"27-01-2020 18:03","28-01-2020 03:14","27-01-2020 20:57","13.071","2_39_78_364_2020-01-27 18:03:10.700769","2","CA-495","2-39-78-364","9.18","2.9"
"27-01-2020 18:32","28-01-2020 02:24","27-01-2020 20:42","6.026","2_39_92_442_2020-01-27 18:32:34.467122","2","CA-498","2-39-92-442","7.87","2.17"
"27-01-2020 18:38","28-01-2020 00:52","27-01-2020 19:27","2.108","2_39_90_440_2020-01-27 18:38:33.331232","2","CA-500","2-39-90-440","6.23","0.82"
"27-01-2020 18:39","28-01-2020 01:51","27-01-2020 19:40","2.928","2_39_89_25_2020-01-27 18:39:26.995604","2","CA-315","2-39-89-25","7.2","1.02"
"27-01-2020 18:39","27-01-2020 19:43","27-01-2020 19:40","4.125","2_39_124_22_2020-01-27 18:39:53.082643","2","CA-312","2-39-124-22","1.07","1.02"
"27-01-2020 18:54","28-01-2020 03:01","28-01-2020 01:57","43.915","2_39_91_441_2020-01-27 18:54:35.894682","2","CA-499","2-39-91-441","8.12","7.05"
"27-01-2020 19:22","28-01-2020 02:03","27-01-2020 20:40","8.199","2_39_123_23_2020-01-27 19:22:26.528040","2","CA-313","2-39-123-23","6.68","1.3"
"27-01-2020 19:47","28-01-2020 01:13","27-01-2020 23:29","0.861","2_39_124_22_2020-01-27 19:47:05.254217","2","CA-312","2-39-124-22","5.43","3.7"
"27-01-2020 21:12","28-01-2020 01:23","28-01-2020 00:47","0.929","2_39_126_20_2020-01-27 21:12:38.882213","2","CA-310","2-39-126-20","4.18","3.58"
"27-01-2020 21:34","28-01-2020 05:27","27-01-2020 21:57","1.13","2_39_79_380_2020-01-27 21:34:03.601464","2","CA-489","2-39-79-380","7.88","0.38"
"27-01-2020 21:38","28-01-2020 01:29","28-01-2020 01:30","7.028","2_39_78_362_2020-01-27 21:38:15.457116","2","CA-496","2-39-78-362","3.85","3.87"
"28-01-2020 00:48","28-01-2020 01:50","28-01-2020 01:18","0.828","2_39_138_29_2020-01-28 00:48:21.332798","2","CA-304","2-39-138-29","1.03","0.5"
"28-01-2020 05:23","28-01-2020 06:23","28-01-2020 06:23","3.408","2_39_139_28_2020-01-28 05:23:33.521187","2","CA-303","2-39-139-28","1","1"
"28-01-2020 06:34","28-01-2020 16:25","28-01-2020 08:32","5.973","2_39_139_28_2020-01-28 06:34:09.710920","2","CA-303","2-39-139-28","9.85","1.97"
"28-01-2020 16:05","29-01-2020 00:14","28-01-2020 17:36","4.305","2_39_138_29_2020-01-28 16:05:09.626591","2","CA-304","2-39-138-29","8.15","1.52"
"28-01-2020 16:14","28-01-2020 18:45","28-01-2020 18:45","16.513","2_39_78_361_2020-01-28 16:14:01.614329","2","CA-493","2-39-78-361","2.52","2.52"
"28-01-2020 16:21","29-01-2020 03:12","28-01-2020 23:28","45.222","2_39_129_17_2020-01-28 16:21:35.943774","2","CA-307","2-39-129-17","10.85","7.12"
"28-01-2020 16:32","29-01-2020 01:46","28-01-2020 16:57","0.698","2_39_79_379_2020-01-28 16:32:18.123493","2","CA-327","2-39-79-379","9.23","0.42"
"28-01-2020 16:35","29-01-2020 00:26","29-01-2020 00:26","12.864","2_39_79_383_2020-01-28 16:35:39.514074","2","CA-492","2-39-79-383","7.85","7.85"
"28-01-2020 16:37","28-01-2020 22:41","28-01-2020 20:00","19.452","2_39_91_437_2020-01-28 16:37:57.729335","2","CA-317","2-39-91-437","6.07","3.38"
"28-01-2020 16:57","28-01-2020 20:39","28-01-2020 18:41","5.131","2_39_127_19_2020-01-28 16:57:45.580830","2","CA-309","2-39-127-19","3.7","1.73"
"28-01-2020 16:58","29-01-2020 01:36","28-01-2020 20:00","6.212","2_39_79_378_2020-01-28 16:58:41.576319","2","CA-326","2-39-79-378","8.63","3.03"
"28-01-2020 17:05","29-01-2020 03:17","28-01-2020 18:29","4.552","2_39_125_21_2020-01-28 17:05:08.180201","2","CA-311","2-39-125-21","10.2","1.4"
"28-01-2020 17:05","29-01-2020 00:23","28-01-2020 22:43","9.31","2_39_79_376_2020-01-28 17:05:47.743075","2","CA-324","2-39-79-376","7.3","5.63"
"28-01-2020 17:07","29-01-2020 00:32","28-01-2020 21:45","22.223","2_39_79_382_2020-01-28 17:07:39.422347","2","CA-491","2-39-79-382","7.42","4.63"
"28-01-2020 17:09","29-01-2020 01:18","28-01-2020 18:27","3.657","2_39_89_25_2020-01-28 17:09:43.481401","2","CA-315","2-39-89-25","8.15","1.3"
"28-01-2020 17:10","29-01-2020 02:43","29-01-2020 00:25","18.379","2_39_78_360_2020-01-28 17:10:49.441588","2","CA-322","2-39-78-360","9.55","7.25"
"28-01-2020 17:16","29-01-2020 02:24","28-01-2020 18:29","3.768","2_39_123_23_2020-01-28 17:16:28.136291","2","CA-313","2-39-123-23","9.13","1.22"
"28-01-2020 17:17","29-01-2020 02:10","28-01-2020 18:47","6.636","2_39_78_365_2020-01-28 17:17:08.413206","2","CA-321","2-39-78-365","8.88","1.5"
"28-01-2020 17:18","29-01-2020 01:03","28-01-2020 19:17","4.69","2_39_124_22_2020-01-28 17:18:06.961681","2","CA-312","2-39-124-22","7.75","1.98"
"28-01-2020 17:27","28-01-2020 23:06","28-01-2020 20:51","0.908","2_39_88_24_2020-01-28 17:27:48.078287","2","CA-314","2-39-88-24","5.65","3.4"
"28-01-2020 17:28","28-01-2020 18:17","28-01-2020 17:59","0.86","2_39_95_27_2020-01-28 17:28:35.414928","2","CA-319","2-39-95-27","0.82","0.52"
"28-01-2020 17:31","29-01-2020 03:03","28-01-2020 22:12","15.666","2_39_92_436_2020-01-28 17:31:19.985861","2","CA-318","2-39-92-436","9.53","4.68"
"28-01-2020 17:35","29-01-2020 00:05","28-01-2020 18:23","4.45","2_39_126_20_2020-01-28 17:35:07.958200","2","CA-310","2-39-126-20","6.5","0.8"
"28-01-2020 18:09","29-01-2020 03:13","28-01-2020 20:13","11.224","2_39_79_380_2020-01-28 18:09:55.240807","2","CA-489","2-39-79-380","9.07","2.07"
"28-01-2020 18:11","29-01-2020 00:41","28-01-2020 23:51","0.753","2_39_79_377_2020-01-28 18:11:25.234182","2","CA-325","2-39-79-377","6.5","5.67"
"28-01-2020 18:12","29-01-2020 01:29","28-01-2020 20:17","11.932","2_39_91_441_2020-01-28 18:12:29.288074","2","CA-499","2-39-91-441","7.28","2.08"
"28-01-2020 18:17","28-01-2020 19:47","28-01-2020 19:39","0.935","2_39_78_363_2020-01-28 18:17:21.850797","2","CA-320","2-39-78-363","1.5","1.37"
"28-01-2020 18:24","28-01-2020 23:58","28-01-2020 19:55","9.465","2_39_95_444_2020-01-28 18:24:41.234105","2","CA-497","2-39-95-444","5.57","1.52"
"28-01-2020 18:31","28-01-2020 20:48","28-01-2020 20:49","0.85","2_39_90_26_2020-01-28 18:31:37.185142","2","CA-316","2-39-90-26","2.28","2.3"
"28-01-2020 18:35","29-01-2020 02:13","28-01-2020 23:51","0.875","2_39_90_440_2020-01-28 18:35:23.840221","2","CA-500","2-39-90-440","7.63","5.27"
"28-01-2020 18:48","29-01-2020 01:45","28-01-2020 20:20","4.606","2_39_88_438_2020-01-28 18:48:52.445659","2","CA-502","2-39-88-438","6.95","1.53"
"28-01-2020 19:02","28-01-2020 19:56","28-01-2020 19:56","1.318","2_39_78_361_2020-01-28 19:02:46.436130","2","CA-493","2-39-78-361","0.9","0.9"
"28-01-2020 19:52","28-01-2020 23:17","28-01-2020 21:16","2.833","2_39_78_363_2020-01-28 19:52:01.362206","2","CA-320","2-39-78-363","3.42","1.4"
"28-01-2020 19:57","28-01-2020 20:51","28-01-2020 20:50","0.844","2_39_128_18_2020-01-28 19:57:18.587859","2","CA-308","2-39-128-18","0.9","0.88"
"28-01-2020 20:37","28-01-2020 21:46","28-01-2020 21:45","7.22","2_39_126_560_2020-01-28 20:37:58.674748","2","CA-506","2-39-126-560","1.15","1.13"
"28-01-2020 20:48","28-01-2020 23:06","28-01-2020 21:19","0.824","2_39_90_26_2020-01-28 20:48:33.650714","2","CA-316","2-39-90-26","2.3","0.52"
"28-01-2020 20:48","28-01-2020 22:29","28-01-2020 21:34","1.855","2_39_127_19_2020-01-28 20:48:45.082348","2","CA-309","2-39-127-19","1.68","0.77"
"28-01-2020 21:43","29-01-2020 01:25","28-01-2020 22:17","1.666","2_39_130_31_2020-01-28 21:43:05.181592","2","CA-306","2-39-130-31","3.7","0.57"
"28-01-2020 22:03","29-01-2020 03:06","29-01-2020 00:57","12.658","2_39_126_560_2020-01-28 22:03:41.291694","2","CA-506","2-39-126-560","5.05","2.9"
"28-01-2020 22:25","29-01-2020 00:21","29-01-2020 00:17","0.914","2_39_78_367_2020-01-28 22:25:10.242983","2","CA-494","2-39-78-367","1.93","1.87"
"28-01-2020 22:44","29-01-2020 00:17","29-01-2020 00:17","4.132","2_39_78_361_2020-01-28 22:44:43.047942","2","CA-493","2-39-78-361","1.55","1.55"
"28-01-2020 23:06","30-01-2020 02:18","29-01-2020 02:39","11.847","2_39_127_19_2020-01-28 23:06:07.723855","2","CA-309","2-39-127-19","27.2","3.55"
"29-01-2020 00:08","29-01-2020 03:27","29-01-2020 03:27","21.29","2_39_91_437_2020-01-29 00:08:14.803618","2","CA-317","2-39-91-437","3.32","3.32"
"29-01-2020 01:22","29-01-2020 02:40","29-01-2020 01:55","1.176","2_39_138_29_2020-01-29 01:22:31.060489","2","CA-304","2-39-138-29","1.3","0.55"
"29-01-2020 02:49","29-01-2020 04:45","29-01-2020 04:44","12.695","2_39_139_28_2020-01-29 02:49:55.457015","2","CA-303","2-39-139-28","1.93","1.92"
"29-01-2020 03:27","29-01-2020 05:56","29-01-2020 05:19","5.578","2_39_83_386_2020-01-29 03:27:44.940298","2","CA-212","2-39-83-386","2.48","1.87"
"29-01-2020 14:57","30-01-2020 16:54","29-01-2020 21:18","14.054","2_39_79_383_2020-01-29 14:57:27.460060","2","CA-492","2-39-79-383","25.95","6.35"
"29-01-2020 15:45","29-01-2020 21:42","29-01-2020 20:00","16.594","2_39_79_382_2020-01-29 15:45:32.883371","2","CA-491","2-39-79-382","5.95","4.25"
"29-01-2020 16:01","29-01-2020 22:26","29-01-2020 16:31","0.789","2_39_79_380_2020-01-29 16:01:02.913296","2","CA-489","2-39-79-380","6.42","0.5"
"29-01-2020 16:08","29-01-2020 20:27","29-01-2020 20:03","0.835","2_39_79_378_2020-01-29 16:08:38.042637","2","CA-326","2-39-79-378","4.32","3.92"
"29-01-2020 16:15","29-01-2020 19:36","29-01-2020 19:35","21.833","2_39_95_444_2020-01-29 16:15:21.866589","2","CA-497","2-39-95-444","3.35","3.33"
"29-01-2020 16:36","29-01-2020 17:24","29-01-2020 17:25","4.815","2_39_78_362_2020-01-29 16:36:51.511178","2","CA-496","2-39-78-362","0.8","0.82"
"29-01-2020 16:43","29-01-2020 20:46","29-01-2020 18:16","5.005","2_39_123_23_2020-01-29 16:43:41.810373","2","CA-313","2-39-123-23","4.05","1.55"
"29-01-2020 16:45","30-01-2020 01:50","29-01-2020 18:12","4.705","2_39_124_558_2020-01-29 16:45:48.456526","2","CA-504","2-39-124-558","9.08","1.45"
"29-01-2020 16:59","30-01-2020 01:43","29-01-2020 19:16","6.015","2_39_79_376_2020-01-29 16:59:52.033198","2","CA-324","2-39-79-376","8.73","2.28"
"29-01-2020 17:04","29-01-2020 20:21","29-01-2020 19:09","6.276","2_39_88_24_2020-01-29 17:04:37.696728","2","CA-314","2-39-88-24","3.28","2.08"
"29-01-2020 17:08","30-01-2020 00:24","29-01-2020 20:38","9.93","2_39_78_365_2020-01-29 17:08:13.137387","2","CA-321","2-39-78-365","7.27","3.5"
"29-01-2020 17:09","30-01-2020 02:23","29-01-2020 22:31","0.817","2_39_79_381_2020-01-29 17:09:07.987000","2","CA-490","2-39-79-381","9.23","5.37"
"29-01-2020 17:16","29-01-2020 22:36","29-01-2020 20:03","8.498","2_39_91_437_2020-01-29 17:16:50.183298","2","CA-317","2-39-91-437","5.33","2.78"
"29-01-2020 17:20","30-01-2020 00:22","29-01-2020 21:38","14.393","2_39_125_21_2020-01-29 17:20:42.797289","2","CA-311","2-39-125-21","7.03","4.3"
"29-01-2020 17:25","30-01-2020 02:13","29-01-2020 18:35","6.254","2_39_79_377_2020-01-29 17:25:53.251538","2","CA-325","2-39-79-377","8.8","1.17"
"29-01-2020 17:31","29-01-2020 23:59","29-01-2020 19:27","11.838","2_39_126_20_2020-01-29 17:31:36.592346","2","CA-310","2-39-126-20","6.47","1.93"
"29-01-2020 17:32","30-01-2020 04:41","29-01-2020 21:40","13.948","2_39_95_27_2020-01-29 17:32:19.825066","2","CA-319","2-39-95-27","11.15","4.13"
"29-01-2020 17:46","30-01-2020 03:18","29-01-2020 18:58","3.765","2_39_89_25_2020-01-29 17:46:41.493785","2","CA-315","2-39-89-25","9.53","1.2"
"29-01-2020 18:15","30-01-2020 03:14","29-01-2020 20:08","11.501","2_39_91_441_2020-01-29 18:15:37.359926","2","CA-499","2-39-91-441","8.98","1.88"
"29-01-2020 18:23","30-01-2020 01:56","29-01-2020 19:10","1.941","2_39_90_26_2020-01-29 18:23:32.419836","2","CA-316","2-39-90-26","7.55","0.78"
"29-01-2020 18:48","29-01-2020 20:35","29-01-2020 20:36","0.564","2_39_78_362_2020-01-29 18:48:38.340487","2","CA-496","2-39-78-362","1.78","1.8"
"29-01-2020 19:07","29-01-2020 22:41","29-01-2020 20:57","5.664","2_39_90_440_2020-01-29 19:07:03.299416","2","CA-500","2-39-90-440","3.57","1.83"
"29-01-2020 19:14","30-01-2020 02:13","30-01-2020 00:25","12.527","2_39_78_360_2020-01-29 19:14:16.855996","2","CA-322","2-39-78-360","6.98","5.18"
"29-01-2020 20:10","30-01-2020 02:01","30-01-2020 00:41","23.11","2_39_78_366_2020-01-29 20:10:40.178920","2","CA-323","2-39-78-366","5.85","4.52"
"29-01-2020 20:20","30-01-2020 01:09","29-01-2020 23:38","21.717","2_39_124_22_2020-01-29 20:20:30.232601","2","CA-312","2-39-124-22","4.82","3.3"
"29-01-2020 20:21","30-01-2020 00:49","30-01-2020 00:49","27.163","2_39_78_364_2020-01-29 20:21:07.268096","2","CA-495","2-39-78-364","4.47","4.47"
"29-01-2020 20:41","29-01-2020 23:56","29-01-2020 22:07","3.124","2_39_88_24_2020-01-29 20:41:56.778657","2","CA-314","2-39-88-24","3.25","1.43"
"29-01-2020 21:36","30-01-2020 02:56","29-01-2020 23:37","6.545","2_39_79_378_2020-01-29 21:36:02.344185","2","CA-326","2-39-79-378","5.33","2.02"
"29-01-2020 21:48","30-01-2020 00:30","29-01-2020 22:31","0.819","2_39_79_382_2020-01-29 21:48:56.769998","2","CA-491","2-39-79-382","2.7","0.72"
"29-01-2020 22:10","30-01-2020 01:00","30-01-2020 00:21","6.529","2_39_78_363_2020-01-29 22:10:29.010384","2","CA-320","2-39-78-363","2.83","2.18"
"29-01-2020 22:37","30-01-2020 00:33","29-01-2020 23:10","2.002","2_39_91_437_2020-01-29 22:37:50.070439","2","CA-317","2-39-91-437","1.93","0.55"
"29-01-2020 23:00","30-01-2020 00:49","29-01-2020 23:31","0.842","2_39_90_440_2020-01-29 23:00:57.172689","2","CA-500","2-39-90-440","1.82","0.52"
"30-01-2020 01:05","30-01-2020 02:55","30-01-2020 02:45","0.892","2_39_126_20_2020-01-30 01:04:59.910192","2","CA-310","2-39-126-20","1.83","1.67"
"30-01-2020 02:35","30-01-2020 04:41","30-01-2020 04:29","6.368","2_39_138_29_2020-01-30 02:35:20.959302","2","CA-304","2-39-138-29","2.1","1.9"
"30-01-2020 03:19","30-01-2020 04:07","30-01-2020 03:49","0.833","2_39_131_30_2020-01-30 03:19:33.146344","2","CA-305","2-39-131-30","0.8","0.5"
"30-01-2020 15:41","30-01-2020 22:10","30-01-2020 20:50","23.601","2_39_79_379_2020-01-30 15:41:18.551665","2","CA-327","2-39-79-379","6.48","5.15"
"30-01-2020 15:49","31-01-2020 04:35","30-01-2020 22:46","40.337","2_39_79_381_2020-01-30 15:49:43.167580","2","CA-490","2-39-79-381","12.77","6.95"
"30-01-2020 15:50","30-01-2020 21:57","30-01-2020 19:57","0.804","2_39_79_380_2020-01-30 15:50:51.459741","2","CA-489","2-39-79-380","6.12","4.12"
"30-01-2020 16:15","31-01-2020 01:50","31-01-2020 00:35","0.904","2_39_78_366_2020-01-30 16:15:36.958733","2","CA-323","2-39-78-366","9.58","8.33"
"30-01-2020 16:22","30-01-2020 22:36","30-01-2020 17:55","2.982","2_39_79_382_2020-01-30 16:22:06.470948","2","CA-491","2-39-79-382","6.23","1.55"
"30-01-2020 16:24","30-01-2020 19:42","30-01-2020 19:33","9.389","2_39_78_364_2020-01-30 16:24:09.878931","2","CA-495","2-39-78-364","3.3","3.15"
"30-01-2020 16:27","31-01-2020 00:29","30-01-2020 18:45","12.883","2_39_91_437_2020-01-30 16:27:34.559100","2","CA-317","2-39-91-437","8.03","2.3"
"30-01-2020 16:33","30-01-2020 17:42","30-01-2020 16:58","0.886","2_39_130_31_2020-01-30 16:33:01.952677","2","CA-306","2-39-130-31","1.15","0.42"
"30-01-2020 16:35","30-01-2020 22:55","30-01-2020 20:51","12.773","2_39_79_377_2020-01-30 16:35:29.023034","2","CA-325","2-39-79-377","6.33","4.27"
"30-01-2020 16:37","31-01-2020 02:51","30-01-2020 18:15","5.017","2_39_78_363_2020-01-30 16:37:22.968582","2","CA-320","2-39-78-363","10.23","1.63"
"30-01-2020 16:39","31-01-2020 01:03","31-01-2020 00:45","0.878","2_39_79_376_2020-01-30 16:39:49.291553","2","CA-324","2-39-79-376","8.4","8.1"
"30-01-2020 16:40","31-01-2020 00:58","30-01-2020 17:44","1.908","2_39_79_378_2020-01-30 16:40:04.840087","2","CA-326","2-39-79-378","8.3","1.07"
"30-01-2020 16:43","30-01-2020 20:35","30-01-2020 20:36","0.944","2_39_78_362_2020-01-30 16:43:52.401896","2","CA-496","2-39-78-362","3.87","3.88"
"30-01-2020 16:49","31-01-2020 01:44","30-01-2020 19:02","12.52","2_39_125_21_2020-01-30 16:49:49.805666","2","CA-311","2-39-125-21","8.92","2.22"
"30-01-2020 16:53","31-01-2020 03:52","30-01-2020 18:50","5.839","2_39_95_27_2020-01-30 16:53:38.835606","2","CA-319","2-39-95-27","10.98","1.95"
"30-01-2020 16:55","31-01-2020 01:06","30-01-2020 19:34","7.771","2_39_123_23_2020-01-30 16:55:03.821103","2","CA-313","2-39-123-23","8.18","2.65"
"30-01-2020 16:56","30-01-2020 20:41","30-01-2020 18:32","5.069","2_39_127_19_2020-01-30 16:56:40.267594","2","CA-309","2-39-127-19","3.75","1.6"
"30-01-2020 17:06","31-01-2020 03:09","30-01-2020 19:09","11.071","2_39_78_365_2020-01-30 17:06:16.226431","2","CA-321","2-39-78-365","10.05","2.05"
"30-01-2020 17:08","31-01-2020 00:32","30-01-2020 19:46","11.108","2_39_92_436_2020-01-30 17:08:27.934445","2","CA-318","2-39-92-436","7.4","2.63"
"30-01-2020 17:31","31-01-2020 00:37","30-01-2020 18:20","2.057","2_39_88_24_2020-01-30 17:31:39.532159","2","CA-314","2-39-88-24","7.1","0.82"
"30-01-2020 17:49","30-01-2020 23:41","30-01-2020 19:47","12.061","2_39_130_31_2020-01-30 17:49:37.075676","2","CA-306","2-39-130-31","5.87","1.97"
"30-01-2020 18:16","31-01-2020 02:05","30-01-2020 20:05","10.554","2_39_89_25_2020-01-30 18:16:30.400015","2","CA-315","2-39-89-25","7.82","1.82"
"30-01-2020 18:31","31-01-2020 01:36","31-01-2020 01:36","2.316","2_39_79_383_2020-01-30 18:31:46.211414","2","CA-492","2-39-79-383","7.08","7.08"
"30-01-2020 18:41","31-01-2020 01:54","31-01-2020 00:35","4.144","2_39_126_20_2020-01-30 18:41:11.958785","2","CA-310","2-39-126-20","7.22","5.9"
"30-01-2020 18:43","31-01-2020 01:37","30-01-2020 19:50","3.225","2_39_92_442_2020-01-30 18:43:41.315712","2","CA-498","2-39-92-442","6.9","1.12"
"30-01-2020 18:50","31-01-2020 01:59","30-01-2020 20:51","6.412","2_39_124_22_2020-01-30 18:50:26.473192","2","CA-312","2-39-124-22","7.15","2.02"
"30-01-2020 19:33","31-01-2020 01:59","30-01-2020 20:13","1.849","2_39_91_441_2020-01-30 19:33:59.021470","2","CA-499","2-39-91-441","6.43","0.67"
"30-01-2020 20:11","31-01-2020 02:04","31-01-2020 01:08","0.897","2_39_78_361_2020-01-30 20:11:52.730700","2","CA-493","2-39-78-361","5.88","4.95"
"30-01-2020 21:27","31-01-2020 02:49","30-01-2020 22:43","1.414","2_39_127_19_2020-01-30 21:27:19.822041","2","CA-309","2-39-127-19","5.37","1.27"
"30-01-2020 22:25","30-01-2020 23:17","30-01-2020 22:46","2.88","2_39_79_379_2020-01-30 22:25:56.767707","2","CA-327","2-39-79-379","0.87","0.35"
"31-01-2020 00:10","31-01-2020 04:31","31-01-2020 03:09","9.272","2_39_130_31_2020-01-31 00:10:05.351700","2","CA-306","2-39-130-31","4.35","2.98"
"31-01-2020 00:56","31-01-2020 03:07","31-01-2020 01:41","3.891","2_39_91_437_2020-01-31 00:56:22.560446","2","CA-317","2-39-91-437","2.18","0.75"
"31-01-2020 02:38","31-01-2020 06:22","31-01-2020 06:22","12.743","2_39_89_25_2020-01-31 02:38:40.327787","2","CA-315","2-39-89-25","3.73","3.73"
"31-01-2020 04:50","31-01-2020 05:43","31-01-2020 05:43","2.929","2_39_139_28_2020-01-31 04:50:48.896465","2","CA-303","2-39-139-28","0.88","0.88"
"31-01-2020 12:56","31-01-2020 14:19","31-01-2020 14:19","8.193","2_39_131_30_2020-01-31 12:56:01.003882","2","CA-305","2-39-131-30","1.38","1.38"
"31-01-2020 14:49","01-02-2020 15:49","31-01-2020 18:55","13.5","2_39_79_383_2020-01-31 14:49:02.440573","2","CA-492","2-39-79-383","25","4.1"
"31-01-2020 15:44","01-02-2020 01:58","31-01-2020 17:00","2.589","2_39_79_382_2020-01-31 15:44:59.398284","2","CA-491","2-39-79-382","10.23","1.27"
"31-01-2020 15:45","31-01-2020 19:28","31-01-2020 16:30","4.132","2_39_139_28_2020-01-31 15:45:53.331331","2","CA-303","2-39-139-28","3.72","0.75"
"31-01-2020 15:47","31-01-2020 23:37","31-01-2020 20:46","16.403","2_39_78_366_2020-01-31 15:47:15.144555","2","CA-323","2-39-78-366","7.83","4.98"
"31-01-2020 15:57","31-01-2020 21:35","31-01-2020 21:26","0.839","2_39_79_380_2020-01-31 15:57:17.033463","2","CA-489","2-39-79-380","5.63","5.48"
"31-01-2020 16:10","01-02-2020 02:22","31-01-2020 20:59","30.84","2_39_95_27_2020-01-31 16:10:29.735207","2","CA-319","2-39-95-27","10.2","4.82"
"31-01-2020 16:16","01-02-2020 01:06","31-01-2020 22:29","35.559","2_39_78_364_2020-01-31 16:16:29.292436","2","CA-495","2-39-78-364","8.83","6.22"
"31-01-2020 16:24","01-02-2020 00:53","31-01-2020 20:56","15.185","2_39_131_30_2020-01-31 16:24:34.767359","2","CA-305","2-39-131-30","8.48","4.53"
"31-01-2020 16:29","31-01-2020 22:00","31-01-2020 22:01","5.677","2_39_78_362_2020-01-31 16:29:42.678168","2","CA-496","2-39-78-362","5.52","5.53"
"31-01-2020 16:51","01-02-2020 00:27","31-01-2020 17:17","1.53","2_39_79_379_2020-01-31 16:51:29.797698","2","CA-327","2-39-79-379","7.6","0.43"
"31-01-2020 16:52","31-01-2020 22:40","31-01-2020 18:36","5.091","2_39_128_562_2020-01-31 16:52:49.352872","2","CA-508","2-39-128-562","5.8","1.73"
"31-01-2020 17:09","01-02-2020 05:31","31-01-2020 19:02","5.537","2_39_127_19_2020-01-31 17:09:29.142043","2","CA-309","2-39-127-19","12.37","1.88"
"31-01-2020 17:15","01-02-2020 00:34","31-01-2020 18:57","3.623","2_39_126_20_2020-01-31 17:15:18.373212","2","CA-310","2-39-126-20","7.32","1.7"
"31-01-2020 17:19","31-01-2020 18:36","31-01-2020 18:36","8.597","2_39_124_22_2020-01-31 17:19:01.991803","2","CA-312","2-39-124-22","1.28","1.28"
"31-01-2020 17:33","31-01-2020 20:36","31-01-2020 19:13","0.916","2_39_123_23_2020-01-31 17:33:21.015835","2","CA-313","2-39-123-23","3.05","1.67"
"31-01-2020 17:47","31-01-2020 20:50","31-01-2020 19:44","6.078","2_39_79_376_2020-01-31 17:47:39.228872","2","CA-324","2-39-79-376","3.05","1.95"
"31-01-2020 17:47","01-02-2020 00:06","31-01-2020 19:42","12.026","2_39_88_24_2020-01-31 17:47:46.811725","2","CA-314","2-39-88-24","6.32","1.92"
"31-01-2020 17:49","01-02-2020 05:50","31-01-2020 18:37","1.457","2_39_91_437_2020-01-31 17:49:56.206264","2","CA-317","2-39-91-437","12.02","0.8"
"31-01-2020 17:54","01-02-2020 01:17","31-01-2020 22:06","20.359","2_39_79_377_2020-01-31 17:54:40.052339","2","CA-325","2-39-79-377","7.38","4.2"
"31-01-2020 17:57","01-02-2020 02:09","31-01-2020 19:47","11.812","2_39_78_360_2020-01-31 17:57:33.726807","2","CA-322","2-39-78-360","8.2","1.83"
"31-01-2020 18:03","31-01-2020 21:36","31-01-2020 21:36","22.067","2_39_91_441_2020-01-31 18:03:05.440741","2","CA-499","2-39-91-441","3.55","3.55"
"31-01-2020 18:12","01-02-2020 03:15","31-01-2020 20:11","10.986","2_39_92_436_2020-01-31 18:12:53.574050","2","CA-318","2-39-92-436","9.05","1.98"
"31-01-2020 18:13","01-02-2020 01:48","31-01-2020 21:46","10.926","2_39_78_365_2020-01-31 18:13:09.694533","2","CA-321","2-39-78-365","7.58","3.55"
"31-01-2020 18:24","01-02-2020 01:12","01-02-2020 00:24","4.164","2_39_89_25_2020-01-31 18:24:42.202193","2","CA-315","2-39-89-25","6.8","6"
"31-01-2020 18:35","01-02-2020 00:36","01-02-2020 00:25","0.933","2_39_90_440_2020-01-31 18:35:39.931704","2","CA-500","2-39-90-440","6.02","5.83"
"31-01-2020 19:13","01-02-2020 00:36","31-01-2020 19:45","1.846","2_39_88_438_2020-01-31 19:13:16.597023","2","CA-502","2-39-88-438","5.38","0.53"
"31-01-2020 19:18","01-02-2020 01:57","31-01-2020 20:02","1.821","2_39_128_18_2020-01-31 19:18:25.018006","2","CA-308","2-39-128-18","6.65","0.73"
"31-01-2020 19:31","01-02-2020 00:17","31-01-2020 23:47","22.382","2_39_124_22_2020-01-31 19:31:02.732056","2","CA-312","2-39-124-22","4.77","4.27"
"31-01-2020 20:27","01-02-2020 02:43","31-01-2020 22:28","6.524","2_39_89_439_2020-01-31 20:27:05.607522","2","CA-501","2-39-89-439","6.27","2.02"
"31-01-2020 21:15","31-01-2020 23:57","31-01-2020 22:26","2.182","2_39_123_23_2020-01-31 21:15:56.482574","2","CA-313","2-39-123-23","2.7","1.18"
"31-01-2020 21:19","01-02-2020 04:13","01-02-2020 04:13","0.751","2_39_139_28_2020-01-31 21:19:24.572549","2","CA-303","2-39-139-28","6.9","6.9"
"31-01-2020 21:40","01-02-2020 02:17","31-01-2020 23:33","5.929","2_39_79_376_2020-01-31 21:40:27.060361","2","CA-324","2-39-79-376","4.62","1.88"
"31-01-2020 21:44","01-02-2020 00:05","31-01-2020 22:10","2.258","2_39_91_441_2020-01-31 21:44:45.654442","2","CA-499","2-39-91-441","2.35","0.43"
"31-01-2020 22:34","01-02-2020 01:12","01-02-2020 00:08","0.827","2_39_79_380_2020-01-31 22:34:02.501730","2","CA-489","2-39-79-380","2.63","1.57"
"01-02-2020 00:38","01-02-2020 02:30","01-02-2020 01:22","1.973","2_39_123_23_2020-02-01 00:38:13.655153","2","CA-313","2-39-123-23","1.87","0.73"
"01-02-2020 02:45","01-02-2020 03:41","01-02-2020 03:16","0.658","2_39_83_386_2020-02-01 02:45:42.182945","2","CA-212","2-39-83-386","0.93","0.52"
"01-02-2020 03:06","01-02-2020 03:25","01-02-2020 03:25","0.614","2_39_126_20_2020-02-01 03:06:06.501159","2","CA-310","2-39-126-20","0.32","0.32"
"01-02-2020 17:25","01-02-2020 19:33","01-02-2020 19:33","10.575","2_39_138_29_2020-02-01 17:25:25.915270","2","CA-304","2-39-138-29","2.13","2.13"
"01-02-2020 18:17","01-02-2020 19:26","01-02-2020 19:05","1.984","2_39_139_28_2020-02-01 18:17:27.459175","2","CA-303","2-39-139-28","1.15","0.8"
"01-02-2020 19:28","01-02-2020 22:41","01-02-2020 21:50","7.767","2_39_79_382_2020-02-01 19:28:05.373541","2","CA-491","2-39-79-382","3.22","2.37"
"01-02-2020 23:26","02-02-2020 01:32","02-02-2020 00:10","2.063","2_39_127_19_2020-02-01 23:26:01.934173","2","CA-309","2-39-127-19","2.1","0.73"
"02-02-2020 01:28","03-02-2020 04:21","02-02-2020 03:25","5.935","2_39_79_377_2020-02-02 01:28:04.324509","2","CA-325","2-39-79-377","26.88","1.95"
"02-02-2020 01:49","02-02-2020 02:01","02-02-2020 02:01","1.324","2_39_78_366_2020-02-02 01:49:23.018552","2","CA-323","2-39-78-366","0.2","0.2"
"02-02-2020 02:19","02-02-2020 06:13","02-02-2020 04:52","0.853","2_39_78_366_2020-02-02 02:19:04.964600","2","CA-323","2-39-78-366","3.9","2.55"
"02-02-2020 03:20","02-02-2020 04:04","02-02-2020 04:04","2.393","2_39_138_29_2020-02-02 03:20:56.333765","2","CA-304","2-39-138-29","0.73","0.73"
"02-02-2020 03:36","02-02-2020 22:20","02-02-2020 11:17","49.24","2_39_131_30_2020-02-02 03:36:50.527419","2","CA-305","2-39-131-30","18.73","7.68"
"02-02-2020 16:26","02-02-2020 18:09","02-02-2020 17:50","4.019","2_39_89_25_2020-02-02 16:26:39.322813","2","CA-315","2-39-89-25","1.72","1.4"
"02-02-2020 18:17","02-02-2020 22:52","02-02-2020 20:45","7.599","2_39_79_383_2020-02-02 18:17:37.513041","2","CA-492","2-39-79-383","4.58","2.47"
"02-02-2020 18:25","02-02-2020 21:29","02-02-2020 20:50","14.891","2_39_78_366_2020-02-02 18:25:09.017872","2","CA-323","2-39-78-366","3.07","2.42"
"02-02-2020 18:47","02-02-2020 19:58","02-02-2020 19:17","0.85","2_39_89_25_2020-02-02 18:47:24.553518","2","CA-315","2-39-89-25","1.18","0.5"
"02-02-2020 19:17","02-02-2020 21:25","02-02-2020 21:01","5.162","2_39_127_19_2020-02-02 19:17:42.763107","2","CA-309","2-39-127-19","2.13","1.73"
"02-02-2020 20:04","02-02-2020 23:04","02-02-2020 21:25","7.759","2_39_139_28_2020-02-02 20:04:53.837784","2","CA-303","2-39-139-28","3","1.35"
"02-02-2020 20:27","02-02-2020 21:47","02-02-2020 21:08","3.144","2_39_138_29_2020-02-02 20:27:26.252406","2","CA-304","2-39-138-29","1.33","0.68"
"02-02-2020 22:51","02-02-2020 23:41","02-02-2020 23:41","5.244","2_39_79_382_2020-02-02 22:51:36.597889","2","CA-491","2-39-79-382","0.83","0.83"
"03-02-2020 14:54","04-02-2020 01:03","","12.521","2_39_79_383_2020-02-03 14:54:20.566186","2","CA-492","2-39-79-383","10.15",""
"03-02-2020 15:56","03-02-2020 16:25","","0.771","2_39_79_380_2020-02-03 15:56:23.744703","2","CA-489","2-39-79-380","0.48",""
"03-02-2020 16:05","03-02-2020 18:37","","7.17","2_39_79_382_2020-02-03 16:05:34.755168","2","CA-491","2-39-79-382","2.53",""
"03-02-2020 16:13","04-02-2020 00:40","","33.393","2_39_78_366_2020-02-03 16:13:52.705341","2","CA-323","2-39-78-366","8.45",""
"03-02-2020 16:15","04-02-2020 01:41","","0.972","2_39_131_30_2020-02-03 16:15:33.016682","2","CA-305","2-39-131-30","9.43",""
"03-02-2020 16:21","03-02-2020 20:42","","0.884","2_39_130_31_2020-02-03 16:21:38.406427","2","CA-306","2-39-130-31","4.35",""
"03-02-2020 16:28","03-02-2020 20:32","","4.799","2_39_139_28_2020-02-03 16:28:04.625879","2","CA-303","2-39-139-28","4.07",""
"03-02-2020 16:31","03-02-2020 20:10","","4.436","2_39_138_29_2020-02-03 16:31:15.196462","2","CA-304","2-39-138-29","3.65",""
"03-02-2020 16:34","04-02-2020 02:18","","2.816","2_39_79_380_2020-02-03 16:34:33.309258","2","CA-489","2-39-79-380","9.73",""
"03-02-2020 16:40","04-02-2020 01:29","","6.219","2_39_79_376_2020-02-03 16:40:37.485756","2","CA-324","2-39-79-376","8.82",""
"03-02-2020 16:42","03-02-2020 23:26","","18.799","2_39_79_379_2020-02-03 16:42:38.923217","2","CA-327","2-39-79-379","6.73",""
"03-02-2020 16:43","04-02-2020 02:22","","13.745","2_39_78_364_2020-02-03 16:43:17.677441","2","CA-495","2-39-78-364","9.65",""
"03-02-2020 16:46","04-02-2020 01:09","","2.611","2_39_129_17_2020-02-03 16:46:18.066782","2","CA-307","2-39-129-17","8.38",""
"03-02-2020 16:56","04-02-2020 00:20","","0.807","2_39_91_441_2020-02-03 16:56:19.143789","2","CA-499","2-39-91-441","7.4",""
"03-02-2020 17:20","03-02-2020 21:30","","0.991","2_39_78_365_2020-02-03 17:20:06.874542","2","CA-321","2-39-78-365","4.17",""
"03-02-2020 17:26","04-02-2020 01:40","","4.446","2_39_89_25_2020-02-03 17:26:00.976368","2","CA-315","2-39-89-25","8.23",""
"03-02-2020 17:26","04-02-2020 00:08","","6.188","2_39_88_438_2020-02-03 17:26:27.951379","2","CA-502","2-39-88-438","6.7",""
"03-02-2020 17:27","04-02-2020 00:31","","22.623","2_39_92_442_2020-02-03 17:27:04.074390","2","CA-498","2-39-92-442","7.07",""
"03-02-2020 17:28","04-02-2020 02:46","","7.439","2_39_78_363_2020-02-03 17:28:42.809230","2","CA-320","2-39-78-363","9.3",""
"03-02-2020 17:32","04-02-2020 01:38","","1.516","2_39_90_26_2020-02-03 17:32:33.861453","2","CA-316","2-39-90-26","8.1",""
"03-02-2020 17:33","03-02-2020 23:20","","3.342","2_39_91_437_2020-02-03 17:33:05.990161","2","CA-317","2-39-91-437","5.78",""
"03-02-2020 18:06","04-02-2020 01:15","","23.085","2_39_79_377_2020-02-03 18:06:08.829678","2","CA-325","2-39-79-377","7.15",""
"03-02-2020 18:14","04-02-2020 03:56","","11.816","2_39_92_436_2020-02-03 18:14:50.920326","2","CA-318","2-39-92-436","9.7",""
"03-02-2020 18:21","04-02-2020 03:15","","13.444","2_39_78_367_2020-02-03 18:21:01.978751","2","CA-494","2-39-78-367","8.9",""
"03-02-2020 18:31","04-02-2020 01:49","","4.147","2_39_125_21_2020-02-03 18:31:46.152102","2","CA-311","2-39-125-21","7.3",""
"03-02-2020 18:42","04-02-2020 01:54","","31.745","2_39_78_362_2020-02-03 18:42:37.060645","2","CA-496","2-39-78-362","7.2",""
"03-02-2020 19:07","03-02-2020 21:31","","0.862","2_39_79_382_2020-02-03 19:07:04.517113","2","CA-491","2-39-79-382","2.4",""
"03-02-2020 19:30","04-02-2020 00:48","","0.855","2_39_90_440_2020-02-03 19:30:30.298697","2","CA-500","2-39-90-440","5.3",""
"03-02-2020 20:01","04-02-2020 00:41","","14.405","2_39_123_23_2020-02-03 20:01:24.126650","2","CA-313","2-39-123-23","4.67",""
"03-02-2020 20:31","04-02-2020 01:51","","34.375","2_39_127_19_2020-02-03 20:31:17.175152","2","CA-309","2-39-127-19","5.33",""
"03-02-2020 20:46","03-02-2020 22:19","","0.885","2_39_138_29_2020-02-03 20:46:13.360130","2","CA-304","2-39-138-29","1.55",""
"03-02-2020 20:49","04-02-2020 01:15","","0.867","2_39_79_378_2020-02-03 20:49:49.455501","2","CA-326","2-39-79-378","4.43",""
"03-02-2020 21:08","04-02-2020 01:07","","1.035","2_39_88_24_2020-02-03 21:08:19.596044","2","CA-314","2-39-88-24","3.98",""
"03-02-2020 21:19","03-02-2020 22:41","","4.434","2_39_126_20_2020-02-03 21:18:51.073678","2","CA-310","2-39-126-20","1.37",""
"03-02-2020 21:19","04-02-2020 01:59","","6.605","2_39_124_22_2020-02-03 21:19:25.304669","2","CA-312","2-39-124-22","4.67",""
"03-02-2020 21:42","04-02-2020 00:36","","0.841","2_39_129_563_2020-02-03 21:42:49.217436","2","CA-509","2-39-129-563","2.9",""
"04-02-2020 00:57","04-02-2020 02:08","","7.671","2_39_78_360_2020-02-04 00:57:22.960247","2","CA-322","2-39-78-360","1.18",""
"04-02-2020 01:30","04-02-2020 03:03","","0.875","2_39_130_31_2020-02-04 01:30:50.824695","2","CA-306","2-39-130-31","1.55",""
"04-02-2020 02:28","04-02-2020 21:58","","1.491","2_39_79_383_2020-02-04 02:28:14.118367","2","CA-492","2-39-79-383","19.5",""
"04-02-2020 04:04","06-02-2020 00:33","","15.067","2_39_127_19_2020-02-04 04:03:53.436589","2","CA-309","2-39-127-19","44.48",""
"04-02-2020 16:07","05-02-2020 00:43","","1.623","2_39_79_380_2020-02-04 16:07:08.969086","2","CA-489","2-39-79-380","8.6",""
"04-02-2020 16:12","04-02-2020 21:15","","5.334","2_39_79_377_2020-02-04 16:12:24.004830","2","CA-325","2-39-79-377","5.05",""
"04-02-2020 16:14","05-02-2020 01:35","","15.547","2_39_131_30_2020-02-04 16:14:01.814195","2","CA-305","2-39-131-30","9.35",""
"04-02-2020 16:14","05-02-2020 00:38","","4.387","2_39_139_28_2020-02-04 16:14:04.640671","2","CA-303","2-39-139-28","8.4",""
"04-02-2020 16:21","05-02-2020 01:36","","0.875","2_39_78_366_2020-02-04 16:21:55.971697","2","CA-323","2-39-78-366","9.25",""
"04-02-2020 16:35","04-02-2020 16:44","","0.743","2_39_78_361_2020-02-04 16:35:43.273212","2","CA-493","2-39-78-361","0.15",""
"04-02-2020 16:38","04-02-2020 20:31","","0.956","2_39_138_29_2020-02-04 16:38:44.949511","2","CA-304","2-39-138-29","3.88",""
"04-02-2020 16:47","04-02-2020 17:29","","0.82","2_39_125_21_2020-02-04 16:47:12.385753","2","CA-311","2-39-125-21","0.7",""
"04-02-2020 16:50","05-02-2020 00:30","","11.407","2_39_78_365_2020-02-04 16:50:29.663772","2","CA-321","2-39-78-365","7.67",""
"04-02-2020 16:56","05-02-2020 02:15","","14.335","2_39_92_442_2020-02-04 16:56:47.333012","2","CA-498","2-39-92-442","9.32",""
"04-02-2020 16:57","05-02-2020 03:00","","5.442","2_39_88_438_2020-02-04 16:57:06.742688","2","CA-502","2-39-88-438","10.05",""
"04-02-2020 17:01","04-02-2020 19:33","","14.128","2_39_78_361_2020-02-04 17:01:58.386322","2","CA-493","2-39-78-361","2.53",""
"04-02-2020 17:02","05-02-2020 04:51","","5.598","2_39_89_439_2020-02-04 17:02:10.360595","2","CA-501","2-39-89-439","11.82",""
"04-02-2020 17:03","05-02-2020 05:58","","13.454","2_39_79_376_2020-02-04 17:03:55.617931","2","CA-324","2-39-79-376","12.92",""
"04-02-2020 17:04","05-02-2020 01:52","","23.481","2_39_91_437_2020-02-04 17:04:41.127926","2","CA-317","2-39-91-437","8.8",""
"04-02-2020 17:07","05-02-2020 01:52","","5.242","2_39_123_23_2020-02-04 17:07:56.565553","2","CA-313","2-39-123-23","8.75",""
"04-02-2020 17:08","04-02-2020 20:06","","4.997","2_39_89_25_2020-02-04 17:08:16.383960","2","CA-315","2-39-89-25","2.97",""
"04-02-2020 17:17","04-02-2020 21:36","","4.672","2_39_90_440_2020-02-04 17:17:50.255269","2","CA-500","2-39-90-440","4.32",""
"04-02-2020 17:24","05-02-2020 00:04","","13.234","2_39_124_22_2020-02-04 17:24:46.704913","2","CA-312","2-39-124-22","6.67",""
"04-02-2020 17:36","05-02-2020 01:52","","7.784","2_39_78_363_2020-02-04 17:36:49.795661","2","CA-320","2-39-78-363","8.27",""
"04-02-2020 17:48","04-02-2020 20:06","","0.669","2_39_88_24_2020-02-04 17:48:59.071565","2","CA-314","2-39-88-24","2.3",""
"04-02-2020 17:59","05-02-2020 03:08","","11.289","2_39_92_436_2020-02-04 17:59:13.043881","2","CA-318","2-39-92-436","9.15",""
"04-02-2020 18:23","05-02-2020 01:27","","12.951","2_39_78_367_2020-02-04 18:23:21.433475","2","CA-494","2-39-78-367","7.07",""
"04-02-2020 18:31","04-02-2020 20:02","","0.892","2_39_95_27_2020-02-04 18:31:14.822978","2","CA-319","2-39-95-27","1.52",""
"04-02-2020 18:41","05-02-2020 01:15","","10.846","2_39_90_26_2020-02-04 18:41:39.202857","2","CA-316","2-39-90-26","6.57",""
"04-02-2020 18:50","05-02-2020 02:28","","6.313","2_39_95_444_2020-02-04 18:50:19.393393","2","CA-497","2-39-95-444","7.63",""
"04-02-2020 18:55","05-02-2020 04:46","","1.883","2_39_125_21_2020-02-04 18:55:52.384995","2","CA-311","2-39-125-21","9.85",""
"04-02-2020 19:00","05-02-2020 02:34","","4.061","2_39_79_382_2020-02-04 19:00:28.525663","2","CA-491","2-39-79-382","7.57",""
"04-02-2020 19:03","05-02-2020 02:35","","1.216","2_39_78_364_2020-02-04 19:02:52.533849","2","CA-495","2-39-78-364","7.53",""
"04-02-2020 19:16","04-02-2020 23:26","","4.087","2_39_91_441_2020-02-04 19:16:28.705327","2","CA-499","2-39-91-441","4.17",""
"04-02-2020 19:29","05-02-2020 00:59","","22.386","2_39_78_362_2020-02-04 19:29:20.544182","2","CA-496","2-39-78-362","5.5",""
"04-02-2020 20:25","04-02-2020 21:42","","0.865","2_39_95_27_2020-02-04 20:25:27.751859","2","CA-319","2-39-95-27","1.28",""
"04-02-2020 21:06","05-02-2020 02:41","","1.013","2_39_89_25_2020-02-04 21:06:05.445428","2","CA-315","2-39-89-25","5.58",""
"04-02-2020 21:23","05-02-2020 02:46","","6.493","2_39_79_377_2020-02-04 21:23:52.416899","2","CA-325","2-39-79-377","5.38",""
"04-02-2020 21:43","04-02-2020 22:24","","0.854","2_39_95_27_2020-02-04 21:43:56.805177","2","CA-319","2-39-95-27","0.68",""
"04-02-2020 21:47","05-02-2020 02:50","","12.221","2_39_90_440_2020-02-04 21:47:11.038832","2","CA-500","2-39-90-440","5.05",""
"04-02-2020 22:09","05-02-2020 02:54","","5.394","2_39_79_383_2020-02-04 22:09:43.406466","2","CA-492","2-39-79-383","4.75",""
"04-02-2020 22:24","05-02-2020 00:06","","0.857","2_39_95_27_2020-02-04 22:24:55.762471","2","CA-319","2-39-95-27","1.7",""
"04-02-2020 23:31","05-02-2020 01:47","","14.165","2_39_91_441_2020-02-04 23:31:42.335683","2","CA-499","2-39-91-441","2.27",""
"05-02-2020 00:30","05-02-2020 02:16","","5.622","2_39_124_22_2020-02-05 00:30:32.227182","2","CA-312","2-39-124-22","1.77",""
"05-02-2020 01:49","05-02-2020 02:50","","1.495","2_39_139_28_2020-02-05 01:49:12.906003","2","CA-303","2-39-139-28","1.02",""
"05-02-2020 02:47","05-02-2020 03:26","","0.869","2_39_130_31_2020-02-05 02:47:34.256402","2","CA-306","2-39-130-31","0.65",""
"05-02-2020 04:26","05-02-2020 05:44","","0.869","2_39_78_365_2020-02-05 04:26:36.691359","2","CA-321","2-39-78-365","1.3",""
"05-02-2020 14:25","05-02-2020 15:40","","4.036","2_39_89_25_2020-02-05 14:25:50.531740","2","CA-315","2-39-89-25","1.25",""
"05-02-2020 14:46","06-02-2020 22:08","","11.492","2_39_79_383_2020-02-05 14:45:59.609476","2","CA-492","2-39-79-383","31.37",""
"05-02-2020 15:56","05-02-2020 20:05","","4.197","2_39_131_30_2020-02-05 15:56:13.817647","2","CA-305","2-39-131-30","4.15",""
"05-02-2020 15:59","05-02-2020 21:16","","0.966","2_39_79_380_2020-02-05 15:59:50.933342","2","CA-489","2-39-79-380","5.28",""
"05-02-2020 16:27","06-02-2020 01:19","","29.042","2_39_78_366_2020-02-05 16:27:09.028868","2","CA-323","2-39-78-366","8.87",""
"05-02-2020 16:27","06-02-2020 00:24","","2.383","2_39_79_377_2020-02-05 16:27:30.483788","2","CA-325","2-39-79-377","7.95",""
"05-02-2020 16:33","05-02-2020 19:58","","6.184","2_39_139_28_2020-02-05 16:33:06.574271","2","CA-303","2-39-139-28","3.42",""
"05-02-2020 16:48","05-02-2020 23:52","","13.039","2_39_79_378_2020-02-05 16:48:43.766639","2","CA-326","2-39-79-378","7.07",""
"05-02-2020 16:52","06-02-2020 01:36","","0.975","2_39_88_438_2020-02-05 16:52:18.185057","2","CA-502","2-39-88-438","8.73",""
"05-02-2020 16:57","05-02-2020 20:31","","0.995","2_39_126_20_2020-02-05 16:57:53.719812","2","CA-310","2-39-126-20","3.57",""
"05-02-2020 16:58","06-02-2020 01:54","","23.825","2_39_79_381_2020-02-05 16:58:01.083730","2","CA-490","2-39-79-381","8.93",""
"05-02-2020 17:00","06-02-2020 01:56","","6.352","2_39_78_363_2020-02-05 17:00:37.449719","2","CA-320","2-39-78-363","8.93",""
"05-02-2020 17:01","05-02-2020 22:45","","3.47","2_39_79_382_2020-02-05 17:01:42.489552","2","CA-491","2-39-79-382","5.73",""
"05-02-2020 17:04","06-02-2020 01:22","","5.498","2_39_89_25_2020-02-05 17:04:31.383804","2","CA-315","2-39-89-25","8.3",""
"05-02-2020 17:09","06-02-2020 04:51","","2.174","2_39_90_26_2020-02-05 17:09:57.820954","2","CA-316","2-39-90-26","11.7",""
"05-02-2020 17:27","06-02-2020 01:32","","6.442","2_39_78_365_2020-02-05 17:27:18.495997","2","CA-321","2-39-78-365","8.08",""
"05-02-2020 17:27","06-02-2020 00:06","","13.09","2_39_125_21_2020-02-05 17:27:47.639187","2","CA-311","2-39-125-21","6.65",""
"05-02-2020 17:31","05-02-2020 18:41","","3.296","2_39_91_437_2020-02-05 17:31:29.033125","2","CA-317","2-39-91-437","1.17",""
"05-02-2020 17:35","06-02-2020 01:00","","12.048","2_39_124_22_2020-02-05 17:35:15.171501","2","CA-312","2-39-124-22","7.42",""
"05-02-2020 18:01","05-02-2020 18:55","","5.55","2_39_88_24_2020-02-05 18:01:33.858863","2","CA-314","2-39-88-24","0.9",""
"05-02-2020 18:08","06-02-2020 02:07","","11.683","2_39_92_436_2020-02-05 18:08:20.402397","2","CA-318","2-39-92-436","7.98",""
"05-02-2020 18:13","06-02-2020 02:01","","1.98","2_39_95_27_2020-02-05 18:13:54.837084","2","CA-319","2-39-95-27","7.8",""
"05-02-2020 18:16","06-02-2020 03:13","","11.957","2_39_79_376_2020-02-05 18:16:37.185257","2","CA-324","2-39-79-376","8.95",""
"05-02-2020 18:25","05-02-2020 19:17","","2.749","2_39_123_23_2020-02-05 18:25:38.104753","2","CA-313","2-39-123-23","0.87",""
"05-02-2020 18:54","05-02-2020 19:59","","4.138","2_39_91_437_2020-02-05 18:54:33.424705","2","CA-317","2-39-91-437","1.08",""
"05-02-2020 19:10","06-02-2020 03:06","","6.674","2_39_90_440_2020-02-05 19:10:05.061814","2","CA-500","2-39-90-440","7.93",""
"05-02-2020 19:34","06-02-2020 03:05","","37.709","2_39_88_24_2020-02-05 19:34:31.206978","2","CA-314","2-39-88-24","7.52",""
"05-02-2020 19:47","05-02-2020 20:59","","3.58","2_39_123_23_2020-02-05 19:47:24.754304","2","CA-313","2-39-123-23","1.2",""
"05-02-2020 19:48","06-02-2020 01:06","","23.717","2_39_91_441_2020-02-05 19:48:00.283081","2","CA-499","2-39-91-441","5.3",""
"05-02-2020 19:50","05-02-2020 21:39","","6.386","2_39_79_379_2020-02-05 19:49:59.623440","2","CA-327","2-39-79-379","1.82",""
"05-02-2020 20:00","06-02-2020 01:41","","0.975","2_39_139_28_2020-02-05 20:00:23.227130","2","CA-303","2-39-139-28","5.68",""
"05-02-2020 20:02","06-02-2020 02:25","","36.478","2_39_92_442_2020-02-05 20:02:50.802193","2","CA-498","2-39-92-442","6.38",""
"05-02-2020 20:22","06-02-2020 03:31","","6.491","2_39_91_437_2020-02-05 20:22:06.621396","2","CA-317","2-39-91-437","7.15",""
"05-02-2020 20:41","06-02-2020 01:33","","8.403","2_39_126_20_2020-02-05 20:41:47.596783","2","CA-310","2-39-126-20","4.87",""
"05-02-2020 21:08","06-02-2020 01:04","","11.667","2_39_129_563_2020-02-05 21:08:05.170792","2","CA-509","2-39-129-563","3.93",""
"05-02-2020 21:09","05-02-2020 23:48","","14.91","2_39_78_361_2020-02-05 21:09:09.436476","2","CA-493","2-39-78-361","2.65",""
"06-02-2020 00:42","06-02-2020 02:44","","5.292","2_39_78_360_2020-02-06 00:42:03.186469","2","CA-322","2-39-78-360","2.03",""
"06-02-2020 02:30","06-02-2020 04:29","","7.029","2_39_129_17_2020-02-06 02:30:58.295971","2","CA-307","2-39-129-17","1.98",""
"06-02-2020 02:35","06-02-2020 03:49","","4.106","2_39_127_19_2020-02-06 02:35:26.138238","2","CA-309","2-39-127-19","1.23",""
"06-02-2020 03:18","06-02-2020 04:21","","2.216","2_39_139_28_2020-02-06 03:18:08.055703","2","CA-303","2-39-139-28","1.05",""
"06-02-2020 04:54","06-02-2020 06:10","","4.146","2_39_128_18_2020-02-06 04:54:26.211495","2","CA-308","2-39-128-18","1.27",""
"06-02-2020 15:49","07-02-2020 00:53","","0.869","2_39_78_366_2020-02-06 15:49:43.970841","2","CA-323","2-39-78-366","9.07",""
"06-02-2020 15:53","06-02-2020 22:44","","6.392","2_39_79_382_2020-02-06 15:53:31.163002","2","CA-491","2-39-79-382","6.85",""
"06-02-2020 16:27","06-02-2020 23:30","","13.42","2_39_78_362_2020-02-06 16:27:27.361855","2","CA-496","2-39-78-362","7.05",""
"06-02-2020 16:30","06-02-2020 23:02","","8.857","2_39_125_21_2020-02-06 16:30:31.287014","2","CA-311","2-39-125-21","6.53",""
"06-02-2020 16:30","06-02-2020 23:08","","14.9","2_39_79_377_2020-02-06 16:30:42.274120","2","CA-325","2-39-79-377","6.63",""
"06-02-2020 16:34","06-02-2020 18:45","","1.002","2_39_138_29_2020-02-06 16:34:16.726912","2","CA-304","2-39-138-29","2.18",""
"06-02-2020 16:35","07-02-2020 00:44","","8.942","2_39_91_441_2020-02-06 16:35:02.926987","2","CA-499","2-39-91-441","8.15",""
"06-02-2020 16:35","07-02-2020 01:22","","8.134","2_39_79_378_2020-02-06 16:35:30.881711","2","CA-326","2-39-79-378","8.78",""
"06-02-2020 16:38","07-02-2020 01:33","","7.551","2_39_91_437_2020-02-06 16:38:51.886165","2","CA-317","2-39-91-437","8.92",""
"06-02-2020 16:41","06-02-2020 22:54","","7.924","2_39_89_439_2020-02-06 16:41:03.072065","2","CA-501","2-39-89-439","6.22",""
"06-02-2020 16:44","07-02-2020 02:53","","0.954","2_39_127_19_2020-02-06 16:44:08.282343","2","CA-309","2-39-127-19","10.15",""
"06-02-2020 16:55","07-02-2020 01:57","","22.75","2_39_79_380_2020-02-06 16:55:55.778683","2","CA-489","2-39-79-380","9.03",""
"06-02-2020 17:08","07-02-2020 02:06","","0.925","2_39_90_440_2020-02-06 17:08:26.915499","2","CA-500","2-39-90-440","8.97",""
"06-02-2020 17:10","07-02-2020 03:16","","3.873","2_39_89_25_2020-02-06 17:10:01.711426","2","CA-315","2-39-89-25","10.1",""
"06-02-2020 17:12","07-02-2020 00:29","","11.893","2_39_78_365_2020-02-06 17:12:44.237384","2","CA-321","2-39-78-365","7.28",""
"06-02-2020 17:13","07-02-2020 01:57","","5.541","2_39_95_444_2020-02-06 17:13:10.001108","2","CA-497","2-39-95-444","8.73",""
"06-02-2020 17:17","06-02-2020 23:15","","12.224","2_39_123_23_2020-02-06 17:17:19.853987","2","CA-313","2-39-123-23","5.97",""
"06-02-2020 17:32","07-02-2020 04:59","","1.565","2_39_92_436_2020-02-06 17:32:44.064174","2","CA-318","2-39-92-436","11.45",""
"06-02-2020 17:34","07-02-2020 01:11","","7.97","2_39_90_26_2020-02-06 17:34:58.826108","2","CA-316","2-39-90-26","7.62",""
"06-02-2020 17:35","07-02-2020 00:40","","20.564","2_39_78_364_2020-02-06 17:35:50.126747","2","CA-495","2-39-78-364","7.08",""
"06-02-2020 17:38","07-02-2020 00:04","","13.081","2_39_88_24_2020-02-06 17:38:36.055166","2","CA-314","2-39-88-24","6.43",""
"06-02-2020 18:15","06-02-2020 21:40","","1.373","2_39_78_363_2020-02-06 18:15:02.385705","2","CA-320","2-39-78-363","3.42",""
"06-02-2020 18:26","06-02-2020 21:25","","0.917","2_39_78_367_2020-02-06 18:26:16.371409","2","CA-494","2-39-78-367","2.98",""
"06-02-2020 21:25","07-02-2020 01:23","","0.909","2_39_78_367_2020-02-06 21:25:54.595342","2","CA-494","2-39-78-367","3.97",""
"06-02-2020 21:28","07-02-2020 02:32","","6.601","2_39_126_20_2020-02-06 21:28:43.545169","2","CA-310","2-39-126-20","5.07",""
"06-02-2020 21:58","07-02-2020 01:43","","0.833","2_39_78_363_2020-02-06 21:58:18.744157","2","CA-320","2-39-78-363","3.75",""
"06-02-2020 22:29","06-02-2020 23:53","","1.069","2_39_79_383_2020-02-06 22:29:32.577008","2","CA-492","2-39-79-383","1.4",""
"06-02-2020 23:16","07-02-2020 02:17","","1.233","2_39_123_23_2020-02-06 23:16:28.080258","2","CA-313","2-39-123-23","3.02",""
"07-02-2020 01:37","07-02-2020 02:24","","2.555","2_39_138_29_2020-02-07 01:37:14.560397","2","CA-304","2-39-138-29","0.78",""
"07-02-2020 01:58","07-02-2020 03:18","","3.902","2_39_131_30_2020-02-07 01:58:02.246968","2","CA-305","2-39-131-30","1.33",""
"07-02-2020 01:58","07-02-2020 02:04","","0.668","2_39_139_28_2020-02-07 01:58:11.479615","2","CA-303","2-39-139-28","0.1",""
"07-02-2020 02:07","07-02-2020 06:06","","25.921","2_39_130_31_2020-02-07 02:07:15.769009","2","CA-306","2-39-130-31","3.98",""
"07-02-2020 02:17","07-02-2020 03:33","","0.898","2_39_139_28_2020-02-07 02:17:57.353501","2","CA-303","2-39-139-28","1.27",""
"07-02-2020 04:26","07-02-2020 05:49","","4.525","2_39_139_28_2020-02-07 04:26:09.904479","2","CA-303","2-39-139-28","1.38",""
"07-02-2020 05:33","07-02-2020 06:30","","2.975","2_39_126_20_2020-02-07 05:33:57.325049","2","CA-310","2-39-126-20","0.95",""
"07-02-2020 08:18","07-02-2020 09:27","","0.902","2_39_95_27_2020-02-07 08:18:00.438774","2","CA-319","2-39-95-27","1.15",""
"07-02-2020 09:28","07-02-2020 15:18","","0.881","2_39_78_363_2020-02-07 09:28:12.051684","2","CA-320","2-39-78-363","5.83",""
"07-02-2020 14:43","07-02-2020 22:12","","13.141","2_39_79_383_2020-02-07 14:43:32.988737","2","CA-492","2-39-79-383","7.48",""
"07-02-2020 14:52","08-02-2020 00:59","","3.503","2_39_89_25_2020-02-07 14:52:52.713288","2","CA-315","2-39-89-25","10.12",""
"07-02-2020 15:54","08-02-2020 00:58","","4.206","2_39_131_30_2020-02-07 15:54:50.847679","2","CA-305","2-39-131-30","9.07",""
"07-02-2020 16:05","08-02-2020 01:38","","3.292","2_39_79_382_2020-02-07 16:05:39.921197","2","CA-491","2-39-79-382","9.55",""
"07-02-2020 16:06","07-02-2020 17:29","","0.788","2_39_79_380_2020-02-07 16:06:39.769968","2","CA-489","2-39-79-380","1.38",""
"07-02-2020 16:13","07-02-2020 22:10","","5.062","2_39_130_31_2020-02-07 16:13:23.923912","2","CA-306","2-39-130-31","5.95",""
"07-02-2020 16:16","08-02-2020 01:38","","34.528","2_39_79_381_2020-02-07 16:16:19.103607","2","CA-490","2-39-79-381","9.37",""
"07-02-2020 16:19","07-02-2020 19:59","","24.17","2_39_95_444_2020-02-07 16:19:42.264036","2","CA-497","2-39-95-444","3.67",""
"07-02-2020 16:21","08-02-2020 01:25","","6.86","2_39_127_19_2020-02-07 16:21:37.310769","2","CA-309","2-39-127-19","9.07",""
"07-02-2020 16:31","08-02-2020 02:07","","1.958","2_39_79_379_2020-02-07 16:31:56.561550","2","CA-327","2-39-79-379","9.6",""
"07-02-2020 16:33","08-02-2020 01:43","","17.31","2_39_78_366_2020-02-07 16:33:16.373420","2","CA-323","2-39-78-366","9.17",""
"07-02-2020 16:37","08-02-2020 01:08","","6.373","2_39_91_441_2020-02-07 16:36:59.193152","2","CA-499","2-39-91-441","8.52",""
"07-02-2020 16:41","07-02-2020 19:31","","5.375","2_39_78_362_2020-02-07 16:41:35.494383","2","CA-496","2-39-78-362","2.83",""
"07-02-2020 16:44","07-02-2020 19:55","","4.946","2_39_129_17_2020-02-07 16:44:17.173591","2","CA-307","2-39-129-17","3.18",""
"07-02-2020 16:45","08-02-2020 01:22","","8.511","2_39_125_21_2020-02-07 16:45:37.778983","2","CA-311","2-39-125-21","8.62",""
"07-02-2020 16:55","07-02-2020 20:45","","3.469","2_39_78_363_2020-02-07 16:55:09.254643","2","CA-320","2-39-78-363","3.83",""
"07-02-2020 16:56","08-02-2020 05:30","08-02-2020 05:29","2.033","2_39_90_26_2020-02-07 16:56:37.631084","2","CA-316","2-39-90-26","12.57","12.55"
"07-02-2020 17:07","08-02-2020 01:20","","4.415","2_39_126_20_2020-02-07 17:07:08.302996","2","CA-310","2-39-126-20","8.22",""
"07-02-2020 17:08","08-02-2020 02:23","","3.915","2_39_123_23_2020-02-07 17:08:00.248231","2","CA-313","2-39-123-23","9.25",""
"07-02-2020 17:29","08-02-2020 00:08","","13.331","2_39_124_22_2020-02-07 17:29:12.112481","2","CA-312","2-39-124-22","6.65",""
"07-02-2020 17:42","08-02-2020 02:20","","0.978","2_39_79_376_2020-02-07 17:42:42.116346","2","CA-324","2-39-79-376","8.63",""
"07-02-2020 17:43","08-02-2020 00:21","","10.693","2_39_79_377_2020-02-07 17:42:55.380257","2","CA-325","2-39-79-377","6.63",""
"07-02-2020 17:50","08-02-2020 04:36","","15.208","2_39_78_364_2020-02-07 17:50:02.952708","2","CA-495","2-39-78-364","10.77",""
"07-02-2020 17:55","07-02-2020 19:19","","8.836","2_39_91_437_2020-02-07 17:55:58.285959","2","CA-317","2-39-91-437","1.4",""
"07-02-2020 17:58","07-02-2020 23:52","","7.139","2_39_78_365_2020-02-07 17:58:01.358925","2","CA-321","2-39-78-365","5.9",""
"07-02-2020 18:06","08-02-2020 01:19","","0.962","2_39_95_27_2020-02-07 18:06:09.486833","2","CA-319","2-39-95-27","7.22",""
"07-02-2020 18:06","07-02-2020 21:29","","0.767","2_39_89_439_2020-02-07 18:06:11.189474","2","CA-501","2-39-89-439","3.38",""
"07-02-2020 18:18","07-02-2020 21:22","","6.358","2_39_78_367_2020-02-07 18:18:18.158033","2","CA-494","2-39-78-367","3.07",""
"07-02-2020 18:18","08-02-2020 03:16","","14.007","2_39_79_380_2020-02-07 18:18:52.025708","2","CA-489","2-39-79-380","8.97",""
"07-02-2020 18:23","08-02-2020 01:52","","14.705","2_39_92_442_2020-02-07 18:23:46.820405","2","CA-498","2-39-92-442","7.48",""
"07-02-2020 18:24","07-02-2020 20:46","","5.638","2_39_123_557_2020-02-07 18:24:34.621055","2","CA-503","2-39-123-557","2.37",""
"07-02-2020 18:26","07-02-2020 23:47","","5.881","2_39_90_440_2020-02-07 18:26:20.371483","2","CA-500","2-39-90-440","5.35",""
"07-02-2020 20:27","08-02-2020 02:26","","6.62","2_39_129_17_2020-02-07 20:27:10.231195","2","CA-307","2-39-129-17","5.98",""
"07-02-2020 21:30","07-02-2020 21:53","","2.021","2_39_78_367_2020-02-07 21:30:06.885523","2","CA-494","2-39-78-367","0.38",""
"07-02-2020 22:09","08-02-2020 01:09","","19.849","2_39_89_439_2020-02-07 22:09:08.048898","2","CA-501","2-39-89-439","3",""
"07-02-2020 22:18","08-02-2020 03:48","","35.658","2_39_79_383_2020-02-07 22:18:08.220405","2","CA-492","2-39-79-383","5.5",""
"08-02-2020 01:05","08-02-2020 02:19","","0.846","2_39_91_437_2020-02-08 01:05:18.701998","2","CA-317","2-39-91-437","1.23",""
"08-02-2020 08:23","08-02-2020 20:31","08-02-2020 10:45","13.897","2_39_79_383_2020-02-08 08:23:48.075885","2","CA-492","2-39-79-383","12.13","2.37"
"08-02-2020 17:54","08-02-2020 19:22","08-02-2020 19:22","9.878","2_39_139_28_2020-02-08 17:54:07.821589","2","CA-303","2-39-139-28","1.47","1.47"
"08-02-2020 18:06","08-02-2020 19:00","08-02-2020 18:43","1.435","2_39_131_30_2020-02-08 18:06:04.141281","2","CA-305","2-39-131-30","0.9","0.62"
"08-02-2020 20:30","08-02-2020 21:53","08-02-2020 21:24","4.443","2_39_139_28_2020-02-08 20:30:57.352499","2","CA-303","2-39-139-28","1.38","0.9"
"08-02-2020 20:33","08-02-2020 22:01","08-02-2020 22:01","4.699","2_39_131_30_2020-02-08 20:33:19.900255","2","CA-305","2-39-131-30","1.47","1.47"
"08-02-2020 20:33","09-02-2020 00:38","09-02-2020 00:38","13.932","2_39_91_437_2020-02-08 20:33:19.507490","2","CA-317","2-39-91-437","4.08","4.08"
"09-02-2020 02:07","09-02-2020 03:57","09-02-2020 03:57","5.6","2_39_127_19_2020-02-09 02:07:32.864518","2","CA-309","2-39-127-19","1.83","1.83"
"09-02-2020 03:45","09-02-2020 04:02","09-02-2020 04:02","1.224","2_39_78_367_2020-02-09 03:45:48.183745","2","CA-494","2-39-78-367","0.28","0.28"
"09-02-2020 04:20","10-02-2020 01:03","09-02-2020 14:51","0.912","2_39_78_367_2020-02-09 04:20:08.887971","2","CA-494","2-39-78-367","20.72","10.52"
"09-02-2020 05:26","09-02-2020 18:39","09-02-2020 11:43","40.713","2_39_139_28_2020-02-09 05:26:13.928477","2","CA-303","2-39-139-28","13.22","6.28"
"09-02-2020 06:05","09-02-2020 09:50","09-02-2020 09:50","24.842","2_39_79_383_2020-02-09 06:05:04.418380","2","CA-492","2-39-79-383","3.75","3.75"
"09-02-2020 17:40","09-02-2020 19:16","09-02-2020 19:08","4.306","2_39_89_25_2020-02-09 17:40:03.864400","2","CA-315","2-39-89-25","1.6","1.47"
"09-02-2020 19:08","09-02-2020 20:35","09-02-2020 20:33","4.613","2_39_139_28_2020-02-09 19:08:30.966694","2","CA-303","2-39-139-28","1.45","1.42"
"09-02-2020 19:23","09-02-2020 20:44","09-02-2020 20:43","4.422","2_39_131_30_2020-02-09 19:23:22.190228","2","CA-305","2-39-131-30","1.35","1.33"
"09-02-2020 20:15","09-02-2020 21:39","09-02-2020 20:43","4.735","2_39_91_437_2020-02-09 20:15:00.173473","2","CA-317","2-39-91-437","1.4","0.47"
"09-02-2020 20:37","09-02-2020 23:00","09-02-2020 21:58","8.702","2_39_90_26_2020-02-09 20:37:37.626720","2","CA-316","2-39-90-26","2.38","1.35"
"09-02-2020 21:26","10-02-2020 00:41","09-02-2020 23:14","8.978817222","2_39_139_28_2020-02-09 21:26:42.678731","2","CA-303","2-39-139-28","3.25","1.8"
"09-02-2020 21:36","09-02-2020 22:30","09-02-2020 21:58","5.23","2_39_131_30_2020-02-09 21:36:41.879098","2","CA-305","2-39-131-30","0.9","0.37"
"09-02-2020 22:31","10-02-2020 03:46","09-02-2020 23:14","7.893","2_39_130_31_2020-02-09 22:31:47.130267","2","CA-306","2-39-130-31","5.25","0.72"
"09-02-2020 22:32","10-02-2020 00:43","09-02-2020 23:12","0.791","2_39_127_19_2020-02-09 22:32:08.130090","2","CA-309","2-39-127-19","2.18","0.67"
"09-02-2020 22:46","11-02-2020 23:27","10-02-2020 00:49","12.627","2_39_79_383_2020-02-09 22:46:08.503356","2","CA-492","2-39-79-383","48.68","2.05"
"10-02-2020 00:46","10-02-2020 02:58","10-02-2020 00:49","0.865","2_39_139_28_2020-02-10 00:46:34.216522","2","CA-303","2-39-139-28","2.2","0.05"
"10-02-2020 03:17","10-02-2020 04:10","10-02-2020 03:35","2.621","2_39_125_21_2020-02-10 03:17:55.087446","2","CA-311","2-39-125-21","0.88","0.3"
"10-02-2020 14:10","10-02-2020 15:19","","3.538","2_39_89_25_2020-02-10 14:10:36.644769","2","CA-315","2-39-89-25","1.15",""
"10-02-2020 15:46","11-02-2020 00:02","10-02-2020 19:21","1.108","2_39_79_382_2020-02-10 15:46:46.398453","2","CA-491","2-39-79-382","8.27","3.58"
"10-02-2020 15:50","11-02-2020 01:44","11-02-2020 01:04","53.925","2_39_78_366_2020-02-10 15:50:14.315379","2","CA-323","2-39-78-366","9.9","9.23"
"10-02-2020 15:57","10-02-2020 16:24","","0.717","2_39_79_380_2020-02-10 15:57:37.659374","2","CA-489","2-39-79-380","0.45",""
"10-02-2020 16:48","11-02-2020 01:35","10-02-2020 19:26","6.113","2_39_79_379_2020-02-10 16:48:55.104952","2","CA-327","2-39-79-379","8.78","2.63"
"10-02-2020 16:54","11-02-2020 02:01","10-02-2020 20:44","23.362","2_39_79_377_2020-02-10 16:54:30.344130","2","CA-325","2-39-79-377","9.12","3.83"
"10-02-2020 17:02","11-02-2020 05:03","10-02-2020 19:21","4.441","2_39_89_25_2020-02-10 17:02:21.409431","2","CA-315","2-39-89-25","12.02","2.32"
"10-02-2020 17:13","11-02-2020 03:41","10-02-2020 19:21","4.263","2_39_129_17_2020-02-10 17:13:40.859974","2","CA-307","2-39-129-17","10.47","2.13"
"10-02-2020 17:13","11-02-2020 02:07","10-02-2020 19:21","5.946","2_39_95_27_2020-02-10 17:13:52.614563","2","CA-319","2-39-95-27","8.9","2.13"
"10-02-2020 17:32","11-02-2020 01:07","11-02-2020 00:18","9.891","2_39_88_438_2020-02-10 17:32:16.016758","2","CA-502","2-39-88-438","7.58","6.77"
"10-02-2020 17:36","11-02-2020 00:08","10-02-2020 19:21","4.375","2_39_127_19_2020-02-10 17:36:51.254035","2","CA-309","2-39-127-19","6.53","1.75"
"10-02-2020 17:37","11-02-2020 01:24","11-02-2020 01:25","27.234","2_39_78_362_2020-02-10 17:37:14.863493","2","CA-496","2-39-78-362","7.78","7.8"
"10-02-2020 17:38","11-02-2020 01:14","10-02-2020 21:24","10.768","2_39_78_365_2020-02-10 17:38:12.166717","2","CA-321","2-39-78-365","7.6","3.77"
"10-02-2020 17:48","10-02-2020 21:06","10-02-2020 19:21","2.838","2_39_125_21_2020-02-10 17:48:01.179039","2","CA-311","2-39-125-21","3.3","1.55"
"10-02-2020 17:58","10-02-2020 19:07","","7.401","2_39_124_22_2020-02-10 17:58:37.170999","2","CA-312","2-39-124-22","1.15",""
"10-02-2020 18:04","11-02-2020 02:32","11-02-2020 02:32","3.348","2_39_79_380_2020-02-10 18:04:58.346535","2","CA-489","2-39-79-380","8.47","8.47"
"10-02-2020 18:33","11-02-2020 03:09","10-02-2020 20:52","14.005","2_39_90_26_2020-02-10 18:33:57.613872","2","CA-316","2-39-90-26","8.6","2.32"
"10-02-2020 18:38","11-02-2020 02:18","11-02-2020 02:13","1.029","2_39_79_376_2020-02-10 18:38:29.999937","2","CA-324","2-39-79-376","7.67","7.58"
"10-02-2020 18:57","10-02-2020 21:42","10-02-2020 19:45","4.133","2_39_123_23_2020-02-10 18:57:57.579174","2","CA-313","2-39-123-23","2.75","0.8"
"10-02-2020 19:07","11-02-2020 01:37","11-02-2020 01:36","15.896","2_39_78_360_2020-02-10 19:07:24.170487","2","CA-322","2-39-78-360","6.5","6.48"
"10-02-2020 19:09","11-02-2020 03:01","10-02-2020 20:50","5.123","2_39_126_20_2020-02-10 19:09:41.582432","2","CA-310","2-39-126-20","7.87","1.68"
"10-02-2020 19:31","11-02-2020 01:14","11-02-2020 01:10","0.945","2_39_78_363_2020-02-10 19:31:58.332233","2","CA-320","2-39-78-363","5.72","5.65"
"10-02-2020 19:54","10-02-2020 20:59","10-02-2020 20:23","1.813","2_39_130_31_2020-02-10 19:54:56.953633","2","CA-306","2-39-130-31","1.08","0.48"
"10-02-2020 20:21","11-02-2020 02:51","10-02-2020 22:18","6.355","2_39_92_436_2020-02-10 20:21:26.250726","2","CA-318","2-39-92-436","6.5","1.95"
"10-02-2020 20:42","11-02-2020 01:03","11-02-2020 01:02","7.168","2_39_78_367_2020-02-10 20:42:36.961079","2","CA-494","2-39-78-367","4.35","4.33"
"10-02-2020 21:08","11-02-2020 03:01","10-02-2020 22:49","5.456","2_39_92_442_2020-02-10 21:08:08.513765","2","CA-498","2-39-92-442","5.88","1.68"
"10-02-2020 21:47","11-02-2020 04:49","10-02-2020 22:59","2.352","2_39_91_437_2020-02-10 21:47:04.963793","2","CA-317","2-39-91-437","7.03","1.2"
"10-02-2020 21:53","10-02-2020 22:29","10-02-2020 22:24","0.839","2_39_123_23_2020-02-10 21:53:54.796728","2","CA-313","2-39-123-23","0.6","0.52"
"10-02-2020 22:41","11-02-2020 01:24","10-02-2020 23:28","4.295","2_39_123_23_2020-02-10 22:41:24.105080","2","CA-313","2-39-123-23","2.72","0.78"
"10-02-2020 22:46","11-02-2020 00:04","11-02-2020 00:05","0.88","2_39_124_22_2020-02-10 22:46:49.239378","2","CA-312","2-39-124-22","1.3","1.32"
"11-02-2020 00:04","11-02-2020 02:20","11-02-2020 00:35","0.877","2_39_124_22_2020-02-11 00:04:26.951817","2","CA-312","2-39-124-22","2.27","0.52"
"11-02-2020 00:59","11-02-2020 03:07","11-02-2020 01:31","0.884","2_39_130_31_2020-02-11 00:59:54.153485","2","CA-306","2-39-130-31","2.13","0.53"
"11-02-2020 05:46","11-02-2020 14:03","11-02-2020 12:10","41.061","2_39_139_28_2020-02-11 05:46:22.217437","2","CA-303","2-39-139-28","8.28","6.4"
"11-02-2020 15:43","12-02-2020 01:12","11-02-2020 18:13","8.077","2_39_131_30_2020-02-11 15:43:17.175716","2","CA-305","2-39-131-30","9.48","2.5"
"11-02-2020 15:54","12-02-2020 00:55","12-02-2020 00:43","0.902","2_39_79_380_2020-02-11 15:54:50.950770","2","CA-489","2-39-79-380","9.02","8.82"
"11-02-2020 16:11","12-02-2020 01:35","11-02-2020 23:11","0.877","2_39_78_366_2020-02-11 16:11:05.854868","2","CA-323","2-39-78-366","9.4","7"
"11-02-2020 16:16","11-02-2020 22:46","11-02-2020 21:27","8.138","2_39_79_382_2020-02-11 16:16:26.783801","2","CA-491","2-39-79-382","6.5","5.18"
"11-02-2020 16:21","12-02-2020 00:11","11-02-2020 17:46","3.937","2_39_128_18_2020-02-11 16:21:18.047533","2","CA-308","2-39-128-18","7.83","1.42"
"11-02-2020 16:26","12-02-2020 01:14","11-02-2020 21:26","17.028","2_39_79_378_2020-02-11 16:26:38.910455","2","CA-326","2-39-79-378","8.8","5"
"11-02-2020 16:28","12-02-2020 01:44","11-02-2020 20:39","22.74","2_39_91_437_2020-02-11 16:28:28.673245","2","CA-317","2-39-91-437","9.27","4.18"
"11-02-2020 16:30","12-02-2020 01:42","12-02-2020 01:32","13.381","2_39_78_365_2020-02-11 16:30:27.414599","2","CA-321","2-39-78-365","9.2","9.03"
"11-02-2020 16:30","11-02-2020 22:06","11-02-2020 20:30","23.345","2_39_79_377_2020-02-11 16:30:42.314951","2","CA-325","2-39-79-377","5.6","4"
"11-02-2020 16:31","12-02-2020 00:25","12-02-2020 00:03","24.821","2_39_78_367_2020-02-11 16:31:16.954503","2","CA-494","2-39-78-367","7.9","7.53"
"11-02-2020 16:35","12-02-2020 00:30","11-02-2020 17:21","2.864","2_39_79_376_2020-02-11 16:35:36.123235","2","CA-324","2-39-79-376","7.92","0.77"
"11-02-2020 16:40","12-02-2020 01:27","11-02-2020 18:33","10.657","2_39_123_23_2020-02-11 16:40:36.097464","2","CA-313","2-39-123-23","8.78","1.88"
"11-02-2020 16:47","11-02-2020 22:10","11-02-2020 21:49","0.747","2_39_125_21_2020-02-11 16:47:23.802836","2","CA-311","2-39-125-21","5.38","5.03"
"11-02-2020 17:07","12-02-2020 02:07","11-02-2020 22:18","4.539","2_39_91_441_2020-02-11 17:07:50.751427","2","CA-499","2-39-91-441","9","5.18"
"11-02-2020 17:08","12-02-2020 02:47","11-02-2020 18:20","3.783","2_39_89_25_2020-02-11 17:08:22.982084","2","CA-315","2-39-89-25","9.65","1.2"
"11-02-2020 17:09","12-02-2020 01:38","11-02-2020 18:32","3.991","2_39_89_439_2020-02-11 17:09:17.760936","2","CA-501","2-39-89-439","8.48","1.38"
"11-02-2020 17:09","11-02-2020 19:50","11-02-2020 19:51","0.926","2_39_78_360_2020-02-11 17:09:54.450237","2","CA-322","2-39-78-360","2.68","2.7"
"11-02-2020 17:15","12-02-2020 03:10","11-02-2020 19:10","10.743","2_39_92_436_2020-02-11 17:15:57.917488","2","CA-318","2-39-92-436","9.92","1.92"
"11-02-2020 17:23","12-02-2020 00:34","12-02-2020 00:35","24.807","2_39_78_362_2020-02-11 17:23:55.582030","2","CA-496","2-39-78-362","7.18","7.2"
"11-02-2020 17:29","11-02-2020 23:17","11-02-2020 20:05","12.612","2_39_92_442_2020-02-11 17:29:26.237918","2","CA-498","2-39-92-442","5.8","2.6"
"11-02-2020 17:37","11-02-2020 21:54","11-02-2020 21:18","3.436","2_39_90_440_2020-02-11 17:37:12.945421","2","CA-500","2-39-90-440","4.28","3.68"
"11-02-2020 17:45","11-02-2020 22:22","11-02-2020 22:18","0.917","2_39_88_24_2020-02-11 17:45:16.137770","2","CA-314","2-39-88-24","4.62","4.55"
"11-02-2020 17:48","12-02-2020 02:35","11-02-2020 20:13","15.549","2_39_90_26_2020-02-11 17:48:14.265042","2","CA-316","2-39-90-26","8.78","2.42"
"11-02-2020 18:05","12-02-2020 03:03","11-02-2020 20:53","12.029","2_39_124_22_2020-02-11 18:05:28.915506","2","CA-312","2-39-124-22","8.97","2.8"
"11-02-2020 20:06","12-02-2020 01:59","12-02-2020 00:03","24.72","2_39_129_17_2020-02-11 20:06:32.773176","2","CA-307","2-39-129-17","5.88","3.95"
"11-02-2020 20:24","11-02-2020 23:54","11-02-2020 21:31","1.87","2_39_139_28_2020-02-11 20:24:52.886053","2","CA-303","2-39-139-28","3.5","1.12"
"11-02-2020 20:27","12-02-2020 02:47","11-02-2020 22:26","6.467","2_39_95_444_2020-02-11 20:27:10.965573","2","CA-497","2-39-95-444","6.33","1.98"
"11-02-2020 21:07","11-02-2020 22:42","11-02-2020 22:17","0.927","2_39_126_20_2020-02-11 21:07:17.119948","2","CA-310","2-39-126-20","1.58","1.17"
"11-02-2020 21:27","11-02-2020 23:57","11-02-2020 23:42","6.003","2_39_130_564_2020-02-11 21:27:37.873532","2","CA-510","2-39-130-564","2.5","2.25"
"11-02-2020 22:42","12-02-2020 05:29","11-02-2020 23:52","2.342","2_39_88_24_2020-02-11 22:41:59.958492","2","CA-314","2-39-88-24","6.78","1.17"
"11-02-2020 22:47","12-02-2020 02:16","12-02-2020 02:16","6.472","2_39_79_377_2020-02-11 22:47:14.083456","2","CA-325","2-39-79-377","3.48","3.48"
"11-02-2020 23:05","12-02-2020 00:41","12-02-2020 00:41","10.586","2_39_79_382_2020-02-11 23:05:33.174366","2","CA-491","2-39-79-382","1.6","1.6"
"11-02-2020 23:08","12-02-2020 02:53","12-02-2020 02:53","24.894","2_39_126_20_2020-02-11 23:08:23.890432","2","CA-310","2-39-126-20","3.75","3.75"
"11-02-2020 23:19","12-02-2020 02:37","12-02-2020 01:31","6.445","2_39_125_21_2020-02-11 23:19:19.888207","2","CA-311","2-39-125-21","3.3","2.2"
"11-02-2020 23:52","12-02-2020 01:57","12-02-2020 01:17","0.867","2_39_138_29_2020-02-11 23:52:22.049431","2","CA-304","2-39-138-29","2.08","1.42"
"12-02-2020 00:28","12-02-2020 01:13","12-02-2020 01:13","2.389","2_39_128_18_2020-02-12 00:28:57.931202","2","CA-308","2-39-128-18","0.75","0.75"
"12-02-2020 01:12","12-02-2020 01:34","12-02-2020 01:33","1.084","2_39_79_376_2020-02-12 01:12:40.387201","2","CA-324","2-39-79-376","0.37","0.35"
"12-02-2020 01:18","12-02-2020 02:38","12-02-2020 02:38","4.378","2_39_128_18_2020-02-12 01:18:53.367373","2","CA-308","2-39-128-18","1.33","1.33"
"12-02-2020 01:33","12-02-2020 04:41","12-02-2020 03:48","6.282","2_39_79_380_2020-02-12 01:32:44.691731","2","CA-489","2-39-79-380","3.13","2.25"
"12-02-2020 02:55","12-02-2020 03:06","12-02-2020 03:06","1.106","2_39_139_28_2020-02-12 02:55:51.873687","2","CA-303","2-39-139-28","0.18","0.18"
"12-02-2020 03:29","12-02-2020 04:35","12-02-2020 04:35","7.245","2_39_139_28_2020-02-12 03:29:57.347850","2","CA-303","2-39-139-28","1.1","1.1"
"12-02-2020 04:25","12-02-2020 05:57","12-02-2020 05:57","5.115","2_39_131_30_2020-02-12 04:25:05.309014","2","CA-305","2-39-131-30","1.53","1.53"
"12-02-2020 14:59","13-02-2020 23:13","13-02-2020 00:36","1.316","2_39_79_383_2020-02-12 14:59:20.929207","2","CA-492","2-39-79-383","32.23","9.62"
"12-02-2020 15:49","12-02-2020 18:10","12-02-2020 18:11","0.804","2_39_79_380_2020-02-12 15:49:20.173564","2","CA-489","2-39-79-380","2.35","2.37"
"12-02-2020 15:50","12-02-2020 22:32","12-02-2020 17:16","2.805","2_39_79_382_2020-02-12 15:50:41.701742","2","CA-491","2-39-79-382","6.7","1.43"
"12-02-2020 16:10","13-02-2020 01:54","12-02-2020 19:17","12.215","2_39_79_381_2020-02-12 16:10:09.661187","2","CA-490","2-39-79-381","9.73","3.12"
"12-02-2020 16:23","13-02-2020 06:20","12-02-2020 17:29","2.127","2_39_92_436_2020-02-12 16:23:32.470072","2","CA-318","2-39-92-436","13.95","1.1"
"12-02-2020 16:28","13-02-2020 00:33","12-02-2020 22:43","15.393","2_39_78_364_2020-02-12 16:27:54.609926","2","CA-495","2-39-78-364","8.08","6.25"
"12-02-2020 16:30","13-02-2020 01:30","13-02-2020 00:58","11.966","2_39_131_30_2020-02-12 16:30:07.178832","2","CA-305","2-39-131-30","9","8.47"
"12-02-2020 16:30","13-02-2020 02:17","12-02-2020 17:50","4.404","2_39_126_560_2020-02-12 16:30:57.074166","2","CA-506","2-39-126-560","9.78","1.33"
"12-02-2020 16:34","12-02-2020 22:58","12-02-2020 18:46","12.876","2_39_92_442_2020-02-12 16:34:11.369379","2","CA-498","2-39-92-442","6.4","2.2"
"12-02-2020 16:36","13-02-2020 02:38","12-02-2020 19:35","9.479","2_39_125_21_2020-02-12 16:36:54.188421","2","CA-311","2-39-125-21","10.03","2.98"
"12-02-2020 16:37","13-02-2020 01:00","12-02-2020 17:01","0.852","2_39_127_19_2020-02-12 16:37:10.065586","2","CA-309","2-39-127-19","8.38","0.4"
"12-02-2020 16:38","12-02-2020 23:32","12-02-2020 23:33","10.859","2_39_78_362_2020-02-12 16:38:07.235138","2","CA-496","2-39-78-362","6.9","6.92"
"12-02-2020 16:42","13-02-2020 02:40","12-02-2020 19:51","13.593","2_39_78_366_2020-02-12 16:42:04.911652","2","CA-323","2-39-78-366","9.97","3.15"
"12-02-2020 16:43","13-02-2020 01:49","13-02-2020 00:57","1.904","2_39_79_378_2020-02-12 16:43:34.740134","2","CA-326","2-39-79-378","9.1","8.23"
"12-02-2020 16:55","13-02-2020 00:40","12-02-2020 20:48","23.598","2_39_79_376_2020-02-12 16:55:20.766885","2","CA-324","2-39-79-376","7.75","3.88"
"12-02-2020 17:08","13-02-2020 00:38","12-02-2020 19:17","6.513","2_39_78_365_2020-02-12 17:08:27.156551","2","CA-321","2-39-78-365","7.5","2.15"
"12-02-2020 17:10","13-02-2020 01:03","12-02-2020 19:51","8.21","2_39_89_25_2020-02-12 17:10:05.060011","2","CA-315","2-39-89-25","7.88","2.68"
"12-02-2020 17:11","12-02-2020 20:42","12-02-2020 17:55","4.345","2_39_124_22_2020-02-12 17:11:12.189970","2","CA-312","2-39-124-22","3.52","0.73"
"12-02-2020 17:13","12-02-2020 20:03","12-02-2020 19:54","4.496","2_39_78_367_2020-02-12 17:13:38.348492","2","CA-494","2-39-78-367","2.83","2.68"
"12-02-2020 17:13","13-02-2020 05:04","12-02-2020 18:40","4.092","2_39_89_439_2020-02-12 17:13:50.571667","2","CA-501","2-39-89-439","11.85","1.45"
"12-02-2020 17:13","13-02-2020 03:09","12-02-2020 18:33","4.11","2_39_123_23_2020-02-12 17:13:55.181164","2","CA-313","2-39-123-23","9.93","1.33"
"12-02-2020 17:24","12-02-2020 23:54","12-02-2020 22:50","15.799","2_39_78_360_2020-02-12 17:24:33.775021","2","CA-322","2-39-78-360","6.5","5.43"
"12-02-2020 17:29","12-02-2020 23:48","12-02-2020 22:41","0.969","2_39_95_27_2020-02-12 17:29:34.180877","2","CA-319","2-39-95-27","6.32","5.2"
"12-02-2020 17:33","13-02-2020 02:56","13-02-2020 02:56","8.762","2_39_78_363_2020-02-12 17:33:14.663229","2","CA-320","2-39-78-363","9.38","9.38"
"12-02-2020 17:44","13-02-2020 01:56","12-02-2020 19:45","5.899","2_39_90_440_2020-02-12 17:44:50.069091","2","CA-500","2-39-90-440","8.2","2.02"
"12-02-2020 17:45","13-02-2020 04:30","12-02-2020 19:42","11.631","2_39_91_437_2020-02-12 17:45:39.813683","2","CA-317","2-39-91-437","10.75","1.95"
"12-02-2020 18:03","13-02-2020 00:25","12-02-2020 18:38","2.183","2_39_90_26_2020-02-12 18:03:13.736250","2","CA-316","2-39-90-26","6.37","0.58"
"12-02-2020 18:11","12-02-2020 21:35","12-02-2020 18:42","0.786","2_39_79_380_2020-02-12 18:11:27.163776","2","CA-489","2-39-79-380","3.4","0.52"
"12-02-2020 18:18","12-02-2020 22:44","12-02-2020 19:53","9.696","2_39_88_24_2020-02-12 18:18:33.492818","2","CA-314","2-39-88-24","4.43","1.58"
"12-02-2020 18:24","13-02-2020 01:32","12-02-2020 19:50","9.063","2_39_126_20_2020-02-12 18:24:37.254523","2","CA-310","2-39-126-20","7.13","1.43"
"12-02-2020 18:54","13-02-2020 02:53","12-02-2020 21:07","6.566","2_39_123_557_2020-02-12 18:54:02.394450","2","CA-503","2-39-123-557","7.98","2.22"
"12-02-2020 19:19","13-02-2020 04:27","12-02-2020 20:37","2.522","2_39_128_562_2020-02-12 19:19:42.454745","2","CA-508","2-39-128-562","9.13","1.3"
"12-02-2020 20:21","13-02-2020 02:06","13-02-2020 01:29","0.882","2_39_78_367_2020-02-12 20:21:17.670106","2","CA-494","2-39-78-367","5.75","5.13"
"12-02-2020 20:47","13-02-2020 01:26","12-02-2020 22:29","4.782","2_39_124_22_2020-02-12 20:47:52.331068","2","CA-312","2-39-124-22","4.65","1.7"
"12-02-2020 21:59","13-02-2020 01:07","13-02-2020 00:59","0.771","2_39_79_380_2020-02-12 21:59:24.922537","2","CA-489","2-39-79-380","3.13","3"
"12-02-2020 23:09","13-02-2020 00:02","12-02-2020 23:56","4.126","2_39_92_442_2020-02-12 23:09:18.356332","2","CA-498","2-39-92-442","0.88","0.78"
"12-02-2020 23:38","13-02-2020 01:59","13-02-2020 01:59","15.603","2_39_88_24_2020-02-12 23:38:48.486559","2","CA-314","2-39-88-24","2.35","2.35"
"12-02-2020 23:54","13-02-2020 01:24","13-02-2020 01:24","4.84","2_39_95_27_2020-02-12 23:54:30.613515","2","CA-319","2-39-95-27","1.5","1.5"
"12-02-2020 23:56","13-02-2020 01:07","13-02-2020 01:07","5.882","2_39_78_360_2020-02-12 23:56:44.068783","2","CA-322","2-39-78-360","1.18","1.18"
"13-02-2020 01:11","13-02-2020 01:33","13-02-2020 01:32","1.181","2_39_78_360_2020-02-13 01:11:13.722691","2","CA-322","2-39-78-360","0.37","0.35"
"13-02-2020 02:46","13-02-2020 04:34","13-02-2020 04:32","6.676","2_39_131_30_2020-02-13 02:46:33.932548","2","CA-305","2-39-131-30","1.8","1.77"
"13-02-2020 15:43","13-02-2020 22:57","13-02-2020 19:12","13.374","2_39_79_380_2020-02-13 15:43:41.066672","2","CA-489","2-39-79-380","7.23","3.48"
"13-02-2020 15:50","13-02-2020 23:00","13-02-2020 17:24","3.307","2_39_79_382_2020-02-13 15:50:28.419694","2","CA-491","2-39-79-382","7.17","1.57"
"13-02-2020 15:54","13-02-2020 21:20","13-02-2020 20:19","0.812","2_39_79_381_2020-02-13 15:54:26.838423","2","CA-490","2-39-79-381","5.43","4.42"
"13-02-2020 16:12","14-02-2020 02:37","13-02-2020 17:29","3.732","2_39_79_377_2020-02-13 16:12:27.800879","2","CA-325","2-39-79-377","10.42","1.28"
"13-02-2020 16:15","13-02-2020 23:28","13-02-2020 23:05","6.203","2_39_78_363_2020-02-13 16:15:48.725497","2","CA-320","2-39-78-363","7.22","6.83"
"13-02-2020 16:18","13-02-2020 17:09","13-02-2020 17:09","5.563","2_39_78_366_2020-02-13 16:18:28.883733","2","CA-323","2-39-78-366","0.85","0.85"
"13-02-2020 16:25","14-02-2020 02:47","14-02-2020 02:27","1.041","2_39_79_379_2020-02-13 16:25:16.372695","2","CA-327","2-39-79-379","10.37","10.03"
"13-02-2020 16:28","14-02-2020 01:21","13-02-2020 18:14","11.341","2_39_92_442_2020-02-13 16:28:43.388794","2","CA-498","2-39-92-442","8.88","1.77"
"13-02-2020 16:41","13-02-2020 21:55","13-02-2020 18:00","3.358","2_39_131_30_2020-02-13 16:41:32.695926","2","CA-305","2-39-131-30","5.23","1.32"
"13-02-2020 16:41","14-02-2020 00:52","13-02-2020 21:06","23.815","2_39_79_378_2020-02-13 16:41:51.408795","2","CA-326","2-39-79-378","8.18","4.42"
"13-02-2020 16:43","14-02-2020 01:04","13-02-2020 19:21","5.488","2_39_79_376_2020-02-13 16:43:38.533190","2","CA-324","2-39-79-376","8.35","2.63"
"13-02-2020 16:45","14-02-2020 00:56","13-02-2020 18:33","9.742","2_39_91_437_2020-02-13 16:45:05.604631","2","CA-317","2-39-91-437","8.18","1.8"
"13-02-2020 16:49","14-02-2020 02:30","13-02-2020 18:13","4.618","2_39_127_19_2020-02-13 16:49:43.435580","2","CA-309","2-39-127-19","9.68","1.4"
"13-02-2020 16:54","14-02-2020 01:08","13-02-2020 20:30","8.517","2_39_126_20_2020-02-13 16:54:39.985454","2","CA-310","2-39-126-20","8.23","3.6"
"13-02-2020 16:55","14-02-2020 00:32","13-02-2020 20:35","16.717","2_39_78_365_2020-02-13 16:55:57.220591","2","CA-321","2-39-78-365","7.62","3.67"
"13-02-2020 16:59","13-02-2020 21:15","13-02-2020 21:14","14.489","2_39_90_440_2020-02-13 16:59:51.947743","2","CA-500","2-39-90-440","4.27","4.25"
"13-02-2020 17:09","14-02-2020 01:25","13-02-2020 19:04","5.832","2_39_95_27_2020-02-13 17:09:52.034364","2","CA-319","2-39-95-27","8.27","1.92"
"13-02-2020 17:10","14-02-2020 03:14","13-02-2020 19:07","11.788","2_39_88_438_2020-02-13 17:10:02.684299","2","CA-502","2-39-88-438","10.07","1.95"
"13-02-2020 17:12","14-02-2020 01:46","13-02-2020 19:02","4.233","2_39_89_25_2020-02-13 17:12:38.063931","2","CA-315","2-39-89-25","8.57","1.83"
"13-02-2020 17:35","14-02-2020 00:50","13-02-2020 20:34","17.273","2_39_78_366_2020-02-13 17:35:26.591558","2","CA-323","2-39-78-366","7.25","2.98"
"13-02-2020 17:41","13-02-2020 23:22","13-02-2020 20:07","10.818","2_39_92_436_2020-02-13 17:41:33.328340","2","CA-318","2-39-92-436","5.68","2.43"
"13-02-2020 17:50","14-02-2020 00:39","13-02-2020 20:31","15.944","2_39_91_441_2020-02-13 17:50:05.167906","2","CA-499","2-39-91-441","6.82","2.68"
"13-02-2020 17:56","13-02-2020 20:38","13-02-2020 20:39","0.885","2_39_78_362_2020-02-13 17:56:04.020684","2","CA-496","2-39-78-362","2.7","2.72"
"13-02-2020 18:01","14-02-2020 01:25","13-02-2020 18:40","2.382","2_39_123_23_2020-02-13 18:01:12.764176","2","CA-313","2-39-123-23","7.4","0.65"
"13-02-2020 18:14","13-02-2020 19:06","13-02-2020 19:06","5.666","2_39_88_24_2020-02-13 18:14:33.342482","2","CA-314","2-39-88-24","0.87","0.87"
"13-02-2020 18:14","14-02-2020 02:07","13-02-2020 20:22","12.148","2_39_124_22_2020-02-13 18:14:58.282577","2","CA-312","2-39-124-22","7.88","2.13"
"13-02-2020 19:37","14-02-2020 02:07","13-02-2020 21:47","14.448","2_39_88_24_2020-02-13 19:37:30.281571","2","CA-314","2-39-88-24","6.5","2.17"
"13-02-2020 20:40","14-02-2020 03:01","13-02-2020 22:41","6.502","2_39_128_562_2020-02-13 20:40:56.552145","2","CA-508","2-39-128-562","6.35","2.02"
"13-02-2020 20:56","14-02-2020 00:51","14-02-2020 00:52","0.895","2_39_78_362_2020-02-13 20:56:07.755201","2","CA-496","2-39-78-362","3.92","3.93"
"13-02-2020 21:38","13-02-2020 23:15","13-02-2020 23:15","10.24","2_39_79_381_2020-02-13 21:38:04.154504","2","CA-490","2-39-79-381","1.62","1.62"
"13-02-2020 22:00","14-02-2020 01:44","13-02-2020 22:30","0.846","2_39_90_440_2020-02-13 22:00:15.885720","2","CA-500","2-39-90-440","3.73","0.5"
"13-02-2020 22:50","14-02-2020 02:09","13-02-2020 23:41","2.229","2_39_95_444_2020-02-13 22:50:05.951250","2","CA-497","2-39-95-444","3.32","0.85"
"13-02-2020 23:02","13-02-2020 23:33","13-02-2020 23:33","0.853","2_39_79_382_2020-02-13 23:02:41.927116","2","CA-491","2-39-79-382","0.52","0.52"
"13-02-2020 23:19","14-02-2020 00:53","13-02-2020 23:50","0.865","2_39_79_383_2020-02-13 23:19:56.592382","2","CA-492","2-39-79-383","1.57","0.52"
"13-02-2020 23:25","14-02-2020 03:59","14-02-2020 00:41","2.466","2_39_92_436_2020-02-13 23:25:15.558624","2","CA-318","2-39-92-436","4.57","1.27"
"14-02-2020 00:09","14-02-2020 03:48","14-02-2020 03:32","4.24","2_39_78_363_2020-02-14 00:09:57.629407","2","CA-320","2-39-78-363","3.65","3.38"
"14-02-2020 00:44","14-02-2020 02:16","14-02-2020 02:16","8.254","2_39_125_21_2020-02-14 00:44:25.225241","2","CA-311","2-39-125-21","1.53","1.53"
"14-02-2020 01:55","14-02-2020 03:04","14-02-2020 02:41","3.889","2_39_139_28_2020-02-14 01:55:52.225068","2","CA-303","2-39-139-28","1.15","0.77"
"14-02-2020 02:57","14-02-2020 03:38","14-02-2020 03:38","2.254","2_39_138_29_2020-02-14 02:57:54.436040","2","CA-304","2-39-138-29","0.68","0.68"
"14-02-2020 02:59","14-02-2020 04:31","14-02-2020 04:20","4.142","2_39_129_17_2020-02-14 02:59:16.172563","2","CA-307","2-39-129-17","1.53","1.35"
"14-02-2020 04:23","14-02-2020 05:44","14-02-2020 05:44","4.48","2_39_139_28_2020-02-14 04:23:54.344141","2","CA-303","2-39-139-28","1.35","1.35"
"14-02-2020 14:45","14-02-2020 21:11","14-02-2020 19:53","14.375","2_39_79_383_2020-02-14 14:45:01.550752","2","CA-492","2-39-79-383","6.43","5.13"
"14-02-2020 14:55","15-02-2020 00:31","14-02-2020 18:47","5.654","2_39_89_25_2020-02-14 14:55:13.830014","2","CA-315","2-39-89-25","9.6","3.87"
"14-02-2020 15:40","15-02-2020 00:58","14-02-2020 18:47","12.145","2_39_78_366_2020-02-14 15:40:30.605112","2","CA-323","2-39-78-366","9.3","3.12"
"14-02-2020 15:41","15-02-2020 02:03","14-02-2020 22:36","0.819","2_39_79_380_2020-02-14 15:41:41.312434","2","CA-489","2-39-79-380","10.37","6.92"
"14-02-2020 15:49","15-02-2020 02:11","14-02-2020 22:02","17.55","2_39_79_382_2020-02-14 15:49:24.813369","2","CA-491","2-39-79-382","10.37","6.22"
"14-02-2020 16:09","14-02-2020 20:44","14-02-2020 18:53","14.895","2_39_79_376_2020-02-14 16:09:36.478434","2","CA-324","2-39-79-376","4.58","2.73"
"14-02-2020 16:29","14-02-2020 21:13","14-02-2020 18:47","5.731","2_39_139_28_2020-02-14 16:29:42.817630","2","CA-303","2-39-139-28","4.73","2.3"
"14-02-2020 16:33","15-02-2020 01:33","14-02-2020 18:47","10.084","2_39_91_437_2020-02-14 16:33:47.669363","2","CA-317","2-39-91-437","9","2.23"
"14-02-2020 16:35","14-02-2020 21:42","14-02-2020 21:13","12.458","2_39_78_361_2020-02-14 16:35:46.430857","2","CA-493","2-39-78-361","5.12","4.63"
"14-02-2020 16:46","14-02-2020 19:28","14-02-2020 19:26","8.027","2_39_79_381_2020-02-14 16:46:12.024935","2","CA-490","2-39-79-381","2.7","2.67"
"14-02-2020 16:52","15-02-2020 00:38","14-02-2020 18:48","0.836","2_39_92_436_2020-02-14 16:52:34.018299","2","CA-318","2-39-92-436","7.77","1.93"
"14-02-2020 16:59","15-02-2020 01:40","14-02-2020 18:47","5.297","2_39_78_363_2020-02-14 16:59:31.112056","2","CA-320","2-39-78-363","8.68","1.8"
"14-02-2020 17:07","15-02-2020 01:50","15-02-2020 01:50","15.766","2_39_78_367_2020-02-14 17:07:06.341805","2","CA-494","2-39-78-367","8.72","8.72"
"14-02-2020 17:19","15-02-2020 02:15","14-02-2020 19:29","6.314","2_39_92_442_2020-02-14 17:18:57.245157","2","CA-498","2-39-92-442","8.93","2.17"
"14-02-2020 17:20","15-02-2020 03:19","14-02-2020 18:47","3.759","2_39_125_21_2020-02-14 17:20:29.832486","2","CA-311","2-39-125-21","9.98","1.45"
"14-02-2020 17:21","15-02-2020 01:56","14-02-2020 18:47","1.22","2_39_79_379_2020-02-14 17:21:16.900821","2","CA-327","2-39-79-379","8.58","1.43"
"14-02-2020 17:32","15-02-2020 05:19","14-02-2020 18:47","2.089","2_39_90_26_2020-02-14 17:32:43.621886","2","CA-316","2-39-90-26","11.78","1.25"
"14-02-2020 17:47","15-02-2020 01:36","14-02-2020 20:04","7.189","2_39_78_365_2020-02-14 17:47:34.963803","2","CA-321","2-39-78-365","7.82","2.28"
"14-02-2020 18:00","15-02-2020 05:09","14-02-2020 19:56","5.831","2_39_95_27_2020-02-14 18:00:46.138754","2","CA-319","2-39-95-27","11.15","1.93"
"14-02-2020 18:02","14-02-2020 19:25","14-02-2020 19:15","3.492","2_39_127_19_2020-02-14 18:01:53.746885","2","CA-309","2-39-127-19","1.38","1.22"
"14-02-2020 18:05","14-02-2020 22:06","14-02-2020 19:43","10.365","2_39_124_22_2020-02-14 18:05:38.613496","2","CA-312","2-39-124-22","4.02","1.63"
"14-02-2020 18:34","14-02-2020 22:18","14-02-2020 22:19","0.946","2_39_78_360_2020-02-14 18:34:06.080580","2","CA-322","2-39-78-360","3.73","3.75"
"14-02-2020 18:38","14-02-2020 19:25","14-02-2020 19:21","1.714","2_39_126_20_2020-02-14 18:38:59.207912","2","CA-310","2-39-126-20","0.78","0.72"
"14-02-2020 18:55","14-02-2020 21:24","14-02-2020 19:47","4.369","2_39_88_24_2020-02-14 18:55:55.364431","2","CA-314","2-39-88-24","2.48","0.87"
"14-02-2020 18:56","14-02-2020 21:54","14-02-2020 21:54","17.987","2_39_79_377_2020-02-14 18:56:49.632600","2","CA-325","2-39-79-377","2.97","2.97"
"14-02-2020 19:09","14-02-2020 22:23","14-02-2020 20:05","2.334","2_39_78_364_2020-02-14 19:09:34.491941","2","CA-495","2-39-78-364","3.23","0.93"
"14-02-2020 19:59","15-02-2020 00:53","14-02-2020 21:31","8.551","2_39_79_381_2020-02-14 19:59:31.722365","2","CA-490","2-39-79-381","4.9","1.53"
"14-02-2020 20:09","15-02-2020 01:02","14-02-2020 21:23","4.645","2_39_95_444_2020-02-14 20:09:19.242768","2","CA-497","2-39-95-444","4.88","1.23"
"14-02-2020 21:18","15-02-2020 01:08","14-02-2020 23:24","6.65","2_39_79_376_2020-02-14 21:18:30.602653","2","CA-324","2-39-79-376","3.83","2.1"
"14-02-2020 21:35","14-02-2020 23:42","14-02-2020 22:15","1.661","2_39_88_24_2020-02-14 21:35:01.451067","2","CA-314","2-39-88-24","2.12","0.67"
"14-02-2020 22:08","15-02-2020 00:22","14-02-2020 23:54","9.896","2_39_79_377_2020-02-14 22:08:04.500541","2","CA-325","2-39-79-377","2.23","1.77"
"14-02-2020 22:15","15-02-2020 01:08","14-02-2020 23:01","4.123","2_39_124_22_2020-02-14 22:15:52.885209","2","CA-312","2-39-124-22","2.88","0.77"
"14-02-2020 22:35","15-02-2020 02:06","15-02-2020 01:36","1.662","2_39_78_360_2020-02-14 22:35:53.108369","2","CA-322","2-39-78-360","3.52","3.02"
"14-02-2020 22:43","15-02-2020 00:09","14-02-2020 23:23","3.383","2_39_90_440_2020-02-14 22:43:08.902967","2","CA-500","2-39-90-440","1.43","0.67"
"15-02-2020 01:05","15-02-2020 02:47","15-02-2020 02:24","3.745","2_39_130_31_2020-02-15 01:05:42.422870","2","CA-306","2-39-130-31","1.7","1.32"
"15-02-2020 01:21","15-02-2020 01:43","15-02-2020 01:43","0.615","2_39_79_377_2020-02-15 01:21:23.170713","2","CA-325","2-39-79-377","0.37","0.37"
"15-02-2020 16:34","15-02-2020 20:58","15-02-2020 18:14","0.827","2_39_79_380_2020-02-15 16:34:17.031105","2","CA-489","2-39-79-380","4.4","1.67"
"15-02-2020 17:42","15-02-2020 19:07","15-02-2020 19:07","8.443","2_39_131_30_2020-02-15 17:42:40.671152","2","CA-305","2-39-131-30","1.42","1.42"
"15-02-2020 20:44","15-02-2020 22:03","15-02-2020 22:03","5.378","2_39_128_18_2020-02-15 20:44:48.872879","2","CA-308","2-39-128-18","1.32","1.32"
"15-02-2020 21:47","15-02-2020 23:42","15-02-2020 23:42","5.572","2_39_127_19_2020-02-15 21:47:51.700451","2","CA-309","2-39-127-19","1.92","1.92"
"16-02-2020 00:11","16-02-2020 02:16","16-02-2020 00:53","1.881","2_39_123_23_2020-02-16 00:11:26.173386","2","CA-313","2-39-123-23","2.08","0.7"
"16-02-2020 02:29","16-02-2020 03:57","16-02-2020 03:01","0.861","2_39_139_28_2020-02-16 02:29:00.595558","2","CA-303","2-39-139-28","1.47","0.53"
"16-02-2020 02:37","16-02-2020 04:00","16-02-2020 03:07","0.871","2_39_88_24_2020-02-16 02:37:02.370163","2","CA-314","2-39-88-24","1.38","0.5"
"16-02-2020 03:13","16-02-2020 18:39","16-02-2020 11:12","51.346","2_39_131_30_2020-02-16 03:13:34.555538","2","CA-305","2-39-131-30","15.43","7.98"
"16-02-2020 17:54","16-02-2020 19:38","16-02-2020 19:34","4.869","2_39_89_25_2020-02-16 17:54:42.195275","2","CA-315","2-39-89-25","1.73","1.67"
"16-02-2020 21:25","16-02-2020 23:12","16-02-2020 23:12","11.205","2_39_138_29_2020-02-16 21:25:54.430182","2","CA-304","2-39-138-29","1.78","1.78"
"16-02-2020 21:29","16-02-2020 23:11","16-02-2020 23:11","5.646","2_39_131_30_2020-02-16 21:29:00.281777","2","CA-305","2-39-131-30","1.7","1.7"
"16-02-2020 23:07","17-02-2020 00:47","16-02-2020 23:38","0.86","2_39_88_24_2020-02-16 23:07:35.110332","2","CA-314","2-39-88-24","1.67","0.52"
"16-02-2020 23:29","17-02-2020 00:43","17-02-2020 00:43","3.924","2_39_139_28_2020-02-16 23:29:22.079461","2","CA-303","2-39-139-28","1.23","1.23"
"17-02-2020 17:40","17-02-2020 19:38","17-02-2020 18:11","0.836","2_39_79_380_2020-02-17 17:40:35.128719","2","CA-489","2-39-79-380","1.97","0.52"
"17-02-2020 18:04","18-02-2020 02:03","17-02-2020 20:12","12.335","2_39_79_379_2020-02-17 18:04:38.256154","2","CA-327","2-39-79-379","7.98","2.13"
"17-02-2020 18:10","17-02-2020 18:51","17-02-2020 18:51","2.308","2_39_139_28_2020-02-17 18:10:13.722040","2","CA-303","2-39-139-28","0.68","0.68"
"17-02-2020 18:22","17-02-2020 19:53","17-02-2020 19:04","1.724","2_39_130_31_2020-02-17 18:22:52.155510","2","CA-306","2-39-130-31","1.52","0.7"
"17-02-2020 18:31","18-02-2020 02:05","17-02-2020 20:06","10.256","2_39_79_376_2020-02-17 18:31:33.969620","2","CA-324","2-39-79-376","7.57","1.58"
"17-02-2020 19:45","17-02-2020 20:57","17-02-2020 20:57","7.836","2_39_139_28_2020-02-17 19:45:58.853142","2","CA-303","2-39-139-28","1.2","1.2"
"17-02-2020 19:51","17-02-2020 21:45","17-02-2020 21:45","6.258","2_39_127_19_2020-02-17 19:51:06.717142","2","CA-309","2-39-127-19","1.9","1.9"
"17-02-2020 21:31","18-02-2020 00:37","18-02-2020 00:19","0.836","2_39_79_380_2020-02-17 21:31:31.077092","2","CA-489","2-39-79-380","3.1","2.8"
"17-02-2020 22:20","18-02-2020 02:45","18-02-2020 00:27","6.47","2_39_78_365_2020-02-17 22:20:39.577262","2","CA-321","2-39-78-365","4.42","2.12"
"18-02-2020 00:17","18-02-2020 07:17","18-02-2020 06:02","36.936","2_39_139_28_2020-02-18 00:17:37.800316","2","CA-303","2-39-139-28","7","5.75"
"18-02-2020 02:02","18-02-2020 16:36","18-02-2020 04:02","6.323","2_39_79_381_2020-02-18 02:02:03.362460","2","CA-490","2-39-79-381","14.57","2"
"18-02-2020 03:35","18-02-2020 04:40","18-02-2020 04:27","2.198","2_39_129_17_2020-02-18 03:35:51.344019","2","CA-307","2-39-129-17","1.08","0.87"
"18-02-2020 03:53","18-02-2020 05:31","18-02-2020 05:23","5.309","2_39_78_365_2020-02-18 03:53:57.134086","2","CA-321","2-39-78-365","1.63","1.5"
"18-02-2020 15:59","19-02-2020 00:23","18-02-2020 17:54","6.447","2_39_139_28_2020-02-18 15:58:59.741931","2","CA-303","2-39-139-28","8.4","1.92"
"18-02-2020 16:01","19-02-2020 00:36","18-02-2020 18:04","6.546","2_39_79_377_2020-02-18 16:01:29.589067","2","CA-325","2-39-79-377","8.58","2.05"
"18-02-2020 16:03","19-02-2020 01:02","19-02-2020 00:37","0.875","2_39_79_380_2020-02-18 16:03:41.769531","2","CA-489","2-39-79-380","8.98","8.57"
"18-02-2020 16:15","19-02-2020 01:27","19-02-2020 01:27","43.629","2_39_78_366_2020-02-18 16:15:34.653455","2","CA-323","2-39-78-366","9.2","9.2"
"18-02-2020 16:17","19-02-2020 01:56","18-02-2020 18:48","6.274","2_39_90_440_2020-02-18 16:16:46.760531","2","CA-500","2-39-90-440","9.65","2.52"
"18-02-2020 16:17","19-02-2020 01:31","18-02-2020 18:47","10.74","2_39_92_436_2020-02-18 16:16:11.943638","2","CA-318","2-39-92-436","9.23","2.5"
"18-02-2020 16:33","19-02-2020 01:20","18-02-2020 18:05","4.743","2_39_79_379_2020-02-18 16:33:24.031430","2","CA-327","2-39-79-379","8.78","1.53"
"18-02-2020 16:45","19-02-2020 02:00","18-02-2020 17:58","3.729","2_39_130_31_2020-02-18 16:45:55.550109","2","CA-306","2-39-130-31","9.25","1.22"
"18-02-2020 16:47","19-02-2020 01:57","18-02-2020 19:44","17.266","2_39_89_25_2020-02-18 16:47:09.552838","2","CA-315","2-39-89-25","9.17","2.95"
"18-02-2020 16:48","19-02-2020 02:56","18-02-2020 21:05","14.202","2_39_126_560_2020-02-18 16:48:33.618182","2","CA-506","2-39-126-560","10.13","4.28"
"18-02-2020 16:50","19-02-2020 06:46","19-02-2020 00:36","0.835","2_39_79_381_2020-02-18 16:50:09.740783","2","CA-490","2-39-79-381","13.93","7.77"
"18-02-2020 16:50","18-02-2020 19:46","18-02-2020 18:43","5.098","2_39_127_19_2020-02-18 16:50:26.700004","2","CA-309","2-39-127-19","2.93","1.88"
"18-02-2020 17:10","19-02-2020 01:00","18-02-2020 17:53","1.733","2_39_89_439_2020-02-18 17:10:04.834078","2","CA-501","2-39-89-439","7.83","0.72"
"18-02-2020 17:10","19-02-2020 00:32","18-02-2020 22:01","11.135","2_39_78_365_2020-02-18 17:10:09.980229","2","CA-321","2-39-78-365","7.37","4.85"
"18-02-2020 17:10","19-02-2020 02:58","18-02-2020 18:36","4.425","2_39_125_21_2020-02-18 17:10:23.378142","2","CA-311","2-39-125-21","9.8","1.43"
"18-02-2020 17:12","18-02-2020 19:34","18-02-2020 19:34","15.406","2_39_92_442_2020-02-18 17:12:48.999168","2","CA-498","2-39-92-442","2.37","2.37"
"18-02-2020 17:29","19-02-2020 03:26","18-02-2020 18:33","3.131","2_39_123_23_2020-02-18 17:29:01.384706","2","CA-313","2-39-123-23","9.95","1.07"
"18-02-2020 17:45","19-02-2020 00:16","18-02-2020 18:32","4.548","2_39_124_22_2020-02-18 17:45:33.148099","2","CA-312","2-39-124-22","6.52","0.78"
"18-02-2020 17:47","19-02-2020 01:14","18-02-2020 20:34","9.422","2_39_90_26_2020-02-18 17:47:57.581190","2","CA-316","2-39-90-26","7.45","2.78"
"18-02-2020 17:55","19-02-2020 03:16","18-02-2020 20:30","15.445","2_39_95_27_2020-02-18 17:55:03.166578","2","CA-319","2-39-95-27","9.35","2.58"
"18-02-2020 17:55","19-02-2020 01:15","18-02-2020 23:17","17.82","2_39_78_364_2020-02-18 17:55:04.450051","2","CA-495","2-39-78-364","7.33","5.37"
"18-02-2020 18:16","18-02-2020 18:51","18-02-2020 18:51","3.766","2_39_91_441_2020-02-18 18:16:54.341450","2","CA-499","2-39-91-441","0.58","0.58"
"18-02-2020 18:18","19-02-2020 01:53","18-02-2020 19:07","1.999","2_39_79_378_2020-02-18 18:18:00.230357","2","CA-326","2-39-79-378","7.58","0.82"
"18-02-2020 18:37","18-02-2020 19:29","18-02-2020 19:23","1.044","2_39_78_367_2020-02-18 18:37:52.488321","2","CA-494","2-39-78-367","0.87","0.77"
"18-02-2020 18:39","19-02-2020 00:46","19-02-2020 00:46","24.286","2_39_78_360_2020-02-18 18:39:25.193613","2","CA-322","2-39-78-360","6.12","6.12"
"18-02-2020 18:55","19-02-2020 01:08","18-02-2020 23:25","15.076","2_39_79_376_2020-02-18 18:55:15.714762","2","CA-324","2-39-79-376","6.22","4.5"
"18-02-2020 18:55","19-02-2020 01:41","19-02-2020 01:42","6.723","2_39_78_362_2020-02-18 18:55:47.273534","2","CA-496","2-39-78-362","6.77","6.78"
"18-02-2020 19:34","18-02-2020 20:05","18-02-2020 20:04","1.718","2_39_88_24_2020-02-18 19:33:59.521964","2","CA-314","2-39-88-24","0.52","0.5"
"18-02-2020 19:40","18-02-2020 20:11","18-02-2020 20:10","1.723","2_39_92_442_2020-02-18 19:40:31.731370","2","CA-498","2-39-92-442","0.52","0.5"
"18-02-2020 19:52","18-02-2020 21:35","18-02-2020 21:35","9.569","2_39_127_19_2020-02-18 19:52:30.330645","2","CA-309","2-39-127-19","1.72","1.72"
"18-02-2020 19:56","19-02-2020 02:49","18-02-2020 21:09","2.444","2_39_91_441_2020-02-18 19:56:04.770740","2","CA-499","2-39-91-441","6.88","1.22"
"18-02-2020 20:04","18-02-2020 21:16","18-02-2020 21:15","1.052","2_39_78_367_2020-02-18 20:04:34.912266","2","CA-494","2-39-78-367","1.2","1.18"
"18-02-2020 20:16","18-02-2020 20:45","18-02-2020 20:44","0.767","2_39_95_444_2020-02-18 20:16:28.866390","2","CA-497","2-39-95-444","0.48","0.47"
"18-02-2020 20:30","19-02-2020 01:44","18-02-2020 21:27","1.322","2_39_79_383_2020-02-18 20:30:08.379643","2","CA-492","2-39-79-383","5.23","0.95"
"18-02-2020 20:32","19-02-2020 01:21","18-02-2020 21:26","5.424","2_39_91_437_2020-02-18 20:32:23.952697","2","CA-317","2-39-91-437","4.82","0.9"
"18-02-2020 20:47","18-02-2020 23:13","18-02-2020 22:13","3.85","2_39_88_24_2020-02-18 20:47:40.159622","2","CA-314","2-39-88-24","2.43","1.43"
"18-02-2020 21:32","18-02-2020 22:08","18-02-2020 22:07","1.025","2_39_78_367_2020-02-18 21:32:29.597336","2","CA-494","2-39-78-367","0.6","0.58"
"18-02-2020 21:41","19-02-2020 00:45","18-02-2020 23:31","0.833","2_39_128_562_2020-02-18 21:41:19.207021","2","CA-508","2-39-128-562","3.07","1.83"
"18-02-2020 21:52","19-02-2020 00:55","18-02-2020 23:55","6.736","2_39_127_19_2020-02-18 21:52:25.598220","2","CA-309","2-39-127-19","3.05","2.05"
"18-02-2020 22:25","18-02-2020 23:28","18-02-2020 23:27","1.055","2_39_78_367_2020-02-18 22:25:11.440729","2","CA-494","2-39-78-367","1.05","1.03"
"18-02-2020 23:44","19-02-2020 00:20","19-02-2020 00:19","1.04","2_39_78_367_2020-02-18 23:44:33.917877","2","CA-494","2-39-78-367","0.6","0.58"
"19-02-2020 00:30","19-02-2020 01:55","19-02-2020 01:01","0.84","2_39_139_28_2020-02-19 00:30:49.164615","2","CA-303","2-39-139-28","1.42","0.52"
"19-02-2020 00:37","19-02-2020 01:06","19-02-2020 01:06","0.594","2_39_78_367_2020-02-19 00:37:29.421599","2","CA-494","2-39-78-367","0.48","0.48"
"19-02-2020 01:21","19-02-2020 02:42","19-02-2020 01:55","1.254","2_39_131_30_2020-02-19 01:21:10.471513","2","CA-305","2-39-131-30","1.35","0.57"
"19-02-2020 03:55","19-02-2020 06:36","19-02-2020 06:36","14.506","2_39_79_382_2020-02-19 03:55:10.145268","2","CA-491","2-39-79-382","2.68","2.68"
"19-02-2020 04:22","19-02-2020 05:44","19-02-2020 05:44","4.652","2_39_129_17_2020-02-19 04:22:56.998345","2","CA-307","2-39-129-17","1.37","1.37"
"19-02-2020 10:16","19-02-2020 12:50","19-02-2020 12:50","13.206","2_39_139_28_2020-02-19 10:16:00.402226","2","CA-303","2-39-139-28","2.57","2.57"
"19-02-2020 15:47","19-02-2020 22:21","19-02-2020 16:56","3.498","2_39_131_30_2020-02-19 15:47:20.545563","2","CA-305","2-39-131-30","6.57","1.15"
"19-02-2020 15:48","20-02-2020 01:52","19-02-2020 22:50","3.304","2_39_79_377_2020-02-19 15:48:27.873517","2","CA-325","2-39-79-377","10.07","7.03"
"19-02-2020 15:56","19-02-2020 21:20","19-02-2020 16:26","0.809","2_39_79_380_2020-02-19 15:56:00.164285","2","CA-489","2-39-79-380","5.4","0.5"
"19-02-2020 16:12","20-02-2020 01:16","19-02-2020 18:01","9.406","2_39_78_366_2020-02-19 16:12:01.058468","2","CA-323","2-39-78-366","9.07","1.82"
"19-02-2020 16:24","20-02-2020 01:43","20-02-2020 00:47","53.265","2_39_79_378_2020-02-19 16:24:37.812042","2","CA-326","2-39-79-378","9.32","8.38"
"19-02-2020 16:33","20-02-2020 01:39","19-02-2020 19:21","13.043","2_39_79_376_2020-02-19 16:33:11.315653","2","CA-324","2-39-79-376","9.1","2.8"
"19-02-2020 16:41","20-02-2020 01:45","19-02-2020 19:54","10.982","2_39_129_17_2020-02-19 16:41:29.701061","2","CA-307","2-39-129-17","9.07","3.22"
"19-02-2020 16:43","20-02-2020 08:00","19-02-2020 18:56","5.831","2_39_79_383_2020-02-19 16:43:05.059589","2","CA-492","2-39-79-383","15.28","2.22"
"19-02-2020 16:50","19-02-2020 20:20","19-02-2020 18:31","5.29","2_39_127_19_2020-02-19 16:50:42.661074","2","CA-309","2-39-127-19","3.5","1.68"
"19-02-2020 17:00","20-02-2020 00:37","20-02-2020 00:38","2.985","2_39_78_362_2020-02-19 17:00:08.165536","2","CA-496","2-39-78-362","7.62","7.63"
"19-02-2020 17:05","20-02-2020 01:14","19-02-2020 19:59","9.834","2_39_90_26_2020-02-19 17:05:47.031463","2","CA-316","2-39-90-26","8.15","2.9"
"19-02-2020 17:11","19-02-2020 17:33","19-02-2020 17:33","1.884","2_39_78_361_2020-02-19 17:11:08.111697","2","CA-493","2-39-78-361","0.37","0.37"
"19-02-2020 17:19","20-02-2020 03:08","19-02-2020 18:30","3.645","2_39_125_21_2020-02-19 17:19:07.690586","2","CA-311","2-39-125-21","9.82","1.18"
"19-02-2020 17:28","20-02-2020 01:13","19-02-2020 23:34","0.897","2_39_79_381_2020-02-19 17:28:17.493939","2","CA-490","2-39-79-381","7.75","6.1"
"19-02-2020 17:31","20-02-2020 01:43","19-02-2020 18:57","4.21","2_39_89_25_2020-02-19 17:31:13.096909","2","CA-315","2-39-89-25","8.2","1.43"
"19-02-2020 17:31","20-02-2020 02:51","19-02-2020 18:41","3.135","2_39_126_20_2020-02-19 17:31:43.096590","2","CA-310","2-39-126-20","9.33","1.17"
"19-02-2020 17:33","20-02-2020 06:13","19-02-2020 18:35","6.213","2_39_78_363_2020-02-19 17:33:12.646012","2","CA-320","2-39-78-363","12.67","1.03"
"19-02-2020 17:43","20-02-2020 00:09","19-02-2020 19:36","11.29","2_39_123_23_2020-02-19 17:43:56.481965","2","CA-313","2-39-123-23","6.43","1.88"
"19-02-2020 17:50","19-02-2020 19:39","19-02-2020 19:30","0.891","2_39_78_361_2020-02-19 17:50:36.298023","2","CA-493","2-39-78-361","1.82","1.67"
"19-02-2020 17:51","20-02-2020 03:07","19-02-2020 19:54","10.962","2_39_78_365_2020-02-19 17:51:03.545942","2","CA-321","2-39-78-365","9.27","2.05"
"19-02-2020 18:00","20-02-2020 01:15","19-02-2020 19:41","4.063","2_39_95_444_2020-02-19 18:00:59.047447","2","CA-497","2-39-95-444","7.25","1.68"
"19-02-2020 18:03","19-02-2020 20:07","19-02-2020 20:02","0.911","2_39_78_360_2020-02-19 18:03:05.984394","2","CA-322","2-39-78-360","2.07","1.98"
"19-02-2020 18:21","20-02-2020 00:30","19-02-2020 20:11","10.773","2_39_95_27_2020-02-19 18:21:35.247584","2","CA-319","2-39-95-27","6.15","1.83"
"19-02-2020 18:30","20-02-2020 01:19","19-02-2020 19:56","7.889","2_39_92_442_2020-02-19 18:30:26.517284","2","CA-498","2-39-92-442","6.82","1.43"
"19-02-2020 19:13","19-02-2020 20:16","19-02-2020 19:44","0.935","2_39_88_24_2020-02-19 19:13:53.188994","2","CA-314","2-39-88-24","1.05","0.52"
"19-02-2020 19:14","20-02-2020 01:50","19-02-2020 21:08","6.125","2_39_90_440_2020-02-19 19:14:56.864062","2","CA-500","2-39-90-440","6.6","1.9"
"19-02-2020 19:53","20-02-2020 01:43","19-02-2020 21:04","3.596","2_39_124_22_2020-02-19 19:53:01.140044","2","CA-312","2-39-124-22","5.83","1.18"
"19-02-2020 19:57","19-02-2020 23:06","19-02-2020 23:03","0.885","2_39_78_361_2020-02-19 19:57:17.318406","2","CA-493","2-39-78-361","3.15","3.1"
"19-02-2020 20:22","19-02-2020 21:55","19-02-2020 21:52","0.879","2_39_78_360_2020-02-19 20:22:51.129617","2","CA-322","2-39-78-360","1.55","1.5"
"19-02-2020 20:36","20-02-2020 01:55","19-02-2020 21:18","1.745","2_39_88_24_2020-02-19 20:36:22.677066","2","CA-314","2-39-88-24","5.32","0.7"
"19-02-2020 20:50","20-02-2020 01:10","20-02-2020 01:10","27.779","2_39_91_441_2020-02-19 20:50:22.298478","2","CA-499","2-39-91-441","4.33","4.33"
"19-02-2020 20:59","20-02-2020 00:58","19-02-2020 22:53","12.194","2_39_91_437_2020-02-19 20:59:19.442491","2","CA-317","2-39-91-437","3.98","1.9"
"19-02-2020 21:00","20-02-2020 00:23","19-02-2020 21:27","1.613","2_39_127_19_2020-02-19 21:00:52.735722","2","CA-309","2-39-127-19","3.38","0.45"
"19-02-2020 21:15","19-02-2020 23:51","19-02-2020 23:34","4.126","2_39_123_557_2020-02-19 21:14:59.751675","2","CA-503","2-39-123-557","2.6","2.32"
"19-02-2020 21:48","19-02-2020 23:59","19-02-2020 23:59","8.513","2_39_79_380_2020-02-19 21:48:37.611445","2","CA-489","2-39-79-380","2.18","2.18"
"19-02-2020 21:59","20-02-2020 02:52","20-02-2020 02:52","14.84","2_39_130_564_2020-02-19 21:59:01.087682","2","CA-510","2-39-130-564","4.88","4.88"
"19-02-2020 22:13","19-02-2020 22:55","19-02-2020 22:50","0.893","2_39_78_360_2020-02-19 22:13:13.092759","2","CA-322","2-39-78-360","0.7","0.62"
"19-02-2020 23:09","20-02-2020 00:26","20-02-2020 00:12","0.889","2_39_78_360_2020-02-19 23:09:03.402627","2","CA-322","2-39-78-360","1.28","1.05"
"19-02-2020 23:51","20-02-2020 00:57","20-02-2020 00:57","6.007","2_39_78_361_2020-02-19 23:51:24.023678","2","CA-493","2-39-78-361","1.1","1.1"
"20-02-2020 00:05","20-02-2020 07:08","20-02-2020 01:08","2.087","2_39_88_438_2020-02-20 00:05:29.747806","2","CA-502","2-39-88-438","7.05","1.05"
"20-02-2020 00:24","20-02-2020 01:59","20-02-2020 01:22","2.763","2_39_123_23_2020-02-20 00:24:18.513547","2","CA-313","2-39-123-23","1.58","0.97"
"20-02-2020 01:36","20-02-2020 03:04","20-02-2020 03:02","9.223","2_39_78_367_2020-02-20 01:36:30.809100","2","CA-494","2-39-78-367","1.47","1.43"
"20-02-2020 02:55","20-02-2020 04:27","20-02-2020 04:27","6.529","2_39_131_30_2020-02-20 02:55:53.088727","2","CA-305","2-39-131-30","1.53","1.53"
"20-02-2020 03:07","20-02-2020 05:16","20-02-2020 03:37","0.847","2_39_129_17_2020-02-20 03:07:48.487996","2","CA-307","2-39-129-17","2.15","0.5"
"20-02-2020 04:21","20-02-2020 17:53","20-02-2020 06:22","6.405","2_39_127_19_2020-02-20 04:21:11.669226","2","CA-309","2-39-127-19","13.53","2.02"
"20-02-2020 15:55","21-02-2020 01:34","20-02-2020 17:50","0.928","2_39_78_366_2020-02-20 15:55:01.085174","2","CA-323","2-39-78-366","9.65","1.92"
"20-02-2020 15:57","21-02-2020 00:44","20-02-2020 17:58","6.392","2_39_79_377_2020-02-20 15:57:22.324140","2","CA-325","2-39-79-377","8.78","2.02"
"20-02-2020 16:29","21-02-2020 00:47","20-02-2020 18:16","9.303","2_39_79_383_2020-02-20 16:29:05.231468","2","CA-492","2-39-79-383","8.3","1.78"
"20-02-2020 16:29","20-02-2020 22:07","20-02-2020 17:33","5.85","2_39_89_25_2020-02-20 16:29:28.419146","2","CA-315","2-39-89-25","5.63","1.07"
"20-02-2020 16:31","21-02-2020 02:10","20-02-2020 23:49","43.53","2_39_131_30_2020-02-20 16:31:44.500625","2","CA-305","2-39-131-30","9.65","7.3"
"20-02-2020 16:33","20-02-2020 21:36","20-02-2020 18:10","4.41","2_39_79_382_2020-02-20 16:33:12.388024","2","CA-491","2-39-79-382","5.05","1.62"
"20-02-2020 16:35","21-02-2020 01:32","20-02-2020 18:55","13.074","2_39_95_27_2020-02-20 16:34:59.582902","2","CA-319","2-39-95-27","8.95","2.33"
"20-02-2020 16:39","20-02-2020 23:25","20-02-2020 22:18","13.863","2_39_78_365_2020-02-20 16:39:53.661291","2","CA-321","2-39-78-365","6.77","5.65"
"20-02-2020 16:40","21-02-2020 01:51","20-02-2020 22:48","0.968","2_39_124_558_2020-02-20 16:40:11.417578","2","CA-504","2-39-124-558","9.18","6.13"
"20-02-2020 16:56","21-02-2020 03:00","20-02-2020 18:37","5.142","2_39_125_21_2020-02-20 16:56:35.729292","2","CA-311","2-39-125-21","10.07","1.68"
"20-02-2020 16:57","20-02-2020 17:54","20-02-2020 17:54","5.521","2_39_130_31_2020-02-20 16:57:43.580771","2","CA-306","2-39-130-31","0.95","0.95"
"20-02-2020 17:07","21-02-2020 01:59","21-02-2020 00:19","0.834","2_39_89_439_2020-02-20 17:07:29.260108","2","CA-501","2-39-89-439","8.87","7.2"
"20-02-2020 17:19","20-02-2020 23:38","20-02-2020 22:47","11.92","2_39_78_360_2020-02-20 17:19:14.331545","2","CA-322","2-39-78-360","6.32","5.47"
"20-02-2020 17:19","21-02-2020 02:19","21-02-2020 02:20","32.244","2_39_78_362_2020-02-20 17:19:15.847680","2","CA-496","2-39-78-362","9","9.02"
"20-02-2020 17:33","21-02-2020 01:20","20-02-2020 19:33","6.497","2_39_78_367_2020-02-20 17:33:20.112762","2","CA-494","2-39-78-367","7.78","2"
"20-02-2020 17:46","20-02-2020 19:40","20-02-2020 19:40","12.134","2_39_123_23_2020-02-20 17:46:22.031289","2","CA-313","2-39-123-23","1.9","1.9"
"20-02-2020 17:54","21-02-2020 00:38","20-02-2020 21:15","14.696","2_39_79_380_2020-02-20 17:54:32.731299","2","CA-489","2-39-79-380","6.73","3.35"
"20-02-2020 17:56","20-02-2020 20:00","20-02-2020 18:50","4.709","2_39_127_19_2020-02-20 17:56:09.058849","2","CA-309","2-39-127-19","2.07","0.9"
"20-02-2020 17:58","21-02-2020 00:18","21-02-2020 00:18","0.908","2_39_78_361_2020-02-20 17:58:34.045003","2","CA-493","2-39-78-361","6.33","6.33"
"20-02-2020 17:59","21-02-2020 03:14","20-02-2020 19:49","11.228","2_39_95_444_2020-02-20 17:59:48.905859","2","CA-497","2-39-95-444","9.25","1.83"
"20-02-2020 18:00","21-02-2020 01:07","20-02-2020 20:05","4.387","2_39_92_436_2020-02-20 18:00:26.146186","2","CA-318","2-39-92-436","7.12","2.08"
"20-02-2020 18:13","21-02-2020 02:43","20-02-2020 19:30","4.004","2_39_91_437_2020-02-20 18:13:44.828543","2","CA-317","2-39-91-437","8.5","1.28"
"20-02-2020 18:21","21-02-2020 00:31","20-02-2020 19:44","7.884","2_39_92_442_2020-02-20 18:21:45.583364","2","CA-498","2-39-92-442","6.17","1.38"
"20-02-2020 18:27","21-02-2020 02:11","20-02-2020 19:10","1.709","2_39_126_20_2020-02-20 18:27:18.494515","2","CA-310","2-39-126-20","7.73","0.72"
"20-02-2020 18:29","21-02-2020 03:18","20-02-2020 20:50","6.407","2_39_88_438_2020-02-20 18:28:51.921421","2","CA-502","2-39-88-438","8.82","2.35"
"20-02-2020 18:33","20-02-2020 20:28","20-02-2020 20:28","12.54","2_39_90_26_2020-02-20 18:33:31.532515","2","CA-316","2-39-90-26","1.92","1.92"
"20-02-2020 18:42","21-02-2020 01:19","20-02-2020 19:40","2.865","2_39_88_24_2020-02-20 18:42:13.416049","2","CA-314","2-39-88-24","6.62","0.97"
"20-02-2020 19:01","21-02-2020 02:36","21-02-2020 02:36","10.326","2_39_78_363_2020-02-20 19:01:33.322160","2","CA-320","2-39-78-363","7.58","7.58"
"20-02-2020 19:17","21-02-2020 05:36","20-02-2020 20:08","1.577","2_39_91_441_2020-02-20 19:17:08.455113","2","CA-499","2-39-91-441","10.32","0.85"
"20-02-2020 20:36","21-02-2020 00:10","20-02-2020 22:31","5.861","2_39_78_364_2020-02-20 20:36:59.207185","2","CA-495","2-39-78-364","3.57","1.92"
"20-02-2020 20:38","21-02-2020 00:53","20-02-2020 22:13","9.531","2_39_90_26_2020-02-20 20:38:50.983427","2","CA-316","2-39-90-26","4.25","1.58"
"20-02-2020 21:00","20-02-2020 21:49","20-02-2020 21:49","5.444","2_39_124_22_2020-02-20 21:00:28.437137","2","CA-312","2-39-124-22","0.82","0.82"
"20-02-2020 21:04","20-02-2020 22:23","20-02-2020 22:23","4.14","2_39_127_19_2020-02-20 21:04:30.283128","2","CA-309","2-39-127-19","1.32","1.32"
"20-02-2020 21:32","21-02-2020 02:32","21-02-2020 02:32","25.708","2_39_123_23_2020-02-20 21:32:35.527577","2","CA-313","2-39-123-23","5","5"
"20-02-2020 21:46","20-02-2020 23:05","20-02-2020 23:06","0.842","2_39_79_376_2020-02-20 21:46:47.121842","2","CA-324","2-39-79-376","1.32","1.33"
"20-02-2020 22:56","21-02-2020 02:27","21-02-2020 00:59","7.768","2_39_79_382_2020-02-20 22:56:30.169093","2","CA-491","2-39-79-382","3.52","2.05"
"20-02-2020 23:06","20-02-2020 23:58","20-02-2020 23:36","0.868","2_39_79_376_2020-02-20 23:05:59.694144","2","CA-324","2-39-79-376","0.87","0.5"
"20-02-2020 23:46","21-02-2020 01:23","21-02-2020 00:18","0.894","2_39_127_19_2020-02-20 23:46:52.634749","2","CA-309","2-39-127-19","1.62","0.53"
"21-02-2020 00:00","21-02-2020 04:22","21-02-2020 00:48","2.2","2_39_78_365_2020-02-21 00:00:00.160360","2","CA-321","2-39-78-365","4.37","0.8"
"21-02-2020 00:36","21-02-2020 00:56","21-02-2020 00:56","0.585","2_39_78_361_2020-02-21 00:36:20.101722","2","CA-493","2-39-78-361","0.33","0.33"
"21-02-2020 01:46","21-02-2020 03:07","21-02-2020 02:16","0.865","2_39_95_27_2020-02-21 01:46:10.305852","2","CA-319","2-39-95-27","1.35","0.5"
"21-02-2020 03:54","21-02-2020 05:45","21-02-2020 05:43","6.065","2_39_139_28_2020-02-21 03:54:47.449335","2","CA-303","2-39-139-28","1.85","1.82"
"21-02-2020 04:31","21-02-2020 05:43","21-02-2020 05:43","4.036","2_39_127_19_2020-02-21 04:31:19.037217","2","CA-309","2-39-127-19","1.2","1.2"
"21-02-2020 15:02","21-02-2020 17:21","21-02-2020 16:56","5.776","2_39_89_25_2020-02-21 15:02:06.701952","2","CA-315","2-39-89-25","2.32","1.9"
"21-02-2020 15:55","21-02-2020 17:24","21-02-2020 16:26","0.837","2_39_79_380_2020-02-21 15:55:58.860842","2","CA-489","2-39-79-380","1.48","0.52"
"21-02-2020 16:01","22-02-2020 01:09","21-02-2020 23:33","15.362","2_39_78_366_2020-02-21 16:01:54.217678","2","CA-323","2-39-78-366","9.13","7.53"
"21-02-2020 16:09","21-02-2020 21:55","21-02-2020 17:27","3.645","2_39_131_30_2020-02-21 16:09:08.924901","2","CA-305","2-39-131-30","5.77","1.3"
"21-02-2020 16:15","21-02-2020 22:56","21-02-2020 17:59","5.742","2_39_129_17_2020-02-21 16:15:37.453973","2","CA-307","2-39-129-17","6.68","1.73"
"21-02-2020 16:29","21-02-2020 22:13","21-02-2020 18:56","0.909","2_39_79_381_2020-02-21 16:29:43.742994","2","CA-490","2-39-79-381","5.73","2.45"
"21-02-2020 16:30","22-02-2020 00:45","22-02-2020 00:44","19.876","2_39_79_382_2020-02-21 16:30:02.490523","2","CA-491","2-39-79-382","8.25","8.23"
"21-02-2020 16:30","21-02-2020 18:07","21-02-2020 17:01","0.779","2_39_79_379_2020-02-21 16:30:19.612354","2","CA-327","2-39-79-379","1.62","0.52"
"21-02-2020 16:33","21-02-2020 19:44","21-02-2020 16:52","1.142","2_39_79_377_2020-02-21 16:33:36.189206","2","CA-325","2-39-79-377","3.18","0.32"
"21-02-2020 16:35","22-02-2020 00:47","22-02-2020 00:30","13.824","2_39_78_367_2020-02-21 16:35:34.345174","2","CA-494","2-39-78-367","8.2","7.92"
"21-02-2020 16:39","22-02-2020 01:26","21-02-2020 17:04","0.829","2_39_138_29_2020-02-21 16:39:18.013391","2","CA-304","2-39-138-29","8.78","0.42"
"21-02-2020 16:40","22-02-2020 02:43","21-02-2020 19:18","8.879","2_39_127_19_2020-02-21 16:40:57.240411","2","CA-309","2-39-127-19","10.05","2.63"
"21-02-2020 16:41","21-02-2020 23:32","21-02-2020 18:27","4.434","2_39_79_383_2020-02-21 16:41:21.701929","2","CA-492","2-39-79-383","6.85","1.77"
"21-02-2020 16:41","22-02-2020 03:47","21-02-2020 18:18","5.092","2_39_130_31_2020-02-21 16:41:44.981480","2","CA-306","2-39-130-31","11.1","1.62"
"21-02-2020 16:45","21-02-2020 23:52","21-02-2020 23:43","12.955","2_39_91_441_2020-02-21 16:45:10.611767","2","CA-499","2-39-91-441","7.12","6.97"
"21-02-2020 16:54","21-02-2020 17:43","21-02-2020 17:27","2.882","2_39_95_27_2020-02-21 16:54:44.970194","2","CA-319","2-39-95-27","0.82","0.55"
"21-02-2020 17:06","21-02-2020 17:24","21-02-2020 17:24","0.515","2_39_78_365_2020-02-21 17:06:07.042278","2","CA-321","2-39-78-365","0.3","0.3"
"21-02-2020 17:08","22-02-2020 02:43","21-02-2020 18:59","5.961","2_39_125_21_2020-02-21 17:08:21.091769","2","CA-311","2-39-125-21","9.58","1.85"
"21-02-2020 17:17","21-02-2020 23:38","21-02-2020 20:46","11.507","2_39_78_361_2020-02-21 17:17:52.019439","2","CA-493","2-39-78-361","6.35","3.48"
"21-02-2020 17:21","22-02-2020 00:27","21-02-2020 19:23","5.349","2_39_124_22_2020-02-21 17:21:26.182074","2","CA-312","2-39-124-22","7.1","2.03"
"21-02-2020 17:22","21-02-2020 21:43","21-02-2020 21:44","6.409","2_39_78_362_2020-02-21 17:22:02.709392","2","CA-496","2-39-78-362","4.35","4.37"
"21-02-2020 17:23","21-02-2020 19:10","21-02-2020 17:54","0.837","2_39_91_437_2020-02-21 17:23:49.902703","2","CA-317","2-39-91-437","1.78","0.52"
"21-02-2020 17:32","22-02-2020 00:51","21-02-2020 21:51","16.229","2_39_78_365_2020-02-21 17:32:02.252375","2","CA-321","2-39-78-365","7.32","4.32"
"21-02-2020 17:47","22-02-2020 00:09","21-02-2020 19:55","13.263","2_39_123_23_2020-02-21 17:47:44.985694","2","CA-313","2-39-123-23","6.37","2.13"
"21-02-2020 17:54","22-02-2020 05:15","21-02-2020 18:46","1.626","2_39_92_436_2020-02-21 17:54:35.713185","2","CA-318","2-39-92-436","11.35","0.87"
"21-02-2020 17:59","21-02-2020 23:58","21-02-2020 19:05","7.33","2_39_95_27_2020-02-21 17:59:03.969523","2","CA-319","2-39-95-27","5.98","1.1"
"21-02-2020 18:06","22-02-2020 01:52","22-02-2020 00:46","9.297","2_39_78_364_2020-02-21 18:06:36.171788","2","CA-495","2-39-78-364","7.77","6.67"
"21-02-2020 18:28","21-02-2020 22:44","21-02-2020 21:23","15.892","2_39_79_376_2020-02-21 18:28:26.204438","2","CA-324","2-39-79-376","4.27","2.92"
"21-02-2020 19:31","21-02-2020 23:06","21-02-2020 20:01","0.865","2_39_92_442_2020-02-21 19:31:18.549300","2","CA-498","2-39-92-442","3.58","0.5"
"21-02-2020 19:57","24-02-2020 00:59","23-02-2020 14:47","1.071","2_39_91_437_2020-02-21 19:57:31.014414","2","CA-317","2-39-91-437","53.03","42.83"
"21-02-2020 20:12","22-02-2020 01:36","21-02-2020 22:36","15.864","2_39_90_440_2020-02-21 20:12:56.409413","2","CA-500","2-39-90-440","5.4","2.4"
"21-02-2020 20:42","22-02-2020 02:05","21-02-2020 21:13","0.89","2_39_79_379_2020-02-21 20:42:20.008344","2","CA-327","2-39-79-379","5.38","0.52"
"21-02-2020 20:59","22-02-2020 01:17","22-02-2020 00:02","19.568","2_39_79_377_2020-02-21 20:59:12.158339","2","CA-325","2-39-79-377","4.3","3.05"
"21-02-2020 21:18","21-02-2020 23:59","21-02-2020 22:24","2.089","2_39_78_360_2020-02-21 21:18:37.402937","2","CA-322","2-39-78-360","2.68","1.1"
"21-02-2020 21:44","22-02-2020 00:10","21-02-2020 22:15","0.887","2_39_128_18_2020-02-21 21:44:24.480427","2","CA-308","2-39-128-18","2.43","0.52"
"21-02-2020 21:44","21-02-2020 23:58","21-02-2020 22:15","0.837","2_39_88_438_2020-02-21 21:44:51.615608","2","CA-502","2-39-88-438","2.23","0.52"
"21-02-2020 22:09","21-02-2020 23:00","21-02-2020 23:01","0.893","2_39_78_362_2020-02-21 22:09:28.675486","2","CA-496","2-39-78-362","0.85","0.87"
"22-02-2020 00:04","22-02-2020 01:26","22-02-2020 01:26","9.013","2_39_129_17_2020-02-22 00:03:46.485437","2","CA-307","2-39-129-17","1.37","1.37"
"22-02-2020 01:14","22-02-2020 01:58","22-02-2020 01:58","2.604","2_39_78_366_2020-02-22 01:14:05.499954","2","CA-323","2-39-78-366","0.73","0.73"
"22-02-2020 01:29","22-02-2020 04:23","22-02-2020 04:23","9.508","2_39_79_377_2020-02-22 01:29:43.287842","2","CA-325","2-39-79-377","2.9","2.9"
"22-02-2020 03:47","22-02-2020 13:48","22-02-2020 06:49","20.185","2_39_89_25_2020-02-22 03:47:43.046968","2","CA-315","2-39-89-25","10.02","3.03"
"22-02-2020 16:40","22-02-2020 19:50","22-02-2020 17:10","0.937","2_39_139_28_2020-02-22 16:40:07.599294","2","CA-303","2-39-139-28","3.17","0.5"
"22-02-2020 16:43","22-02-2020 20:05","22-02-2020 17:13","0.848","2_39_79_379_2020-02-22 16:43:34.937706","2","CA-327","2-39-79-379","3.37","0.5"
"22-02-2020 16:49","22-02-2020 19:44","22-02-2020 18:46","6.494","2_39_131_30_2020-02-22 16:49:20.846719","2","CA-305","2-39-131-30","2.92","1.95"
"22-02-2020 16:52","22-02-2020 18:52","22-02-2020 18:52","6.54","2_39_129_17_2020-02-22 16:52:48.510550","2","CA-307","2-39-129-17","2","2"
"22-02-2020 17:26","22-02-2020 19:16","22-02-2020 18:49","3.979","2_39_89_25_2020-02-22 17:26:51.387100","2","CA-315","2-39-89-25","1.83","1.38"
"22-02-2020 17:40","22-02-2020 18:20","22-02-2020 18:16","3.375","2_39_138_29_2020-02-22 17:40:31.414984","2","CA-304","2-39-138-29","0.67","0.6"
"22-02-2020 17:59","22-02-2020 19:15","22-02-2020 19:15","8.456","2_39_127_19_2020-02-22 17:59:31.241458","2","CA-309","2-39-127-19","1.27","1.27"
"22-02-2020 18:56","22-02-2020 20:02","22-02-2020 19:32","1.399","2_39_129_17_2020-02-22 18:56:06.078099","2","CA-307","2-39-129-17","1.1","0.6"
"22-02-2020 20:51","22-02-2020 22:35","22-02-2020 22:32","4.917","2_39_79_380_2020-02-22 20:51:03.631290","2","CA-489","2-39-79-380","1.73","1.68"
"22-02-2020 22:17","23-02-2020 00:00","22-02-2020 23:53","9.91","2_39_139_28_2020-02-22 22:17:07.325397","2","CA-303","2-39-139-28","1.72","1.6"
"23-02-2020 00:22","23-02-2020 02:33","23-02-2020 02:33","6.861","2_39_89_25_2020-02-23 00:22:12.280051","2","CA-315","2-39-89-25","2.18","2.18"
"23-02-2020 01:45","23-02-2020 23:21","23-02-2020 05:02","20.722","2_39_92_442_2020-02-23 01:45:40.278510","2","CA-498","2-39-92-442","21.6","3.28"
"23-02-2020 03:02","23-02-2020 04:14","23-02-2020 04:14","3.881","2_39_131_30_2020-02-23 03:02:43.079253","2","CA-305","2-39-131-30","1.2","1.2"
"23-02-2020 03:20","23-02-2020 05:50","23-02-2020 03:50","0.805","2_39_139_28_2020-02-23 03:20:17.707866","2","CA-303","2-39-139-28","2.5","0.5"
"23-02-2020 20:35","23-02-2020 22:20","23-02-2020 22:12","5.235","2_39_131_30_2020-02-23 20:35:13.002701","2","CA-305","2-39-131-30","1.75","1.62"
"23-02-2020 22:17","24-02-2020 00:01","23-02-2020 22:48","0.883","2_39_139_28_2020-02-23 22:17:30.460988","2","CA-303","2-39-139-28","1.73","0.52"
"24-02-2020 01:41","24-02-2020 01:59","24-02-2020 01:59","0.525","2_39_125_21_2020-02-24 01:41:14.249664","2","CA-311","2-39-125-21","0.3","0.3"
"24-02-2020 02:27","24-02-2020 05:19","24-02-2020 04:59","15.045","2_39_127_19_2020-02-24 02:27:05.924935","2","CA-309","2-39-127-19","2.87","2.53"
"24-02-2020 02:37","24-02-2020 03:08","24-02-2020 03:08","0.878","2_39_125_21_2020-02-24 02:37:51.087834","2","CA-311","2-39-125-21","0.52","0.52"
"24-02-2020 14:38","25-02-2020 01:53","24-02-2020 19:13","28.692","2_39_139_28_2020-02-24 14:38:51.501947","2","CA-303","2-39-139-28","11.25","4.58"
"24-02-2020 15:49","24-02-2020 21:40","24-02-2020 17:14","3.01","2_39_79_382_2020-02-24 15:49:01.410287","2","CA-491","2-39-79-382","5.85","1.42"
"24-02-2020 15:50","24-02-2020 16:34","24-02-2020 16:21","0.811","2_39_79_380_2020-02-24 15:50:38.277426","2","CA-489","2-39-79-380","0.73","0.52"
"24-02-2020 16:08","25-02-2020 05:05","24-02-2020 18:13","6.225","2_39_95_27_2020-02-24 16:08:11.345075","2","CA-319","2-39-95-27","12.95","2.08"
"24-02-2020 16:11","24-02-2020 23:57","24-02-2020 23:50","0.889","2_39_78_366_2020-02-24 16:11:50.941075","2","CA-323","2-39-78-366","7.77","7.65"
"24-02-2020 16:19","25-02-2020 01:10","25-02-2020 00:27","0.931","2_39_79_381_2020-02-24 16:19:44.549013","2","CA-490","2-39-79-381","8.85","8.13"
"24-02-2020 16:28","25-02-2020 01:11","24-02-2020 18:26","5.088","2_39_131_30_2020-02-24 16:28:27.434125","2","CA-305","2-39-131-30","8.72","1.97"
"24-02-2020 16:45","25-02-2020 02:23","24-02-2020 20:14","11.46","2_39_124_558_2020-02-24 16:45:57.047638","2","CA-504","2-39-124-558","9.63","3.48"
"24-02-2020 16:46","24-02-2020 23:51","24-02-2020 21:59","26.17","2_39_78_367_2020-02-24 16:46:19.686611","2","CA-494","2-39-78-367","7.08","5.22"
"24-02-2020 16:48","25-02-2020 01:23","25-02-2020 00:26","13.67","2_39_78_363_2020-02-24 16:48:15.047042","2","CA-320","2-39-78-363","8.58","7.63"
"24-02-2020 16:53","25-02-2020 03:06","24-02-2020 18:42","5.54","2_39_78_360_2020-02-24 16:53:33.131701","2","CA-322","2-39-78-360","10.22","1.82"
"24-02-2020 17:06","25-02-2020 01:17","24-02-2020 18:43","4.7","2_39_89_25_2020-02-24 17:06:05.372308","2","CA-315","2-39-89-25","8.18","1.62"
"24-02-2020 17:18","25-02-2020 02:38","24-02-2020 18:42","4.472","2_39_127_19_2020-02-24 17:18:37.480240","2","CA-309","2-39-127-19","9.33","1.4"
"24-02-2020 17:20","25-02-2020 00:36","24-02-2020 19:16","5.738","2_39_92_442_2020-02-24 17:20:11.571108","2","CA-498","2-39-92-442","7.27","1.93"
"24-02-2020 17:47","25-02-2020 02:37","24-02-2020 18:53","6.979","2_39_92_436_2020-02-24 17:47:01.709861","2","CA-318","2-39-92-436","8.83","1.1"
"24-02-2020 17:47","25-02-2020 03:15","24-02-2020 19:35","11.1","2_39_90_26_2020-02-24 17:47:09.045034","2","CA-316","2-39-90-26","9.47","1.8"
"24-02-2020 17:58","25-02-2020 00:01","24-02-2020 19:22","4.162","2_39_123_23_2020-02-24 17:58:47.861017","2","CA-313","2-39-123-23","6.05","1.4"
"24-02-2020 18:09","24-02-2020 22:43","24-02-2020 19:54","11.108","2_39_95_444_2020-02-24 18:09:47.629441","2","CA-497","2-39-95-444","4.57","1.75"
"24-02-2020 18:26","25-02-2020 02:03","24-02-2020 20:27","11.647","2_39_125_21_2020-02-24 18:26:46.584435","2","CA-311","2-39-125-21","7.62","2.02"
"24-02-2020 18:41","25-02-2020 01:51","24-02-2020 23:40","29.888","2_39_91_437_2020-02-24 18:40:59.927507","2","CA-317","2-39-91-437","7.17","4.98"
"24-02-2020 19:16","25-02-2020 01:12","25-02-2020 00:44","4.904","2_39_79_380_2020-02-24 19:16:47.509095","2","CA-489","2-39-79-380","5.93","5.47"
"24-02-2020 19:23","25-02-2020 00:39","24-02-2020 21:14","11.139","2_39_79_378_2020-02-24 19:23:51.837828","2","CA-326","2-39-79-378","5.27","1.85"
"24-02-2020 20:45","25-02-2020 02:33","24-02-2020 23:26","6.885","2_39_79_376_2020-02-24 20:45:00.163207","2","CA-324","2-39-79-376","5.8","2.68"
"24-02-2020 21:23","25-02-2020 00:11","24-02-2020 22:52","9.035","2_39_124_22_2020-02-24 21:23:55.124838","2","CA-312","2-39-124-22","2.8","1.48"
"24-02-2020 21:51","25-02-2020 00:38","25-02-2020 00:21","0.887","2_39_79_382_2020-02-24 21:51:10.277818","2","CA-491","2-39-79-382","2.78","2.5"
"24-02-2020 22:11","25-02-2020 01:19","24-02-2020 23:41","4.392","2_39_88_24_2020-02-24 22:11:31.311179","2","CA-314","2-39-88-24","3.13","1.5"
"24-02-2020 22:17","25-02-2020 03:18","24-02-2020 23:27","2.339","2_39_91_441_2020-02-24 22:17:51.127715","2","CA-499","2-39-91-441","5.02","1.17"
"24-02-2020 23:30","25-02-2020 00:31","25-02-2020 00:27","0.883","2_39_123_557_2020-02-24 23:30:43.635523","2","CA-503","2-39-123-557","1.02","0.95"
"25-02-2020 06:47","25-02-2020 13:03","25-02-2020 11:42","31.879","2_39_127_19_2020-02-25 06:47:03.878786","2","CA-309","2-39-127-19","6.27","4.92"
"25-02-2020 13:03","25-02-2020 15:26","25-02-2020 15:26","14.197","2_39_126_20_2020-02-25 13:03:30.398177","2","CA-310","2-39-126-20","2.38","2.38"
"25-02-2020 15:48","25-02-2020 21:48","25-02-2020 18:12","8.263","2_39_79_382_2020-02-25 15:48:48.856722","2","CA-491","2-39-79-382","6","2.4"
"25-02-2020 16:08","25-02-2020 23:45","25-02-2020 22:28","0.88","2_39_79_380_2020-02-25 16:08:13.004188","2","CA-489","2-39-79-380","7.62","6.33"
"25-02-2020 16:38","26-02-2020 01:08","25-02-2020 16:59","1.279","2_39_79_379_2020-02-25 16:38:32.420117","2","CA-327","2-39-79-379","8.5","0.35"
"25-02-2020 16:44","26-02-2020 00:21","25-02-2020 18:30","4.957","2_39_92_442_2020-02-25 16:44:54.972986","2","CA-498","2-39-92-442","7.62","1.77"
"25-02-2020 16:50","25-02-2020 21:50","25-02-2020 18:54","13.266","2_39_95_444_2020-02-25 16:50:39.284857","2","CA-497","2-39-95-444","5","2.07"
"25-02-2020 16:52","26-02-2020 01:16","25-02-2020 21:04","13.548","2_39_79_383_2020-02-25 16:51:47.949894","2","CA-492","2-39-79-383","8.4","4.2"
"25-02-2020 16:53","26-02-2020 05:48","25-02-2020 18:54","5.982","2_39_90_440_2020-02-25 16:53:17.270090","2","CA-500","2-39-90-440","12.92","2.02"
"25-02-2020 17:02","26-02-2020 00:20","25-02-2020 18:27","3.955","2_39_89_25_2020-02-25 17:02:35.505585","2","CA-315","2-39-89-25","7.3","1.42"
"25-02-2020 17:03","25-02-2020 20:14","25-02-2020 19:12","2.576","2_39_95_27_2020-02-25 17:03:50.390718","2","CA-319","2-39-95-27","3.18","2.15"
"25-02-2020 17:07","26-02-2020 00:34","25-02-2020 19:09","6.919","2_39_79_377_2020-02-25 17:07:55.427000","2","CA-325","2-39-79-377","7.45","2.03"
"25-02-2020 17:08","26-02-2020 03:11","25-02-2020 19:02","6.062","2_39_127_19_2020-02-25 17:08:27.103637","2","CA-309","2-39-127-19","10.05","1.9"
"25-02-2020 17:15","25-02-2020 20:39","25-02-2020 18:51","4.942","2_39_125_21_2020-02-25 17:15:22.912135","2","CA-311","2-39-125-21","3.4","1.6"
"25-02-2020 17:41","26-02-2020 01:09","26-02-2020 00:29","0.928","2_39_79_378_2020-02-25 17:41:07.815784","2","CA-326","2-39-79-378","7.47","6.8"
"25-02-2020 17:44","26-02-2020 00:21","26-02-2020 00:18","4.894","2_39_78_361_2020-02-25 17:44:55.897760","2","CA-493","2-39-78-361","6.62","6.57"
"25-02-2020 17:45","26-02-2020 00:55","26-02-2020 00:30","0.78","2_39_79_376_2020-02-25 17:45:42.161398","2","CA-324","2-39-79-376","7.17","6.75"
"25-02-2020 17:47","26-02-2020 03:09","25-02-2020 19:41","11.116","2_39_90_26_2020-02-25 17:47:24.957703","2","CA-316","2-39-90-26","9.37","1.9"
"25-02-2020 17:47","26-02-2020 02:36","25-02-2020 18:45","1.834","2_39_92_436_2020-02-25 17:47:36.783365","2","CA-318","2-39-92-436","8.82","0.97"
"25-02-2020 17:49","26-02-2020 02:37","25-02-2020 18:49","6.368","2_39_78_360_2020-02-25 17:49:47.614663","2","CA-322","2-39-78-360","8.8","1"
"25-02-2020 17:52","25-02-2020 23:40","25-02-2020 19:39","11.109","2_39_124_22_2020-02-25 17:52:22.948100","2","CA-312","2-39-124-22","5.8","1.78"
"25-02-2020 17:55","25-02-2020 19:56","25-02-2020 19:09","2.479","2_39_123_23_2020-02-25 17:55:22.593043","2","CA-313","2-39-123-23","2.02","1.23"
"25-02-2020 17:59","26-02-2020 02:48","25-02-2020 18:49","2.485","2_39_88_24_2020-02-25 17:59:38.508554","2","CA-314","2-39-88-24","8.82","0.83"
"25-02-2020 18:24","26-02-2020 02:05","25-02-2020 21:34","12.113","2_39_78_363_2020-02-25 18:24:48.201369","2","CA-320","2-39-78-363","7.68","3.17"
"25-02-2020 18:32","26-02-2020 02:07","25-02-2020 21:44","7.902","2_39_78_366_2020-02-25 18:32:13.970300","2","CA-323","2-39-78-366","7.58","3.2"
"25-02-2020 19:14","25-02-2020 20:40","25-02-2020 20:17","0.821","2_39_78_365_2020-02-25 19:14:26.205396","2","CA-321","2-39-78-365","1.43","1.05"
"25-02-2020 20:23","25-02-2020 22:25","25-02-2020 22:22","5.987","2_39_123_23_2020-02-25 20:23:32.483339","2","CA-313","2-39-123-23","2.03","1.98"
"25-02-2020 20:26","26-02-2020 02:33","25-02-2020 21:31","2.092","2_39_91_441_2020-02-25 20:26:43.576136","2","CA-499","2-39-91-441","6.12","1.08"
"25-02-2020 20:38","26-02-2020 01:26","25-02-2020 22:41","6.632","2_39_95_27_2020-02-25 20:38:20.301824","2","CA-319","2-39-95-27","4.8","2.05"
"25-02-2020 20:55","26-02-2020 01:09","25-02-2020 22:48","5.704","2_39_125_21_2020-02-25 20:55:32.527944","2","CA-311","2-39-125-21","4.23","1.88"
"25-02-2020 21:02","25-02-2020 21:42","25-02-2020 21:42","2.208","2_39_78_365_2020-02-25 21:02:28.002587","2","CA-321","2-39-78-365","0.67","0.67"
"25-02-2020 21:20","26-02-2020 00:41","26-02-2020 00:29","7.92","2_39_88_438_2020-02-25 21:20:40.105347","2","CA-502","2-39-88-438","3.35","3.15"
"25-02-2020 21:33","25-02-2020 22:23","25-02-2020 22:04","0.844","2_39_123_557_2020-02-25 21:33:52.604497","2","CA-503","2-39-123-557","0.83","0.52"
"25-02-2020 21:40","25-02-2020 23:43","25-02-2020 23:31","5.535","2_39_83_387_2020-02-25 21:40:48.396145","2","CA-149","2-39-83-387","2.05","1.85"
"25-02-2020 23:27","26-02-2020 00:17","26-02-2020 00:16","2.237","2_39_78_365_2020-02-25 23:27:35.137116","2","CA-321","2-39-78-365","0.83","0.82"
"26-02-2020 00:07","26-02-2020 01:07","26-02-2020 00:38","0.862","2_39_124_22_2020-02-26 00:07:58.822385","2","CA-312","2-39-124-22","1","0.52"
"26-02-2020 00:32","26-02-2020 01:21","26-02-2020 01:20","2.612","2_39_138_29_2020-02-26 00:32:59.299908","2","CA-304","2-39-138-29","0.82","0.8"
"26-02-2020 00:39","26-02-2020 01:25","26-02-2020 01:19","0.922","2_39_78_361_2020-02-26 00:39:12.829041","2","CA-493","2-39-78-361","0.77","0.67"
"26-02-2020 00:42","26-02-2020 02:30","26-02-2020 02:30","5.805","2_39_130_31_2020-02-26 00:42:09.397862","2","CA-306","2-39-130-31","1.8","1.8"
"26-02-2020 01:17","26-02-2020 02:43","26-02-2020 01:52","1.283","2_39_128_18_2020-02-26 01:17:16.767905","2","CA-308","2-39-128-18","1.43","0.58"
"26-02-2020 02:45","26-02-2020 14:57","26-02-2020 04:42","12.172","2_39_79_377_2020-02-26 02:45:40.905237","2","CA-325","2-39-79-377","12.2","1.95"
"26-02-2020 04:23","26-02-2020 05:40","26-02-2020 05:40","4.279","2_39_139_28_2020-02-26 04:23:41.955486","2","CA-303","2-39-139-28","1.28","1.28"
"26-02-2020 04:28","26-02-2020 06:46","26-02-2020 06:46","14.144","2_39_124_22_2020-02-26 04:28:47.374148","2","CA-312","2-39-124-22","2.3","2.3"
"26-02-2020 08:11","26-02-2020 18:36","26-02-2020 14:58","10.09","2_39_90_26_2020-02-26 08:11:13.217961","2","CA-316","2-39-90-26","10.42","6.78"
"26-02-2020 14:48","27-02-2020 20:00","26-02-2020 19:12","14.77003611","2_39_79_383_2020-02-26 14:48:10.450989","2","CA-492","2-39-79-383","29.2","4.4"
"26-02-2020 15:41","26-02-2020 16:44","26-02-2020 16:44","6.33","2_39_129_17_2020-02-26 15:41:28.615507","2","CA-307","2-39-129-17","1.05","1.05"
"26-02-2020 15:56","27-02-2020 01:46","27-02-2020 01:05","0.846","2_39_79_380_2020-02-26 15:56:27.314467","2","CA-489","2-39-79-380","9.83","9.15"
"26-02-2020 15:59","26-02-2020 23:10","26-02-2020 17:18","3.119","2_39_79_382_2020-02-26 15:59:54.118703","2","CA-491","2-39-79-382","7.18","1.32"
"26-02-2020 16:12","27-02-2020 04:15","26-02-2020 17:47","4.644","2_39_95_27_2020-02-26 16:11:52.047298","2","CA-319","2-39-95-27","12.05","1.58"
"26-02-2020 16:15","27-02-2020 01:39","27-02-2020 01:08","50.304","2_39_78_366_2020-02-26 16:15:46.074296","2","CA-323","2-39-78-366","9.4","8.88"
"26-02-2020 16:21","27-02-2020 01:51","27-02-2020 01:05","0.874","2_39_79_379_2020-02-26 16:21:54.291234","2","CA-327","2-39-79-379","9.5","8.73"
"26-02-2020 16:40","26-02-2020 22:25","26-02-2020 18:36","5.844","2_39_130_31_2020-02-26 16:40:13.142461","2","CA-306","2-39-130-31","5.75","1.93"
"26-02-2020 16:48","27-02-2020 00:30","27-02-2020 00:31","14.385","2_39_78_362_2020-02-26 16:48:56.835155","2","CA-496","2-39-78-362","7.7","7.72"
"26-02-2020 16:52","27-02-2020 01:31","26-02-2020 19:34","8.95","2_39_128_562_2020-02-26 16:52:37.108551","2","CA-508","2-39-128-562","8.65","2.7"
"26-02-2020 16:56","27-02-2020 03:13","26-02-2020 18:43","5.639","2_39_127_19_2020-02-26 16:56:07.549745","2","CA-309","2-39-127-19","10.28","1.78"
"26-02-2020 17:04","27-02-2020 00:24","26-02-2020 18:40","5.031","2_39_79_377_2020-02-26 17:04:20.286210","2","CA-325","2-39-79-377","7.33","1.6"
"26-02-2020 17:07","27-02-2020 00:37","26-02-2020 18:31","4.055","2_39_89_25_2020-02-26 17:07:30.386552","2","CA-315","2-39-89-25","7.5","1.4"
"26-02-2020 17:11","27-02-2020 03:22","26-02-2020 19:03","5.939","2_39_125_21_2020-02-26 17:11:34.360069","2","CA-311","2-39-125-21","10.18","1.87"
"26-02-2020 17:18","27-02-2020 04:01","27-02-2020 03:19","0.874","2_39_79_376_2020-02-26 17:18:40.761579","2","CA-324","2-39-79-376","10.72","10.02"
"26-02-2020 17:28","27-02-2020 01:11","26-02-2020 19:06","4.205","2_39_124_22_2020-02-26 17:28:16.317960","2","CA-312","2-39-124-22","7.72","1.63"
"26-02-2020 17:42","27-02-2020 01:36","26-02-2020 19:46","5.726","2_39_123_23_2020-02-26 17:42:18.436824","2","CA-313","2-39-123-23","7.9","2.07"
"26-02-2020 17:42","26-02-2020 20:28","26-02-2020 19:51","13.325","2_39_126_20_2020-02-26 17:42:52.428658","2","CA-310","2-39-126-20","2.77","2.15"
"26-02-2020 17:46","27-02-2020 03:13","26-02-2020 19:47","10.927","2_39_91_437_2020-02-26 17:46:21.685168","2","CA-317","2-39-91-437","9.45","2.02"
"26-02-2020 17:50","27-02-2020 01:59","27-02-2020 01:38","0.861","2_39_78_360_2020-02-26 17:50:37.212822","2","CA-322","2-39-78-360","8.15","7.8"
"26-02-2020 18:00","26-02-2020 20:50","26-02-2020 20:33","16.57831083","2_39_79_378_2020-02-26 18:00:49.750193","2","CA-326","2-39-79-378","2.83","2.55"
"26-02-2020 18:04","27-02-2020 00:30","27-02-2020 00:11","12.354","2_39_78_363_2020-02-26 18:04:28.227460","2","CA-320","2-39-78-363","6.43","6.12"
"26-02-2020 18:23","27-02-2020 01:51","27-02-2020 01:51","49.667","2_39_88_24_2020-02-26 18:23:04.839060","2","CA-314","2-39-88-24","7.47","7.47"
"26-02-2020 18:25","27-02-2020 02:38","26-02-2020 19:20","2.438","2_39_92_436_2020-02-26 18:25:46.130929","2","CA-318","2-39-92-436","8.22","0.92"
"26-02-2020 18:36","26-02-2020 20:51","26-02-2020 20:45","4.137","2_39_78_365_2020-02-26 18:36:17.018130","2","CA-321","2-39-78-365","2.25","2.15"
"26-02-2020 18:42","26-02-2020 22:35","26-02-2020 22:22","3.157","2_39_78_367_2020-02-26 18:42:33.976063","2","CA-494","2-39-78-367","3.88","3.67"
"26-02-2020 18:50","27-02-2020 00:58","27-02-2020 00:41","0.839","2_39_90_26_2020-02-26 18:50:04.256750","2","CA-316","2-39-90-26","6.13","5.85"
"26-02-2020 20:33","27-02-2020 01:16","27-02-2020 01:08","1.021","2_39_78_364_2020-02-26 20:33:52.478899","2","CA-495","2-39-78-364","4.72","4.58"
"26-02-2020 20:34","27-02-2020 03:46","26-02-2020 21:40","2.204","2_39_126_20_2020-02-26 20:34:29.417187","2","CA-310","2-39-126-20","7.2","1.1"
"26-02-2020 20:37","27-02-2020 01:24","26-02-2020 22:45","7.161","2_39_90_440_2020-02-26 20:37:47.310601","2","CA-500","2-39-90-440","4.78","2.13"
"26-02-2020 20:45","27-02-2020 00:40","26-02-2020 21:54","2.2","2_39_91_441_2020-02-26 20:45:46.689059","2","CA-499","2-39-91-441","3.92","1.15"
"26-02-2020 21:10","26-02-2020 23:59","26-02-2020 22:19","2.241","2_39_79_378_2020-02-26 21:10:45.826250","2","CA-326","2-39-79-378","2.82","1.15"
"26-02-2020 21:18","27-02-2020 03:03","26-02-2020 23:25","6.788","2_39_78_365_2020-02-26 21:18:41.543205","2","CA-321","2-39-78-365","5.75","2.12"
"26-02-2020 22:38","27-02-2020 01:53","27-02-2020 01:38","0.726923536","2_39_78_367_2020-02-26 22:38:48.747405","2","CA-494","2-39-78-367","3.25","3"
"26-02-2020 23:38","27-02-2020 01:05","27-02-2020 00:37","2.855","2_39_79_382_2020-02-26 23:38:43.768326","2","CA-491","2-39-79-382","1.45","0.98"
"27-02-2020 00:37","27-02-2020 04:36","27-02-2020 03:22","11.67","2_39_79_377_2020-02-27 00:37:54.583253","2","CA-325","2-39-79-377","3.98","2.75"
"27-02-2020 00:56","27-02-2020 03:30","27-02-2020 02:50","5.707","2_39_138_29_2020-02-27 00:56:14.736952","2","CA-304","2-39-138-29","2.57","1.9"
"27-02-2020 01:54","27-02-2020 03:07","27-02-2020 02:56","5.886","2_39_79_382_2020-02-27 01:54:01.600211","2","CA-491","2-39-79-382","1.22","1.03"
"27-02-2020 02:59","27-02-2020 04:36","27-02-2020 04:36","6.151","2_39_139_28_2020-02-27 02:59:44.762294","2","CA-303","2-39-139-28","1.62","1.62"
"27-02-2020 03:44","27-02-2020 06:14","27-02-2020 06:14","15.263","2_39_129_17_2020-02-27 03:44:19.871162","2","CA-307","2-39-129-17","2.5","2.5"
"27-02-2020 04:49","27-02-2020 05:50","27-02-2020 05:20","0.87","2_39_139_28_2020-02-27 04:49:41.287233","2","CA-303","2-39-139-28","1.02","0.52"
"27-02-2020 15:56","28-02-2020 01:27","28-02-2020 00:46","2.75","2_39_78_366_2020-02-27 15:56:01.732189","2","CA-323","2-39-78-366","9.52","8.83"
"27-02-2020 15:56","27-02-2020 22:47","27-02-2020 20:36","3.316","2_39_79_382_2020-02-27 15:56:05.803259","2","CA-491","2-39-79-382","6.85","4.67"
"27-02-2020 16:04","28-02-2020 03:07","27-02-2020 20:36","1.632","2_39_79_380_2020-02-27 16:04:45.257237","2","CA-489","2-39-79-380","11.05","4.53"
"27-02-2020 16:20","27-02-2020 22:11","27-02-2020 22:11","15.803","2_39_79_376_2020-02-27 16:20:21.547525","2","CA-324","2-39-79-376","5.85","5.85"
"27-02-2020 16:26","28-02-2020 00:43","27-02-2020 20:49","0.690822879","2_39_78_364_2020-02-27 16:26:27.472403","2","CA-495","2-39-78-364","8.28","4.38"
"27-02-2020 16:34","28-02-2020 01:14","27-02-2020 20:36","0.723","2_39_79_379_2020-02-27 16:34:19.482901","2","CA-327","2-39-79-379","8.67","4.03"
"27-02-2020 16:34","27-02-2020 23:14","27-02-2020 21:55","1.978","2_39_78_365_2020-02-27 16:34:29.507240","2","CA-321","2-39-78-365","6.67","5.35"
"27-02-2020 16:41","28-02-2020 02:27","27-02-2020 20:36","4.535","2_39_139_28_2020-02-27 16:41:32.839982","2","CA-303","2-39-139-28","9.77","3.92"
"27-02-2020 16:43","28-02-2020 00:07","27-02-2020 21:54","13.09","2_39_79_377_2020-02-27 16:43:25.755640","2","CA-325","2-39-79-377","7.4","5.18"
"27-02-2020 16:48","27-02-2020 22:47","27-02-2020 20:36","2.448","2_39_130_31_2020-02-27 16:48:23.053669","2","CA-306","2-39-130-31","5.98","3.8"
"27-02-2020 16:48","28-02-2020 03:12","27-02-2020 20:36","5.388","2_39_127_19_2020-02-27 16:48:45.871865","2","CA-309","2-39-127-19","10.4","3.8"
"27-02-2020 16:53","27-02-2020 22:54","27-02-2020 22:54","7.524","2_39_78_361_2020-02-27 16:52:56.199674","2","CA-493","2-39-78-361","6.02","6.02"
"27-02-2020 17:04","28-02-2020 00:37","27-02-2020 20:36","5.562","2_39_89_25_2020-02-27 17:04:10.113429","2","CA-315","2-39-89-25","7.55","3.53"
"27-02-2020 17:09","28-02-2020 03:05","27-02-2020 21:33","11.05","2_39_91_441_2020-02-27 17:09:31.739552","2","CA-499","2-39-91-441","9.93","4.4"
"27-02-2020 17:25","27-02-2020 23:06","27-02-2020 22:16","13.433","2_39_126_20_2020-02-27 17:24:52.023852","2","CA-310","2-39-126-20","5.68","4.85"
"27-02-2020 17:33","27-02-2020 21:30","27-02-2020 21:09","1.285","2_39_78_363_2020-02-27 17:33:05.850218","2","CA-320","2-39-78-363","3.95","3.6"
"27-02-2020 17:33","28-02-2020 00:12","27-02-2020 22:50","8.802","2_39_79_378_2020-02-27 17:33:58.446056","2","CA-326","2-39-79-378","6.65","5.28"
"27-02-2020 18:22","28-02-2020 01:29","27-02-2020 20:36","2.831","2_39_91_437_2020-02-27 18:22:51.241183","2","CA-317","2-39-91-437","7.12","2.23"
"27-02-2020 18:25","28-02-2020 01:44","27-02-2020 21:48","7.675","2_39_95_27_2020-02-27 18:25:54.480717","2","CA-319","2-39-95-27","7.32","3.38"
"27-02-2020 18:26","28-02-2020 00:23","27-02-2020 22:14","11.42","2_39_90_440_2020-02-27 18:26:44.826894","2","CA-500","2-39-90-440","5.95","3.8"
"27-02-2020 18:38","28-02-2020 01:40","27-02-2020 21:46","6.096","2_39_123_23_2020-02-27 18:38:20.112146","2","CA-313","2-39-123-23","7.03","3.13"
"27-02-2020 19:08","28-02-2020 05:29","27-02-2020 22:35","13.923","2_39_89_439_2020-02-27 19:08:34.203918","2","CA-501","2-39-89-439","10.35","3.45"
"27-02-2020 20:00","28-02-2020 00:54","27-02-2020 23:23","0.745628734","2_39_78_360_2020-02-27 20:00:11.291573","2","CA-322","2-39-78-360","4.9","3.38"
"27-02-2020 20:04","28-02-2020 02:41","27-02-2020 22:05","3.872","2_39_90_26_2020-02-27 20:04:52.754044","2","CA-316","2-39-90-26","6.62","2.02"
"27-02-2020 21:05","27-02-2020 22:55","27-02-2020 22:55","11.709","2_39_125_21_2020-02-27 21:05:19.445361","2","CA-311","2-39-125-21","1.83","1.83"
"27-02-2020 21:07","28-02-2020 04:20","27-02-2020 21:41","1.675","2_39_95_444_2020-02-27 21:07:35.534715","2","CA-497","2-39-95-444","7.22","0.57"
"27-02-2020 21:36","28-02-2020 01:29","27-02-2020 23:47","14.324","2_39_88_438_2020-02-27 21:36:21.238235","2","CA-502","2-39-88-438","3.88","2.18"
"27-02-2020 21:51","28-02-2020 03:00","27-02-2020 23:57","6.884","2_39_78_363_2020-02-27 21:51:49.398641","2","CA-320","2-39-78-363","5.15","2.1"
"27-02-2020 22:18","27-02-2020 23:37","27-02-2020 23:37","4.252","2_39_124_22_2020-02-27 22:18:01.989844","2","CA-312","2-39-124-22","1.32","1.32"
"27-02-2020 22:49","27-02-2020 23:45","27-02-2020 23:03","1.161","2_39_130_31_2020-02-27 22:49:24.399869","2","CA-306","2-39-130-31","0.93","0.23"
"28-02-2020 00:08","28-02-2020 02:11","28-02-2020 02:11","13.537","2_39_92_436_2020-02-28 00:08:53.492289","2","CA-318","2-39-92-436","2.05","2.05"
"28-02-2020 00:21","28-02-2020 02:26","28-02-2020 01:13","2.472","2_39_125_21_2020-02-28 00:21:22.781455","2","CA-311","2-39-125-21","2.08","0.87"
"28-02-2020 00:51","28-02-2020 01:48","28-02-2020 01:39","2.077","2_39_130_31_2020-02-28 00:51:26.363587","2","CA-306","2-39-130-31","0.95","0.8"
"28-02-2020 01:44","28-02-2020 03:01","28-02-2020 02:14","0.833","2_39_131_30_2020-02-28 01:44:25.454941","2","CA-305","2-39-131-30","1.28","0.5"
"28-02-2020 03:20","28-02-2020 06:09","28-02-2020 06:09","9.559","2_39_91_437_2020-02-28 03:20:34.861142","2","CA-317","2-39-91-437","2.82","2.82"
"28-02-2020 04:27","28-02-2020 05:53","28-02-2020 05:16","2.737","2_39_139_28_2020-02-28 04:27:32.892471","2","CA-303","2-39-139-28","1.43","0.82"
"28-02-2020 14:46","28-02-2020 22:12","28-02-2020 18:57","13.25","2_39_79_383_2020-02-28 14:46:27.514748","2","CA-492","2-39-79-383","7.43","4.18"
"28-02-2020 15:01","29-02-2020 01:09","28-02-2020 16:24","3.988","2_39_89_25_2020-02-28 14:58:14.180120","2","CA-315","2-39-89-25","10.13","1.38"
"28-02-2020 15:39","29-02-2020 00:48","28-02-2020 16:52","2.786","2_39_79_382_2020-02-28 15:39:19.620945","2","CA-491","2-39-79-382","9.15","1.22"
"28-02-2020 15:43","29-02-2020 03:08","29-02-2020 00:20","1.218","2_39_79_380_2020-02-28 15:43:41.049763","2","CA-489","2-39-79-380","11.42","8.62"
"28-02-2020 16:00","28-02-2020 20:50","28-02-2020 17:17","3.443","2_39_138_29_2020-02-28 16:00:02.806029","2","CA-304","2-39-138-29","4.83","1.28"
"28-02-2020 16:09","29-02-2020 03:08","28-02-2020 20:45","0.982","2_39_79_378_2020-02-28 16:09:56.010263","2","CA-326","2-39-79-378","10.98","4.6"
"28-02-2020 16:14","28-02-2020 20:58","28-02-2020 17:43","8.092","2_39_78_366_2020-02-28 16:14:20.648058","2","CA-323","2-39-78-366","4.73","1.48"
"28-02-2020 16:31","29-02-2020 00:20","28-02-2020 16:56","0.697","2_39_79_379_2020-02-28 16:31:00.216077","2","CA-327","2-39-79-379","7.82","0.42"
"28-02-2020 16:35","29-02-2020 01:58","28-02-2020 18:17","5.341","2_39_139_28_2020-02-28 16:35:27.446464","2","CA-303","2-39-139-28","9.38","1.7"
"28-02-2020 16:40","28-02-2020 21:05","28-02-2020 20:57","11.282","2_39_78_367_2020-02-28 16:40:09.076239","2","CA-494","2-39-78-367","4.42","4.28"
"28-02-2020 16:40","29-02-2020 00:20","28-02-2020 19:55","19.455","2_39_91_437_2020-02-28 16:40:32.870689","2","CA-317","2-39-91-437","7.67","3.25"
"28-02-2020 16:48","28-02-2020 23:03","28-02-2020 18:50","6.47","2_39_79_377_2020-02-28 16:48:31.794610","2","CA-325","2-39-79-377","6.25","2.03"
"28-02-2020 17:03","29-02-2020 01:52","29-02-2020 01:52","7.217","2_39_78_365_2020-02-28 17:03:03.229375","2","CA-321","2-39-78-365","8.82","8.82"
"28-02-2020 17:08","29-02-2020 01:20","28-02-2020 19:19","14.47","2_39_125_21_2020-02-28 17:08:21.908145","2","CA-311","2-39-125-21","8.2","2.18"
"28-02-2020 17:14","29-02-2020 01:41","28-02-2020 18:35","3.952","2_39_130_31_2020-02-28 17:14:35.090320","2","CA-306","2-39-130-31","8.45","1.35"
"28-02-2020 17:24","29-02-2020 04:35","28-02-2020 18:38","3.979","2_39_129_17_2020-02-28 17:24:43.215664","2","CA-307","2-39-129-17","11.18","1.23"
"28-02-2020 17:38","28-02-2020 18:43","28-02-2020 18:43","3.465","2_39_127_19_2020-02-28 17:38:53.963812","2","CA-309","2-39-127-19","1.08","1.08"
"28-02-2020 17:40","29-02-2020 04:19","28-02-2020 19:11","4.262","2_39_95_27_2020-02-28 17:40:53.569867","2","CA-319","2-39-95-27","10.65","1.52"
"28-02-2020 17:42","28-02-2020 22:08","28-02-2020 18:41","1.865","2_39_92_436_2020-02-28 17:42:40.738571","2","CA-318","2-39-92-436","4.43","0.98"
"28-02-2020 17:50","29-02-2020 03:14","28-02-2020 19:44","10.807","2_39_78_360_2020-02-28 17:50:39.218090","2","CA-322","2-39-78-360","9.4","1.9"
"28-02-2020 17:56","28-02-2020 19:14","28-02-2020 19:14","3.137","2_39_78_363_2020-02-28 17:56:25.246166","2","CA-320","2-39-78-363","1.3","1.3"
"28-02-2020 17:56","28-02-2020 22:01","28-02-2020 19:19","4.164","2_39_126_20_2020-02-28 17:56:32.199889","2","CA-310","2-39-126-20","4.08","1.38"
"28-02-2020 18:00","28-02-2020 22:10","28-02-2020 20:52","1.178","2_39_79_376_2020-02-28 18:00:57.638649","2","CA-324","2-39-79-376","4.17","2.87"
"28-02-2020 18:02","28-02-2020 21:22","28-02-2020 20:52","1.176","2_39_123_23_2020-02-28 18:02:56.297891","2","CA-313","2-39-123-23","3.33","2.83"
"28-02-2020 18:15","29-02-2020 01:39","28-02-2020 22:03","12.035","2_39_78_364_2020-02-28 18:15:15.259374","2","CA-495","2-39-78-364","7.4","3.8"
"28-02-2020 18:44","28-02-2020 20:21","28-02-2020 20:21","10.781","2_39_88_24_2020-02-28 18:44:37.970651","2","CA-314","2-39-88-24","1.62","1.62"
"28-02-2020 19:02","29-02-2020 01:53","28-02-2020 20:38","9.802","2_39_92_442_2020-02-28 19:02:13.450842","2","CA-498","2-39-92-442","6.85","1.6"
"28-02-2020 19:11","29-02-2020 01:20","29-02-2020 00:15","31.417","2_39_127_19_2020-02-28 19:11:08.932994","2","CA-309","2-39-127-19","6.15","5.07"
"28-02-2020 20:06","29-02-2020 02:34","28-02-2020 22:19","6.983","2_39_78_363_2020-02-28 20:06:24.780373","2","CA-320","2-39-78-363","6.47","2.22"
"28-02-2020 20:35","28-02-2020 20:54","28-02-2020 20:53","0.825","2_39_124_22_2020-02-28 20:35:26.870849","2","CA-312","2-39-124-22","0.32","0.3"
"28-02-2020 21:17","29-02-2020 00:40","29-02-2020 00:39","7.888","2_39_78_366_2020-02-28 21:17:17.267956","2","CA-323","2-39-78-366","3.38","3.37"
"28-02-2020 21:36","29-02-2020 00:59","29-02-2020 00:44","19.881","2_39_90_26_2020-02-28 21:36:49.630607","2","CA-316","2-39-90-26","3.38","3.13"
"28-02-2020 22:02","29-02-2020 00:18","29-02-2020 00:18","8.509","2_39_95_444_2020-02-28 22:02:30.691122","2","CA-497","2-39-95-444","2.27","2.27"
"28-02-2020 23:21","29-02-2020 00:42","29-02-2020 00:39","0.886","2_39_126_20_2020-02-28 23:21:53.211892","2","CA-310","2-39-126-20","1.35","1.3"
"28-02-2020 23:45","29-02-2020 02:48","29-02-2020 00:11","0.559","2_39_123_23_2020-02-28 23:45:15.428037","2","CA-313","2-39-123-23","3.05","0.43"
"29-02-2020 04:26","29-02-2020 05:18","29-02-2020 05:18","2.997","2_39_78_363_2020-02-29 04:26:41.263220","2","CA-320","2-39-78-363","0.87","0.87"
"29-02-2020 16:40","29-02-2020 18:36","29-02-2020 18:32","7.346","2_39_126_20_2020-02-29 16:40:36.940912","2","CA-310","2-39-126-20","1.93","1.87"
"29-02-2020 17:37","29-02-2020 18:38","29-02-2020 18:38","3.297","2_39_131_30_2020-02-29 17:37:13.423046","2","CA-305","2-39-131-30","1.02","1.02"
"29-02-2020 17:59","29-02-2020 18:59","29-02-2020 18:59","6.688","2_39_139_28_2020-02-29 17:59:42.934382","2","CA-303","2-39-139-28","1","1"
"29-02-2020 18:06","29-02-2020 19:41","29-02-2020 19:36","4.46","2_39_89_25_2020-02-29 18:06:43.954085","2","CA-315","2-39-89-25","1.58","1.5"
"29-02-2020 19:51","29-02-2020 21:55","29-02-2020 21:22","9.193","2_39_129_17_2020-02-29 19:52:46.437306","2","CA-307","2-39-129-17","2.07","1.52"
"29-02-2020 19:52","01-03-2020 00:45","01-03-2020 00:21","15.569","2_39_79_379_2020-02-29 19:52:17.313893","2","CA-327","2-39-79-379","4.88","4.48"
"29-02-2020 20:09","29-02-2020 22:02","29-02-2020 21:31","7.942","2_39_138_29_2020-02-29 20:09:02.329201","2","CA-304","2-39-138-29","1.88","1.37"
"29-02-2020 21:38","01-03-2020 00:30","29-02-2020 22:09","0.856","2_39_123_23_2020-02-29 21:38:41.676309","2","CA-313","2-39-123-23","2.87","0.52"
"29-02-2020 23:11","01-03-2020 01:15","01-03-2020 01:15","6.79","2_39_127_19_2020-02-29 23:11:34.757595","2","CA-309","2-39-127-19","2.07","2.07"
"29-02-2020 23:35","01-03-2020 02:16","01-03-2020 02:16","10.08","2_39_131_30_2020-02-29 23:35:14.284641","2","CA-305","2-39-131-30","2.68","2.68"
"01-03-2020 18:00","01-03-2020 19:46","01-03-2020 19:29","4.445","2_39_89_25_2020-03-01 18:00:00.896001","2","CA-315","2-39-89-25","1.77","1.48"
"01-03-2020 18:39","01-03-2020 19:43","01-03-2020 19:43","3.416","2_39_139_28_2020-03-01 18:39:34.304186","2","CA-303","2-39-139-28","1.07","1.07"
"02-03-2020 00:05","02-03-2020 03:29","02-03-2020 03:29","22.251","2_39_79_377_2020-03-02 00:05:01.883847","2","CA-325","2-39-79-377","3.4","3.4"
"02-03-2020 00:25","03-03-2020 19:37","02-03-2020 04:26","13.599","2_39_79_383_2020-03-02 00:25:27.894882","2","CA-492","2-39-79-383","43.2","4.02"
"02-03-2020 01:29","02-03-2020 01:48","02-03-2020 01:48","0.541","2_39_127_19_2020-03-02 01:29:46.877948","2","CA-309","2-39-127-19","0.32","0.32"
"02-03-2020 02:00","02-03-2020 02:51","02-03-2020 02:51","5.659","2_39_123_23_2020-03-02 02:00:29.343031","2","CA-313","2-39-123-23","0.85","0.85"
"02-03-2020 02:41","02-03-2020 04:33","02-03-2020 03:46","6.472","2_39_128_18_2020-03-02 02:41:33.837334","2","CA-308","2-39-128-18","1.87","1.08"
"02-03-2020 14:20","03-03-2020 01:03","02-03-2020 19:11","25.355","2_39_139_28_2020-03-02 14:20:07.586004","2","CA-303","2-39-139-28","10.72","4.85"
"02-03-2020 15:43","02-03-2020 21:36","02-03-2020 19:11","4.573","2_39_79_382_2020-03-02 15:43:33.117969","2","CA-491","2-39-79-382","5.88","3.47"
"02-03-2020 15:55","02-03-2020 22:26","02-03-2020 20:23","0.865","2_39_79_380_2020-03-02 15:55:52.276523","2","CA-489","2-39-79-380","6.52","4.47"
"02-03-2020 16:07","03-03-2020 04:48","02-03-2020 19:11","4.554","2_39_90_26_2020-03-02 16:06:48.346763","2","CA-316","2-39-90-26","12.68","3.07"
"02-03-2020 16:12","03-03-2020 01:09","02-03-2020 19:11","10.228","2_39_78_366_2020-03-02 16:12:40.814238","2","CA-323","2-39-78-366","8.95","2.98"
"02-03-2020 16:27","02-03-2020 19:04","","0.835","2_39_83_386_2020-03-02 16:27:36.677204","2","CA-212","2-39-83-386","2.62",""
"02-03-2020 16:36","03-03-2020 00:52","03-03-2020 00:16","18.762","2_39_78_367_2020-03-02 16:36:02.224639","2","CA-494","2-39-78-367","8.27","7.67"
"02-03-2020 16:40","02-03-2020 19:52","02-03-2020 19:25","4.867","2_39_78_364_2020-03-02 16:40:08.106540","2","CA-495","2-39-78-364","3.2","2.75"
"02-03-2020 16:44","03-03-2020 02:07","02-03-2020 20:42","11.787","2_39_131_30_2020-03-02 16:44:21.212074","2","CA-305","2-39-131-30","9.38","3.97"
"02-03-2020 16:59","02-03-2020 23:58","02-03-2020 22:29","22.632","2_39_79_376_2020-03-02 16:59:38.417723","2","CA-324","2-39-79-376","6.98","5.5"
"02-03-2020 17:01","02-03-2020 22:29","02-03-2020 19:11","5.089","2_39_127_19_2020-03-02 17:01:18.204032","2","CA-309","2-39-127-19","5.47","2.17"
"02-03-2020 17:08","03-03-2020 01:21","03-03-2020 00:18","9.713","2_39_126_560_2020-03-02 17:08:09.356334","2","CA-506","2-39-126-560","8.22","7.17"
"02-03-2020 17:14","03-03-2020 03:08","02-03-2020 19:11","3.804","2_39_125_21_2020-03-02 17:14:12.857233","2","CA-311","2-39-125-21","9.9","1.95"
"02-03-2020 17:22","02-03-2020 20:19","02-03-2020 19:11","6.596","2_39_123_23_2020-03-02 17:22:01.376767","2","CA-313","2-39-123-23","2.95","1.82"
"02-03-2020 17:27","03-03-2020 01:52","02-03-2020 19:31","10.873","2_39_78_365_2020-03-02 17:27:22.776905","2","CA-321","2-39-78-365","8.42","2.07"
"02-03-2020 17:47","02-03-2020 21:54","02-03-2020 21:54","25.812","2_39_91_441_2020-03-02 17:47:02.076187","2","CA-499","2-39-91-441","4.12","4.12"
"02-03-2020 17:47","03-03-2020 04:22","02-03-2020 19:45","5.889","2_39_95_444_2020-03-02 17:47:13.133758","2","CA-497","2-39-95-444","10.58","1.97"
"02-03-2020 18:19","03-03-2020 01:59","02-03-2020 20:03","10.084","2_39_95_27_2020-03-02 18:19:14.413624","2","CA-319","2-39-95-27","7.67","1.73"
"02-03-2020 18:27","03-03-2020 02:22","03-03-2020 01:57","0.925","2_39_91_437_2020-03-02 18:27:56.622806","2","CA-317","2-39-91-437","7.92","7.5"
"02-03-2020 18:33","03-03-2020 03:14","02-03-2020 21:05","12.992","2_39_78_360_2020-03-02 18:33:44.929553","2","CA-322","2-39-78-360","8.68","2.53"
"02-03-2020 18:34","03-03-2020 01:27","02-03-2020 20:15","4.869","2_39_90_440_2020-03-02 18:34:06.822620","2","CA-500","2-39-90-440","6.88","1.68"
"02-03-2020 18:40","02-03-2020 23:07","02-03-2020 22:07","3.892","2_39_88_24_2020-03-02 18:40:16.161849","2","CA-314","2-39-88-24","4.45","3.45"
"02-03-2020 19:08","03-03-2020 01:07","03-03-2020 01:07","39.501","2_39_126_20_2020-03-02 19:08:02.816162","2","CA-310","2-39-126-20","5.98","5.98"
"02-03-2020 19:21","02-03-2020 19:54","02-03-2020 19:53","3.391","2_39_124_22_2020-03-02 19:21:33.280101","2","CA-312","2-39-124-22","0.55","0.53"
"02-03-2020 19:57","03-03-2020 01:03","03-03-2020 00:27","27.87","2_39_79_378_2020-03-02 19:57:51.597945","2","CA-326","2-39-79-378","5.1","4.5"
"02-03-2020 20:48","02-03-2020 23:27","02-03-2020 21:42","2.371","2_39_124_22_2020-03-02 20:48:46.404376","2","CA-312","2-39-124-22","2.65","0.9"
"02-03-2020 21:14","03-03-2020 02:20","02-03-2020 23:49","6.604","2_39_92_436_2020-03-02 21:14:24.595868","2","CA-318","2-39-92-436","5.1","2.58"
"02-03-2020 21:32","03-03-2020 01:15","02-03-2020 22:24","2.257","2_39_123_23_2020-03-02 21:32:54.816304","2","CA-313","2-39-123-23","3.72","0.87"
"02-03-2020 21:43","03-03-2020 03:02","02-03-2020 22:50","2.2","2_39_79_381_2020-03-02 21:43:54.214145","2","CA-490","2-39-79-381","5.32","1.12"
"02-03-2020 21:46","02-03-2020 22:59","02-03-2020 22:59","3.839","2_39_78_364_2020-03-02 21:46:04.312567","2","CA-495","2-39-78-364","1.22","1.22"
"02-03-2020 22:01","03-03-2020 02:52","03-03-2020 00:26","8.341","2_39_79_382_2020-03-02 22:01:24.185088","2","CA-491","2-39-79-382","4.85","2.42"
"02-03-2020 22:34","03-03-2020 01:02","02-03-2020 23:04","0.893","2_39_83_386_2020-03-02 22:34:05.806745","2","CA-212","2-39-83-386","2.47","0.5"
"02-03-2020 23:29","03-03-2020 00:48","03-03-2020 00:37","6.789","2_39_127_19_2020-03-02 23:29:24.003257","2","CA-309","2-39-127-19","1.32","1.13"
"02-03-2020 23:49","03-03-2020 01:04","03-03-2020 01:04","3.787","2_39_79_380_2020-03-02 23:49:16.660483","2","CA-489","2-39-79-380","1.25","1.25"
"03-03-2020 00:57","03-03-2020 02:52","03-03-2020 02:12","3.728","2_39_88_24_2020-03-03 00:57:15.967922","2","CA-314","2-39-88-24","1.92","1.25"
"03-03-2020 01:12","03-03-2020 03:27","03-03-2020 03:12","6.096","2_39_127_19_2020-03-03 01:12:46.554916","2","CA-309","2-39-127-19","2.25","2"
"03-03-2020 01:40","03-03-2020 04:09","03-03-2020 04:10","0.904","2_39_129_17_2020-03-03 01:40:16.076284","2","CA-307","2-39-129-17","2.48","2.5"
"03-03-2020 04:10","03-03-2020 05:12","03-03-2020 05:12","0.898","2_39_128_18_2020-03-03 04:10:37.910882","2","CA-308","2-39-128-18","1.03","1.03"
"03-03-2020 14:23","04-03-2020 01:03","03-03-2020 15:29","3.259","2_39_79_381_2020-03-03 14:23:34.551179","2","CA-490","2-39-79-381","10.67","1.1"
"03-03-2020 15:54","04-03-2020 00:25","03-03-2020 18:40","11.41","2_39_79_382_2020-03-03 15:54:42.538253","2","CA-491","2-39-79-382","8.52","2.77"
"03-03-2020 16:01","03-03-2020 23:46","03-03-2020 23:47","0.815","2_39_79_380_2020-03-03 16:01:26.391749","2","CA-489","2-39-79-380","7.75","7.77"
"03-03-2020 16:10","04-03-2020 00:41","03-03-2020 17:41","3.993","2_39_139_28_2020-03-03 16:10:31.120263","2","CA-303","2-39-139-28","8.52","1.52"
"03-03-2020 16:14","04-03-2020 01:38","03-03-2020 20:34","0.855","2_39_78_366_2020-03-03 16:14:55.559738","2","CA-323","2-39-78-366","9.4","4.33"
"03-03-2020 16:32","04-03-2020 01:07","03-03-2020 17:48","4.745","2_39_79_379_2020-03-03 16:32:54.489023","2","CA-327","2-39-79-379","8.58","1.27"
"03-03-2020 16:35","04-03-2020 02:32","03-03-2020 18:10","5.039","2_39_131_30_2020-03-03 16:35:09.355798","2","CA-305","2-39-131-30","9.95","1.58"
"03-03-2020 16:49","04-03-2020 02:12","03-03-2020 19:03","4.587","2_39_91_437_2020-03-03 16:49:48.114129","2","CA-317","2-39-91-437","9.38","2.23"
"03-03-2020 16:57","04-03-2020 02:21","03-03-2020 19:56","7.312","2_39_79_378_2020-03-03 16:57:02.205699","2","CA-326","2-39-79-378","9.4","2.98"
"03-03-2020 17:05","04-03-2020 00:47","03-03-2020 18:35","9.869","2_39_95_444_2020-03-03 17:05:46.563708","2","CA-497","2-39-95-444","7.7","1.5"
"03-03-2020 17:06","04-03-2020 02:35","03-03-2020 18:26","7.529","2_39_89_25_2020-03-03 17:06:43.591988","2","CA-315","2-39-89-25","9.48","1.33"
"03-03-2020 17:17","04-03-2020 03:14","03-03-2020 19:03","5.742","2_39_127_19_2020-03-03 17:17:40.203845","2","CA-309","2-39-127-19","9.95","1.77"
"03-03-2020 17:26","04-03-2020 00:01","03-03-2020 18:52","4.269","2_39_90_440_2020-03-03 17:26:16.114497","2","CA-500","2-39-90-440","6.58","1.43"
"03-03-2020 17:36","04-03-2020 00:05","03-03-2020 18:32","5.6","2_39_125_21_2020-03-03 17:36:36.589144","2","CA-311","2-39-125-21","6.48","0.93"
"03-03-2020 18:08","04-03-2020 02:03","03-03-2020 19:31","7.974","2_39_92_436_2020-03-03 18:08:28.178149","2","CA-318","2-39-92-436","7.92","1.38"
"03-03-2020 18:08","04-03-2020 01:10","03-03-2020 20:32","9.604","2_39_79_376_2020-03-03 18:08:47.338861","2","CA-324","2-39-79-376","7.03","2.4"
"03-03-2020 18:31","03-03-2020 19:46","03-03-2020 19:44","6.77","2_39_123_23_2020-03-03 18:31:42.466906","2","CA-313","2-39-123-23","1.25","1.22"
"03-03-2020 18:35","04-03-2020 02:44","04-03-2020 02:44","7.106","2_39_78_360_2020-03-03 18:35:15.123216","2","CA-322","2-39-78-360","8.15","8.15"
"03-03-2020 18:52","04-03-2020 00:53","03-03-2020 19:57","2.154","2_39_88_24_2020-03-03 18:52:40.707815","2","CA-314","2-39-88-24","6.02","1.08"
"03-03-2020 19:06","03-03-2020 20:34","03-03-2020 19:37","0.908","2_39_124_22_2020-03-03 19:06:54.389470","2","CA-312","2-39-124-22","1.47","0.52"
"03-03-2020 19:20","03-03-2020 21:12","03-03-2020 19:51","0.776","2_39_90_26_2020-03-03 19:20:20.265476","2","CA-316","2-39-90-26","1.87","0.52"
"03-03-2020 19:48","04-03-2020 00:12","04-03-2020 00:12","14.845","2_39_79_383_2020-03-03 19:48:21.440417","2","CA-492","2-39-79-383","4.4","4.4"
"03-03-2020 19:52","03-03-2020 20:47","03-03-2020 20:47","2.582","2_39_123_23_2020-03-03 19:51:46.814877","2","CA-313","2-39-123-23","0.92","0.92"
"03-03-2020 20:19","04-03-2020 02:23","03-03-2020 22:28","7.225","2_39_92_442_2020-03-03 20:19:33.762130","2","CA-498","2-39-92-442","6.07","2.15"
"03-03-2020 20:38","04-03-2020 00:30","03-03-2020 22:04","4.211","2_39_124_22_2020-03-03 20:38:51.453407","2","CA-312","2-39-124-22","3.87","1.43"
"03-03-2020 20:57","04-03-2020 02:53","04-03-2020 00:27","22.948","2_39_123_23_2020-03-03 20:57:26.977715","2","CA-313","2-39-123-23","5.93","3.5"
"03-03-2020 20:59","04-03-2020 00:55","03-03-2020 21:30","0.864","2_39_95_27_2020-03-03 20:59:57.468559","2","CA-319","2-39-95-27","3.93","0.52"
"03-03-2020 21:26","04-03-2020 03:14","04-03-2020 01:33","0.901","2_39_78_363_2020-03-03 21:26:35.303907","2","CA-320","2-39-78-363","5.8","4.12"
"03-03-2020 21:54","04-03-2020 02:44","03-03-2020 23:42","0.895","2_39_91_441_2020-03-03 21:54:31.104781","2","CA-499","2-39-91-441","4.83","1.8"
"03-03-2020 22:09","04-03-2020 02:23","03-03-2020 22:40","0.882","2_39_123_557_2020-03-03 22:09:18.122500","2","CA-503","2-39-123-557","4.23","0.52"
"03-03-2020 23:46","04-03-2020 00:47","04-03-2020 00:47","2.766","2_39_79_380_2020-03-03 23:46:34.296620","2","CA-489","2-39-79-380","1.02","1.02"
"04-03-2020 01:14","04-03-2020 02:42","04-03-2020 02:42","4.572","2_39_139_28_2020-03-04 01:14:31.692921","2","CA-303","2-39-139-28","1.47","1.47"
"04-03-2020 04:21","04-03-2020 05:47","04-03-2020 05:47","4.813","2_39_139_28_2020-03-04 04:21:03.232138","2","CA-303","2-39-139-28","1.43","1.43"
"04-03-2020 14:44","05-03-2020 21:02","04-03-2020 18:48","13.595","2_39_79_383_2020-03-04 14:44:52.748157","2","CA-492","2-39-79-383","30.3","4.07"
"04-03-2020 15:19","05-03-2020 01:04","04-03-2020 17:00","10.441","2_39_139_28_2020-03-04 15:19:12.758016","2","CA-303","2-39-139-28","9.75","1.68"
"04-03-2020 16:09","04-03-2020 21:13","04-03-2020 16:39","0.819","2_39_79_380_2020-03-04 16:09:10.712036","2","CA-489","2-39-79-380","5.07","0.5"
"04-03-2020 16:16","05-03-2020 04:03","04-03-2020 16:47","0.838","2_39_89_25_2020-03-04 16:16:24.466221","2","CA-315","2-39-89-25","11.78","0.52"
"04-03-2020 16:35","04-03-2020 20:24","04-03-2020 18:54","5.591","2_39_78_365_2020-03-04 16:35:43.530631","2","CA-321","2-39-78-365","3.82","2.32"
"04-03-2020 16:45","05-03-2020 01:36","04-03-2020 18:02","4.298","2_39_129_17_2020-03-04 16:45:46.830825","2","CA-307","2-39-129-17","8.85","1.28"
"04-03-2020 16:49","05-03-2020 01:24","04-03-2020 17:15","0.92","2_39_138_29_2020-03-04 16:48:59.825542","2","CA-304","2-39-138-29","8.58","0.43"
"04-03-2020 16:50","05-03-2020 00:34","05-03-2020 00:35","9.016","2_39_78_362_2020-03-04 16:50:40.054426","2","CA-496","2-39-78-362","7.73","7.75"
"04-03-2020 16:59","05-03-2020 00:57","04-03-2020 17:29","0.829","2_39_79_376_2020-03-04 16:59:48.844435","2","CA-324","2-39-79-376","7.97","0.5"
"04-03-2020 17:03","05-03-2020 00:07","04-03-2020 19:11","13.189","2_39_128_18_2020-03-04 17:03:36.056633","2","CA-308","2-39-128-18","7.07","2.13"
"04-03-2020 17:10","05-03-2020 00:33","04-03-2020 18:38","4.307","2_39_90_440_2020-03-04 17:10:26.694118","2","CA-500","2-39-90-440","7.38","1.47"
"04-03-2020 17:13","04-03-2020 23:19","04-03-2020 17:43","0.857","2_39_127_19_2020-03-04 17:13:20.955784","2","CA-309","2-39-127-19","6.1","0.5"
"04-03-2020 17:14","04-03-2020 22:04","04-03-2020 21:11","0.864","2_39_123_23_2020-03-04 17:14:12.794268","2","CA-313","2-39-123-23","4.83","3.95"
"04-03-2020 17:15","05-03-2020 03:24","04-03-2020 19:03","5.806","2_39_125_21_2020-03-04 17:15:31.712825","2","CA-311","2-39-125-21","10.15","1.8"
"04-03-2020 17:22","05-03-2020 00:00","04-03-2020 18:41","2.969","2_39_79_382_2020-03-04 17:22:14.527339","2","CA-491","2-39-79-382","6.63","1.32"
"04-03-2020 17:29","05-03-2020 01:12","04-03-2020 19:16","3.948","2_39_91_437_2020-03-04 17:29:44.133912","2","CA-317","2-39-91-437","7.72","1.78"
"04-03-2020 17:30","05-03-2020 01:08","05-03-2020 00:17","1.132","2_39_79_377_2020-03-04 17:30:02.092903","2","CA-325","2-39-79-377","7.63","6.78"
"04-03-2020 17:31","05-03-2020 01:21","04-03-2020 20:56","15.391","2_39_78_360_2020-03-04 17:31:31.052383","2","CA-322","2-39-78-360","7.83","3.42"
"04-03-2020 17:35","05-03-2020 02:07","04-03-2020 20:37","10.313","2_39_78_366_2020-03-04 17:35:49.188099","2","CA-323","2-39-78-366","8.53","3.03"
"04-03-2020 17:36","05-03-2020 02:18","04-03-2020 19:42","14.226","2_39_95_27_2020-03-04 17:36:01.718496","2","CA-319","2-39-95-27","8.7","2.1"
"04-03-2020 17:45","05-03-2020 01:16","04-03-2020 20:00","7.547","2_39_126_20_2020-03-04 17:45:00.945264","2","CA-310","2-39-126-20","7.52","2.25"
"04-03-2020 17:50","04-03-2020 23:20","04-03-2020 19:49","12.519","2_39_123_557_2020-03-04 17:50:15.939787","2","CA-503","2-39-123-557","5.5","1.98"
"04-03-2020 17:50","05-03-2020 03:15","04-03-2020 19:43","11.64","2_39_92_436_2020-03-04 17:50:39.997512","2","CA-318","2-39-92-436","9.42","1.88"
"04-03-2020 18:09","05-03-2020 02:09","04-03-2020 20:12","12.317","2_39_88_24_2020-03-04 18:09:39.495323","2","CA-314","2-39-88-24","8","2.05"
"04-03-2020 18:26","04-03-2020 19:29","04-03-2020 19:22","5.524","2_39_124_22_2020-03-04 18:26:07.211283","2","CA-312","2-39-124-22","1.05","0.93"
"04-03-2020 20:28","05-03-2020 01:38","04-03-2020 20:41","0.896","2_39_124_22_2020-03-04 20:28:05.170797","2","CA-312","2-39-124-22","5.17","0.22"
"04-03-2020 20:57","04-03-2020 23:59","04-03-2020 22:19","4.115","2_39_78_367_2020-03-04 20:57:55.806549","2","CA-494","2-39-78-367","3.03","1.37"
"04-03-2020 21:09","05-03-2020 03:29","04-03-2020 23:07","6.489","2_39_91_441_2020-03-04 21:09:28.255011","2","CA-499","2-39-91-441","6.33","1.97"
"04-03-2020 22:09","05-03-2020 03:50","05-03-2020 03:49","38.057","2_39_123_23_2020-03-04 22:09:28.431781","2","CA-313","2-39-123-23","5.68","5.67"
"04-03-2020 22:13","05-03-2020 01:38","04-03-2020 23:45","4.762","2_39_90_26_2020-03-04 22:13:47.805247","2","CA-316","2-39-90-26","3.42","1.53"
"05-03-2020 04:48","05-03-2020 05:58","05-03-2020 05:58","3.885","2_39_131_30_2020-03-05 04:48:55.007446","2","CA-305","2-39-131-30","1.17","1.17"
"05-03-2020 15:41","05-03-2020 17:05","05-03-2020 17:03","0.885","2_39_78_366_2020-03-05 15:41:47.502212","2","CA-323","2-39-78-366","1.4","1.37"
"05-03-2020 15:47","06-03-2020 01:30","05-03-2020 17:55","6.69","2_39_79_382_2020-03-05 15:47:51.518370","2","CA-491","2-39-79-382","9.72","2.13"
"05-03-2020 16:15","05-03-2020 23:20","05-03-2020 22:06","35.069","2_39_79_376_2020-03-05 16:15:36.067823","2","CA-324","2-39-79-376","7.08","5.85"
"05-03-2020 16:22","05-03-2020 22:13","05-03-2020 22:10","1.253","2_39_79_380_2020-03-05 16:22:46.031798","2","CA-489","2-39-79-380","5.85","5.8"
"05-03-2020 16:42","06-03-2020 01:42","05-03-2020 18:04","4.313","2_39_139_28_2020-03-05 16:42:38.146343","2","CA-303","2-39-139-28","9","1.37"
"05-03-2020 16:43","05-03-2020 19:06","05-03-2020 19:07","9.817213262","2_39_78_362_2020-03-05 16:43:10.433942","2","CA-496","2-39-78-362","2.38","2.4"
"05-03-2020 16:46","06-03-2020 01:06","05-03-2020 18:14","3.946","2_39_131_30_2020-03-05 16:46:27.193339","2","CA-305","2-39-131-30","8.33","1.47"
"05-03-2020 16:50","05-03-2020 18:05","05-03-2020 17:59","1.368629032","2_39_78_363_2020-03-05 16:50:45.843167","2","CA-320","2-39-78-363","1.25","1.15"
"05-03-2020 17:00","06-03-2020 01:20","05-03-2020 19:45","14.619","2_39_91_437_2020-03-05 17:00:11.265388","2","CA-317","2-39-91-437","8.33","2.75"
"05-03-2020 17:06","06-03-2020 01:22","05-03-2020 17:36","0.823","2_39_79_379_2020-03-05 17:06:22.562956","2","CA-327","2-39-79-379","8.27","0.5"
"05-03-2020 17:09","06-03-2020 01:17","05-03-2020 18:57","5.224","2_39_89_25_2020-03-05 17:09:24.354256","2","CA-315","2-39-89-25","8.13","1.8"
"05-03-2020 17:20","06-03-2020 00:43","05-03-2020 17:59","1.485","2_39_90_440_2020-03-05 17:20:28.100396","2","CA-500","2-39-90-440","7.38","0.65"
"05-03-2020 17:33","06-03-2020 02:21","06-03-2020 02:21","1.195","2_39_95_27_2020-03-05 17:33:44.518940","2","CA-319","2-39-95-27","8.8","8.8"
"05-03-2020 17:34","06-03-2020 01:10","06-03-2020 01:05","1.19","2_39_125_21_2020-03-05 17:34:29.789062","2","CA-311","2-39-125-21","7.6","7.52"
"05-03-2020 17:37","06-03-2020 00:37","06-03-2020 00:35","1.395","2_39_78_365_2020-03-05 17:37:09.405216","2","CA-321","2-39-78-365","7","6.97"
"05-03-2020 17:39","05-03-2020 18:57","05-03-2020 18:54","0.928","2_39_78_366_2020-03-05 17:39:47.343016","2","CA-323","2-39-78-366","1.3","1.25"
"05-03-2020 17:42","06-03-2020 01:39","06-03-2020 01:24","1.354","2_39_79_381_2020-03-05 17:42:39.019243","2","CA-490","2-39-79-381","7.95","7.7"
"05-03-2020 17:43","06-03-2020 02:53","05-03-2020 18:35","1.521","2_39_90_26_2020-03-05 17:43:23.827125","2","CA-316","2-39-90-26","9.17","0.87"
"05-03-2020 17:45","06-03-2020 01:45","05-03-2020 21:55","17.762","2_39_78_361_2020-03-05 17:45:29.132151","2","CA-493","2-39-78-361","8","4.17"
"05-03-2020 17:55","06-03-2020 01:11","05-03-2020 20:05","6.293","2_39_123_23_2020-03-05 17:55:33.434004","2","CA-313","2-39-123-23","7.27","2.17"
"05-03-2020 18:17","05-03-2020 18:53","05-03-2020 18:52","0.948","2_39_78_363_2020-03-05 18:17:21.082226","2","CA-320","2-39-78-363","0.6","0.58"
"05-03-2020 18:20","06-03-2020 02:16","05-03-2020 20:31","7.078","2_39_95_444_2020-03-05 18:20:22.677540","2","CA-497","2-39-95-444","7.93","2.18"
"05-03-2020 18:21","06-03-2020 01:42","05-03-2020 20:14","3.5","2_39_91_441_2020-03-05 18:21:20.576347","2","CA-499","2-39-91-441","7.35","1.88"
"05-03-2020 18:25","05-03-2020 18:59","05-03-2020 18:59","3.071","2_39_124_22_2020-03-05 18:25:11.923981","2","CA-312","2-39-124-22","0.57","0.57"
"05-03-2020 18:40","06-03-2020 02:46","05-03-2020 21:00","3.622","2_39_88_24_2020-03-05 18:40:18.887502","2","CA-314","2-39-88-24","8.1","2.33"
"05-03-2020 19:10","05-03-2020 20:25","05-03-2020 20:22","0.893","2_39_78_363_2020-03-05 19:10:11.143508","2","CA-320","2-39-78-363","1.25","1.2"
"05-03-2020 19:13","05-03-2020 22:15","05-03-2020 22:13","1.028","2_39_78_366_2020-03-05 19:13:00.153424","2","CA-323","2-39-78-366","3.03","3"
"05-03-2020 19:19","06-03-2020 00:09","06-03-2020 00:09","15.705","2_39_92_436_2020-03-05 19:17:47.102205","2","CA-318","2-39-92-436","4.83","4.83"
"05-03-2020 19:20","06-03-2020 00:02","06-03-2020 00:03","1.203470729","2_39_78_362_2020-03-05 19:20:43.853899","2","CA-496","2-39-78-362","4.7","4.72"
"05-03-2020 19:26","05-03-2020 20:31","05-03-2020 20:31","6.033","2_39_124_22_2020-03-05 19:26:28.848051","2","CA-312","2-39-124-22","1.08","1.08"
"05-03-2020 19:54","05-03-2020 23:15","05-03-2020 23:14","21.349","2_39_78_364_2020-03-05 19:54:58.660376","2","CA-495","2-39-78-364","3.35","3.33"
"05-03-2020 20:41","05-03-2020 21:20","05-03-2020 21:19","0.976","2_39_78_363_2020-03-05 20:41:29.805142","2","CA-320","2-39-78-363","0.65","0.63"
"05-03-2020 21:06","05-03-2020 21:40","05-03-2020 21:39","0.932","2_39_79_383_2020-03-05 21:06:02.765577","2","CA-492","2-39-79-383","0.57","0.55"
"05-03-2020 21:26","06-03-2020 00:46","06-03-2020 00:00","14.034","2_39_78_363_2020-03-05 21:26:06.514484","2","CA-320","2-39-78-363","3.33","2.57"
"05-03-2020 22:19","06-03-2020 01:44","06-03-2020 00:43","7.771","2_39_127_19_2020-03-05 22:19:07.028718","2","CA-309","2-39-127-19","3.42","2.4"
"05-03-2020 22:32","05-03-2020 23:33","05-03-2020 23:29","0.983","2_39_78_366_2020-03-05 22:32:31.431426","2","CA-323","2-39-78-366","1.02","0.95"
"05-03-2020 23:12","06-03-2020 01:41","06-03-2020 01:41","15.876","2_39_79_380_2020-03-05 23:12:32.852119","2","CA-489","2-39-79-380","2.48","2.48"
"06-03-2020 00:03","06-03-2020 02:30","06-03-2020 02:06","6.038","2_39_78_360_2020-03-06 00:03:08.606001","2","CA-322","2-39-78-360","2.45","2.05"
"06-03-2020 00:05","06-03-2020 00:49","06-03-2020 00:40","0.971230585","2_39_78_366_2020-03-06 00:05:11.258948","2","CA-323","2-39-78-366","0.73","0.58"
"06-03-2020 01:38","06-03-2020 03:06","06-03-2020 02:30","0.937","2_39_138_29_2020-03-06 01:38:02.701987","2","CA-304","2-39-138-29","1.47","0.87"
"06-03-2020 03:01","06-03-2020 04:38","06-03-2020 04:14","3.443","2_39_127_19_2020-03-06 03:01:12.636495","2","CA-309","2-39-127-19","1.62","1.22"
"06-03-2020 04:22","06-03-2020 05:57","06-03-2020 05:21","3.361","2_39_139_28_2020-03-06 04:22:25.588652","2","CA-303","2-39-139-28","1.58","0.98"
"06-03-2020 14:04","06-03-2020 15:40","06-03-2020 15:32","4.335","2_39_89_25_2020-03-06 14:05:10.041864","2","CA-315","2-39-89-25","1.6","1.47"
"06-03-2020 15:03","06-03-2020 16:23","06-03-2020 16:15","0.879","2_39_79_380_2020-03-06 15:03:53.472625","2","CA-489","2-39-79-380","1.33","1.2"
"06-03-2020 15:38","07-03-2020 00:25","06-03-2020 16:28","0.873","2_39_79_382_2020-03-06 15:38:51.237894","2","CA-491","2-39-79-382","8.78","0.83"
"06-03-2020 15:45","06-03-2020 19:22","06-03-2020 17:45","7.158","2_39_78_366_2020-03-06 15:45:46.103519","2","CA-323","2-39-78-366","3.62","2"
"06-03-2020 15:56","07-03-2020 00:15","06-03-2020 17:14","3.649078889","2_39_139_28_2020-03-06 15:56:14.105947","2","CA-303","2-39-139-28","8.32","1.3"
"06-03-2020 16:10","07-03-2020 02:00","06-03-2020 17:26","2.827","2_39_79_383_2020-03-06 16:10:56.932602","2","CA-492","2-39-79-383","9.83","1.27"
"06-03-2020 16:13","07-03-2020 00:58","06-03-2020 17:58","5.668","2_39_131_30_2020-03-06 16:12:51.264116","2","CA-305","2-39-131-30","8.75","1.75"
"06-03-2020 16:29","07-03-2020 02:01","07-03-2020 01:40","1.324","2_39_79_379_2020-03-06 16:29:19.071796","2","CA-327","2-39-79-379","9.53","9.18"
"06-03-2020 16:34","06-03-2020 23:21","06-03-2020 23:18","1.278","2_39_127_19_2020-03-06 16:34:41.899920","2","CA-309","2-39-127-19","6.78","6.73"
"06-03-2020 16:59","06-03-2020 19:20","06-03-2020 18:30","8.829","2_39_91_437_2020-03-06 16:59:34.723239","2","CA-317","2-39-91-437","2.35","1.52"
"06-03-2020 17:00","06-03-2020 17:08","06-03-2020 17:07","0.751","2_39_130_31_2020-03-06 17:00:11.609325","2","CA-306","2-39-130-31","0.13","0.12"
"06-03-2020 17:12","07-03-2020 02:03","07-03-2020 02:03","7.369","2_39_78_365_2020-03-06 17:12:41.604361","2","CA-321","2-39-78-365","8.85","8.85"
"06-03-2020 17:15","07-03-2020 04:28","06-03-2020 18:21","3.143","2_39_123_23_2020-03-06 17:15:59.416916","2","CA-313","2-39-123-23","11.22","1.1"
"06-03-2020 17:18","07-03-2020 01:45","06-03-2020 21:49","19.63","2_39_79_377_2020-03-06 17:18:19.958220","2","CA-325","2-39-79-377","8.45","4.52"
"06-03-2020 17:22","07-03-2020 02:31","06-03-2020 21:29","20.986","2_39_78_363_2020-03-06 17:22:20.995894","2","CA-320","2-39-78-363","9.15","4.12"
"06-03-2020 17:25","07-03-2020 02:06","06-03-2020 19:50","15.581","2_39_89_25_2020-03-06 17:25:44.841953","2","CA-315","2-39-89-25","8.68","2.42"
"06-03-2020 17:32","07-03-2020 03:53","06-03-2020 18:48","3.609","2_39_125_21_2020-03-06 17:32:55.226086","2","CA-311","2-39-125-21","10.35","1.27"
"06-03-2020 17:50","07-03-2020 01:42","06-03-2020 19:23","4.293","2_39_90_440_2020-03-06 17:50:14.659026","2","CA-500","2-39-90-440","7.87","1.55"
"06-03-2020 17:55","06-03-2020 20:21","06-03-2020 20:14","3.465","2_39_126_20_2020-03-06 17:55:15.961878","2","CA-310","2-39-126-20","2.43","2.32"
"06-03-2020 17:55","07-03-2020 00:01","07-03-2020 00:02","12.666","2_39_78_362_2020-03-06 17:55:19.756813","2","CA-496","2-39-78-362","6.1","6.12"
"06-03-2020 18:00","07-03-2020 05:01","06-03-2020 18:51","1.582142222","2_39_90_26_2020-03-06 18:00:15.548597","2","CA-316","2-39-90-26","11.02","0.85"
"06-03-2020 18:14","06-03-2020 22:17","06-03-2020 19:30","2.444","2_39_95_27_2020-03-06 18:14:46.900800","2","CA-319","2-39-95-27","4.05","1.27"
"06-03-2020 18:15","06-03-2020 19:47","06-03-2020 19:24","5.753","2_39_124_22_2020-03-06 18:15:19.926207","2","CA-312","2-39-124-22","1.53","1.15"
"06-03-2020 18:20","07-03-2020 02:13","06-03-2020 20:11","5.518","2_39_88_24_2020-03-06 18:20:31.911549","2","CA-314","2-39-88-24","7.88","1.85"
"06-03-2020 18:21","06-03-2020 23:14","06-03-2020 23:08","13.4557736","2_39_78_360_2020-03-06 18:20:58.532817","2","CA-322","2-39-78-360","4.88","4.78"
"06-03-2020 18:37","06-03-2020 20:27","06-03-2020 20:25","7.618","2_39_123_557_2020-03-06 18:36:59.836528","2","CA-503","2-39-123-557","1.83","1.8"
"06-03-2020 18:40","07-03-2020 04:33","06-03-2020 21:05","13.607","2_39_79_381_2020-03-06 18:40:27.645098","2","CA-490","2-39-79-381","9.88","2.42"
"06-03-2020 19:26","06-03-2020 23:09","06-03-2020 23:05","8.473","2_39_78_366_2020-03-06 19:26:11.743706","2","CA-323","2-39-78-366","3.72","3.65"
"06-03-2020 20:01","06-03-2020 22:12","06-03-2020 21:24","3.841","2_39_91_441_2020-03-06 20:01:02.646107","2","CA-499","2-39-91-441","2.18","1.38"
"06-03-2020 20:25","07-03-2020 00:06","06-03-2020 20:55","0.791","2_39_91_437_2020-03-06 20:25:28.060696","2","CA-317","2-39-91-437","3.68","0.5"
"06-03-2020 20:32","06-03-2020 23:59","06-03-2020 21:36","1.759","2_39_92_436_2020-03-06 20:32:34.779763","2","CA-318","2-39-92-436","3.45","1.07"
"06-03-2020 20:50","07-03-2020 01:07","07-03-2020 00:37","23.42420056","2_39_89_439_2020-03-06 20:50:31.818203","2","CA-501","2-39-89-439","4.28","3.78"
"06-03-2020 20:58","07-03-2020 01:22","06-03-2020 22:57","6.349","2_39_88_438_2020-03-06 20:58:34.368356","2","CA-502","2-39-88-438","4.4","1.98"
"06-03-2020 21:35","06-03-2020 22:55","06-03-2020 22:54","4.223","2_39_79_380_2020-03-06 21:35:18.422439","2","CA-489","2-39-79-380","1.33","1.32"
"06-03-2020 23:23","07-03-2020 00:12","07-03-2020 00:12","1.06","2_39_78_366_2020-03-06 23:23:49.546338","2","CA-323","2-39-78-366","0.82","0.82"
"07-03-2020 00:12","07-03-2020 01:17","07-03-2020 01:10","0.976","2_39_127_19_2020-03-07 00:12:29.418156","2","CA-309","2-39-127-19","1.08","0.97"
"07-03-2020 00:33","07-03-2020 02:08","07-03-2020 02:07","9.397","2_39_91_437_2020-03-07 00:33:20.365569","2","CA-317","2-39-91-437","1.58","1.57"
"07-03-2020 00:40","07-03-2020 01:11","07-03-2020 01:11","0.875","2_39_79_380_2020-03-07 00:40:03.817654","2","CA-489","2-39-79-380","0.52","0.52"
"07-03-2020 01:45","07-03-2020 22:10","07-03-2020 09:47","52.302","2_39_131_30_2020-03-07 01:45:11.184994","2","CA-305","2-39-131-30","20.42","8.03"
"07-03-2020 02:17","07-03-2020 02:54","07-03-2020 02:51","0.939","2_39_129_17_2020-03-07 02:17:28.577610","2","CA-307","2-39-129-17","0.62","0.57"
"07-03-2020 02:20","07-03-2020 03:21","07-03-2020 03:21","4.606","2_39_139_28_2020-03-07 02:20:13.568329","2","CA-303","2-39-139-28","1.02","1.02"
"07-03-2020 06:09","07-03-2020 14:54","07-03-2020 09:35","23.162","2_39_79_378_2020-03-07 06:09:08.345942","2","CA-326","2-39-79-378","8.75","3.43"
"07-03-2020 15:45","07-03-2020 16:18","07-03-2020 16:18","3.662","2_39_78_366_2020-03-07 15:45:02.870788","2","CA-323","2-39-78-366","0.55","0.55"
"07-03-2020 18:04","07-03-2020 19:21","07-03-2020 19:21","4.239","2_39_89_25_2020-03-07 18:04:05.710896","2","CA-315","2-39-89-25","1.28","1.28"
"07-03-2020 18:13","07-03-2020 19:06","07-03-2020 19:06","2.854","2_39_139_28_2020-03-07 18:13:05.812655","2","CA-303","2-39-139-28","0.88","0.88"
"07-03-2020 18:25","07-03-2020 19:09","07-03-2020 19:09","4.937","2_39_125_21_2020-03-07 18:25:44.802764","2","CA-311","2-39-125-21","0.73","0.73"
"07-03-2020 22:15","08-03-2020 00:01","07-03-2020 22:45","0.822","2_39_79_380_2020-03-07 22:15:49.811975","2","CA-489","2-39-79-380","1.77","0.5"
"07-03-2020 23:18","08-03-2020 00:32","08-03-2020 00:32","6.249","2_39_139_28_2020-03-07 23:18:49.614945","2","CA-303","2-39-139-28","1.23","1.23"
"08-03-2020 01:19","08-03-2020 02:56","08-03-2020 03:56","5.428","2_39_139_28_2020-03-08 01:19:32.578632","2","CA-303","2-39-139-28","1.62","2.62"
"08-03-2020 16:04","08-03-2020 17:41","08-03-2020 17:31","4.31","2_39_89_25_2020-03-08 16:04:09.383163","2","CA-315","2-39-89-25","1.62","1.45"
"08-03-2020 18:28","08-03-2020 19:40","08-03-2020 19:25","4.959","2_39_126_20_2020-03-08 18:28:12.287448","2","CA-310","2-39-126-20","1.2","0.95"
"08-03-2020 18:29","09-03-2020 00:33","08-03-2020 20:31","6.161","2_39_131_30_2020-03-08 18:29:29.186995","2","CA-305","2-39-131-30","6.07","2.03"
"08-03-2020 18:39","08-03-2020 19:49","08-03-2020 19:49","3.786","2_39_139_28_2020-03-08 18:39:29.220241","2","CA-303","2-39-139-28","1.17","1.17"
"08-03-2020 18:58","09-03-2020 04:03","09-03-2020 01:21","41.348","2_39_90_440_2020-03-08 18:58:53.314916","2","CA-500","2-39-90-440","9.08","6.38"
"08-03-2020 20:16","09-03-2020 00:39","08-03-2020 22:34","0.901","2_39_139_28_2020-03-08 20:16:37.580762","2","CA-303","2-39-139-28","4.38","2.3"
"08-03-2020 21:20","08-03-2020 23:12","08-03-2020 23:12","5.708","2_39_129_17_2020-03-08 21:20:23.053404","2","CA-307","2-39-129-17","1.87","1.87"
"09-03-2020 00:10","09-03-2020 02:59","09-03-2020 02:59","0.795","2_39_123_23_2020-03-09 00:10:49.282379","2","CA-313","2-39-123-23","2.82","2.82"
"09-03-2020 04:29","09-03-2020 06:37","09-03-2020 06:37","7.353","2_39_139_28_2020-03-09 04:29:20.504010","2","CA-303","2-39-139-28","2.13","2.13"
"09-03-2020 13:53","10-03-2020 19:58","09-03-2020 18:17","14.034","2_39_79_383_2020-03-09 13:53:04.436432","2","CA-492","2-39-79-383","30.08","4.4"
"09-03-2020 14:33","09-03-2020 20:26","09-03-2020 15:20","3.904","2_39_91_437_2020-03-09 14:33:27.128461","2","CA-317","2-39-91-437","5.88","0.78"
"09-03-2020 14:51","09-03-2020 23:36","09-03-2020 16:13","2.657","2_39_79_382_2020-03-09 14:51:58.665657","2","CA-491","2-39-79-382","8.75","1.37"
"09-03-2020 15:09","09-03-2020 15:30","09-03-2020 15:30","0.572","2_39_79_380_2020-03-09 15:09:21.542105","2","CA-489","2-39-79-380","0.35","0.35"
"09-03-2020 15:09","10-03-2020 00:28","09-03-2020 23:53","0.849","2_39_78_366_2020-03-09 15:09:22.014418","2","CA-323","2-39-78-366","9.32","8.73"
"09-03-2020 15:31","09-03-2020 21:20","09-03-2020 19:01","5.754","2_39_130_31_2020-03-09 15:31:25.447885","2","CA-306","2-39-130-31","5.82","3.5"
"09-03-2020 15:33","09-03-2020 22:29","09-03-2020 16:40","4.092","2_39_79_379_2020-03-09 15:33:06.884187","2","CA-327","2-39-79-379","6.93","1.12"
"09-03-2020 15:36","09-03-2020 22:42","09-03-2020 20:03","27.412","2_39_78_364_2020-03-09 15:36:33.772986","2","CA-495","2-39-78-364","7.1","4.45"
"09-03-2020 15:37","10-03-2020 01:18","09-03-2020 17:15","5.218","2_39_131_30_2020-03-09 15:37:17.829685","2","CA-305","2-39-131-30","9.68","1.63"
"09-03-2020 15:39","09-03-2020 15:56","09-03-2020 15:56","0.67","2_39_128_18_2020-03-09 15:39:17.303807","2","CA-308","2-39-128-18","0.28","0.28"
"09-03-2020 15:41","10-03-2020 01:21","09-03-2020 17:41","11.633","2_39_79_380_2020-03-09 15:41:04.871328","2","CA-489","2-39-79-380","9.67","2"
"09-03-2020 15:47","09-03-2020 23:42","09-03-2020 17:16","4.241","2_39_95_444_2020-03-09 15:47:53.648976","2","CA-497","2-39-95-444","7.92","1.48"
"09-03-2020 15:55","10-03-2020 00:35","09-03-2020 18:05","12.925","2_39_89_25_2020-03-09 15:55:01.584618","2","CA-315","2-39-89-25","8.67","2.17"
"09-03-2020 16:09","10-03-2020 02:19","09-03-2020 17:36","4.624","2_39_125_21_2020-03-09 16:09:20.032173","2","CA-311","2-39-125-21","10.17","1.45"
"09-03-2020 16:32","10-03-2020 01:01","09-03-2020 18:03","3.857","2_39_88_438_2020-03-09 16:32:32.410050","2","CA-502","2-39-88-438","8.48","1.52"
"09-03-2020 16:38","09-03-2020 20:08","09-03-2020 19:24","12.679","2_39_88_24_2020-03-09 16:38:16.588726","2","CA-314","2-39-88-24","3.5","2.77"
"09-03-2020 16:51","10-03-2020 01:16","09-03-2020 18:30","11.007","2_39_78_360_2020-03-09 16:51:28.835296","2","CA-322","2-39-78-360","8.42","1.65"
"09-03-2020 16:56","10-03-2020 02:14","09-03-2020 19:45","17.001","2_39_92_436_2020-03-09 16:56:27.941262","2","CA-318","2-39-92-436","9.3","2.82"
"09-03-2020 17:00","09-03-2020 22:08","09-03-2020 19:25","13.217","2_39_126_20_2020-03-09 17:00:20.832772","2","CA-310","2-39-126-20","5.13","2.42"
"09-03-2020 17:02","09-03-2020 22:42","09-03-2020 18:40","4.466","2_39_90_440_2020-03-09 17:02:58.172757","2","CA-500","2-39-90-440","5.67","1.63"
"09-03-2020 17:06","10-03-2020 01:27","09-03-2020 19:04","6.103","2_39_79_378_2020-03-09 17:06:36.905234","2","CA-326","2-39-79-378","8.35","1.97"
"09-03-2020 17:20","10-03-2020 01:19","09-03-2020 19:40","10.932","2_39_78_365_2020-03-09 17:20:30.790656","2","CA-321","2-39-78-365","7.98","2.33"
"09-03-2020 17:39","09-03-2020 20:48","09-03-2020 19:36","8.577","2_39_79_381_2020-03-09 17:39:21.300829","2","CA-490","2-39-79-381","3.15","1.95"
"09-03-2020 17:44","09-03-2020 18:22","09-03-2020 18:22","4.196","2_39_95_27_2020-03-09 17:44:50.298199","2","CA-319","2-39-95-27","0.63","0.63"
"09-03-2020 17:56","09-03-2020 23:36","09-03-2020 20:31","4.681","2_39_79_377_2020-03-09 17:56:46.117245","2","CA-325","2-39-79-377","5.67","2.58"
"09-03-2020 18:30","10-03-2020 01:48","09-03-2020 20:24","5.773","2_39_89_439_2020-03-09 18:30:54.021409","2","CA-501","2-39-89-439","7.3","1.9"
"09-03-2020 18:49","09-03-2020 20:12","09-03-2020 20:12","9.237","2_39_95_27_2020-03-09 18:49:23.667281","2","CA-319","2-39-95-27","1.38","1.38"
"09-03-2020 20:00","09-03-2020 23:44","09-03-2020 21:02","2.847","2_39_124_22_2020-03-09 20:00:49.776033","2","CA-312","2-39-124-22","3.73","1.03"
"09-03-2020 20:34","09-03-2020 23:53","09-03-2020 22:37","13.155","2_39_91_441_2020-03-09 20:34:29.662995","2","CA-499","2-39-91-441","3.32","2.05"
"09-03-2020 20:36","10-03-2020 02:45","09-03-2020 21:46","2.246","2_39_91_437_2020-03-09 20:36:54.957109","2","CA-317","2-39-91-437","6.15","1.17"
"09-03-2020 20:39","09-03-2020 23:40","09-03-2020 22:50","6.553","2_39_95_27_2020-03-09 20:39:44.491383","2","CA-319","2-39-95-27","3.02","2.18"
"09-03-2020 21:26","10-03-2020 00:10","09-03-2020 23:34","7.03","2_39_123_23_2020-03-09 21:26:32.294892","2","CA-313","2-39-123-23","2.73","2.13"
"10-03-2020 00:50","10-03-2020 07:31","10-03-2020 07:28","43.811","2_39_139_28_2020-03-10 00:50:33.412166","2","CA-303","2-39-139-28","6.68","6.63"
"10-03-2020 01:04","10-03-2020 04:42","10-03-2020 02:43","8.866","2_39_78_367_2020-03-10 01:04:06.486825","2","CA-494","2-39-78-367","3.63","1.65"
"10-03-2020 01:29","10-03-2020 03:48","10-03-2020 02:30","2.804","2_39_88_24_2020-03-10 01:28:49.126740","2","CA-314","2-39-88-24","2.32","1.02"
"10-03-2020 03:44","10-03-2020 04:56","10-03-2020 04:56","4.06","2_39_125_21_2020-03-10 03:44:08.797997","2","CA-311","2-39-125-21","1.2","1.2"
"10-03-2020 04:08","10-03-2020 10:53","10-03-2020 04:50","1.765","2_39_130_31_2020-03-10 04:08:57.873996","2","CA-306","2-39-130-31","6.75","0.7"
"10-03-2020 12:54","10-03-2020 20:53","","5.061","2_39_131_30_2020-03-10 12:54:59.181618","2","CA-305","2-39-131-30","7.98",""
"10-03-2020 14:27","10-03-2020 15:20","","2.833","2_39_127_19_2020-03-10 14:27:54.122422","2","CA-309","2-39-127-19","0.88",""
"10-03-2020 14:50","11-03-2020 00:44","","3.263","2_39_79_382_2020-03-10 14:50:16.497330","2","CA-491","2-39-79-382","9.9",""
"10-03-2020 15:01","10-03-2020 23:10","","4.386","2_39_139_28_2020-03-10 15:01:52.561290","2","CA-303","2-39-139-28","8.15",""
"10-03-2020 15:06","10-03-2020 18:56","","1.103","2_39_79_380_2020-03-10 15:06:03.924135","2","CA-489","2-39-79-380","3.83",""
"10-03-2020 15:23","11-03-2020 00:56","11-03-2020 00:49","1.103","2_39_79_379_2020-03-10 15:23:22.415260","2","CA-327","2-39-79-379","9.55","9.43"
"10-03-2020 15:27","11-03-2020 03:03","11-03-2020 00:49","11.455","2_39_79_377_2020-03-10 15:27:03.529111","2","CA-325","2-39-79-377","11.6","9.37"
"10-03-2020 15:30","10-03-2020 23:22","","5.002","2_39_124_558_2020-03-10 15:30:13.641133","2","CA-504","2-39-124-558","7.87",""
"10-03-2020 15:31","11-03-2020 00:02","","12.276","2_39_78_366_2020-03-10 15:31:26.393479","2","CA-323","2-39-78-366","8.52",""
"10-03-2020 15:45","10-03-2020 20:55","","5.758","2_39_129_17_2020-03-10 15:45:21.332710","2","CA-307","2-39-129-17","5.17",""
"10-03-2020 15:56","11-03-2020 00:07","","0.601","2_39_89_25_2020-03-10 15:56:09.066487","2","CA-315","2-39-89-25","8.18",""
"10-03-2020 15:56","11-03-2020 01:19","11-03-2020 00:49","11.408","2_39_90_440_2020-03-10 15:56:18.414194","2","CA-500","2-39-90-440","9.38","8.88"
"10-03-2020 16:16","11-03-2020 02:15","11-03-2020 00:49","6.409","2_39_127_19_2020-03-10 16:16:01.001034","2","CA-309","2-39-127-19","9.98","8.55"
"10-03-2020 16:25","11-03-2020 00:31","","14.516","2_39_79_376_2020-03-10 16:25:15.278378","2","CA-324","2-39-79-376","8.1",""
"10-03-2020 16:42","11-03-2020 00:57","11-03-2020 00:57","7.893","2_39_78_365_2020-03-10 16:42:55.496658","2","CA-321","2-39-78-365","8.25","8.25"
"10-03-2020 16:49","11-03-2020 03:06","11-03-2020 00:49","1.375","2_39_91_437_2020-03-10 16:49:20.237805","2","CA-317","2-39-91-437","10.28","8"
"10-03-2020 17:05","10-03-2020 19:53","","11.945","2_39_78_360_2020-03-10 17:05:44.570542","2","CA-322","2-39-78-360","2.8",""
"10-03-2020 17:14","11-03-2020 01:09","11-03-2020 00:49","10.78","2_39_95_444_2020-03-10 17:14:15.471226","2","CA-497","2-39-95-444","7.92","7.58"
"10-03-2020 17:15","10-03-2020 23:16","","2.368","2_39_78_364_2020-03-10 17:15:22.955215","2","CA-495","2-39-78-364","6.02",""
"10-03-2020 17:42","10-03-2020 21:46","","4.41","2_39_92_442_2020-03-10 17:42:53.260397","2","CA-498","2-39-92-442","4.07",""
"10-03-2020 18:14","11-03-2020 00:14","","2.235","2_39_125_21_2020-03-10 18:14:43.075359","2","CA-311","2-39-125-21","6",""
"10-03-2020 18:21","11-03-2020 00:11","","10.601","2_39_124_22_2020-03-10 18:21:35.374304","2","CA-312","2-39-124-22","5.83",""
"10-03-2020 20:17","10-03-2020 21:02","","0.955","2_39_126_20_2020-03-10 20:16:56.284313","2","CA-310","2-39-126-20","0.75",""
"10-03-2020 20:50","10-03-2020 23:42","","1.076","2_39_79_381_2020-03-10 20:50:10.803035","2","CA-490","2-39-79-381","2.87",""
"10-03-2020 21:18","11-03-2020 01:23","11-03-2020 00:49","4.918","2_39_88_438_2020-03-10 21:18:39.239130","2","CA-502","2-39-88-438","4.08","3.52"
"11-03-2020 00:17","11-03-2020 01:40","11-03-2020 01:40","4.54","2_39_130_31_2020-03-11 00:17:51.003635","2","CA-306","2-39-130-31","1.38","1.38"
"11-03-2020 03:23","11-03-2020 04:45","11-03-2020 04:45","4.487","2_39_139_28_2020-03-11 03:23:11.033605","2","CA-303","2-39-139-28","1.37","1.37"
"11-03-2020 14:53","11-03-2020 23:05","11-03-2020 16:24","3.953","2_39_79_382_2020-03-11 14:53:57.898101","2","CA-491","2-39-79-382","8.2","1.52"
"11-03-2020 15:04","11-03-2020 15:12","11-03-2020 15:12","0.777","2_39_78_366_2020-03-11 15:04:17.021151","2","CA-323","2-39-78-366","0.13","0.13"
"11-03-2020 15:29","12-03-2020 01:37","11-03-2020 17:29","5.745480278","2_39_130_31_2020-03-11 15:29:18.995862","2","CA-306","2-39-130-31","10.13","2"
"11-03-2020 15:30","11-03-2020 16:10","11-03-2020 16:09","0.964941756","2_39_78_366_2020-03-11 15:30:21.437009","2","CA-323","2-39-78-366","0.67","0.65"
"11-03-2020 15:40","12-03-2020 00:56","12-03-2020 00:54","4.041","2_39_126_560_2020-03-11 15:40:14.729663","2","CA-506","2-39-126-560","9.27","9.23"
"11-03-2020 15:45","12-03-2020 03:23","11-03-2020 17:32","4.56","2_39_129_17_2020-03-11 15:45:16.937391","2","CA-307","2-39-129-17","11.63","1.78"
"11-03-2020 15:46","12-03-2020 00:25","12-03-2020 00:25","8.185","2_39_78_365_2020-03-11 15:46:57.108818","2","CA-321","2-39-78-365","8.65","8.65"
"11-03-2020 15:50","11-03-2020 18:50","11-03-2020 18:40","1.041","2_39_79_380_2020-03-11 15:50:12.083509","2","CA-489","2-39-79-380","3","2.83"
"11-03-2020 15:50","12-03-2020 02:20","11-03-2020 17:38","4.752","2_39_126_20_2020-03-11 15:50:18.586922","2","CA-310","2-39-126-20","10.5","1.8"
"11-03-2020 16:02","12-03-2020 02:45","11-03-2020 19:38","11.562","2_39_78_361_2020-03-11 16:02:53.457899","2","CA-493","2-39-78-361","10.72","3.6"
"11-03-2020 16:06","12-03-2020 01:11","11-03-2020 18:53","16.475","2_39_95_27_2020-03-11 16:06:39.404436","2","CA-319","2-39-95-27","9.08","2.78"
"11-03-2020 16:07","11-03-2020 23:32","11-03-2020 17:39","8.25","2_39_91_437_2020-03-11 16:07:05.132494","2","CA-317","2-39-91-437","7.42","1.53"
"11-03-2020 16:08","11-03-2020 23:31","11-03-2020 22:49","1.134","2_39_125_21_2020-03-11 16:08:16.079121","2","CA-311","2-39-125-21","7.38","6.68"
"11-03-2020 16:26","12-03-2020 04:29","11-03-2020 17:37","2.111","2_39_92_436_2020-03-11 16:26:48.989511","2","CA-318","2-39-92-436","12.05","1.18"
"11-03-2020 16:26","11-03-2020 21:01","11-03-2020 20:40","1.009","2_39_78_366_2020-03-11 16:26:50.482843","2","CA-323","2-39-78-366","4.58","4.23"
"11-03-2020 16:30","12-03-2020 00:09","11-03-2020 22:45","8.153","2_39_89_25_2020-03-11 16:30:13.447363","2","CA-315","2-39-89-25","7.65","6.25"
"11-03-2020 17:11","12-03-2020 02:15","11-03-2020 21:19","11.821","2_39_78_363_2020-03-11 17:11:29.989512","2","CA-320","2-39-78-363","9.07","4.13"
"11-03-2020 17:25","12-03-2020 02:07","12-03-2020 02:08","43.915","2_39_78_362_2020-03-11 17:25:41.469074","2","CA-496","2-39-78-362","8.7","8.72"
"11-03-2020 18:31","12-03-2020 01:10","11-03-2020 19:31","2.592","2_39_127_19_2020-03-11 18:31:16.333147","2","CA-309","2-39-127-19","6.65","1"
"11-03-2020 18:31","12-03-2020 00:15","11-03-2020 19:21","2.039","2_39_123_23_2020-03-11 18:31:43.888626","2","CA-313","2-39-123-23","5.73","0.83"
"11-03-2020 20:10","12-03-2020 02:17","11-03-2020 22:12","6.531","2_39_90_26_2020-03-11 20:10:12.680511","2","CA-316","2-39-90-26","6.12","2.03"
"11-03-2020 20:25","12-03-2020 04:11","11-03-2020 22:44","9.021","2_39_79_383_2020-03-11 20:25:17.302310","2","CA-492","2-39-79-383","7.77","2.32"
"11-03-2020 20:27","11-03-2020 23:28","11-03-2020 23:24","0.986","2_39_79_380_2020-03-11 20:27:09.357144","2","CA-489","2-39-79-380","3.02","2.95"
"11-03-2020 20:35","11-03-2020 23:53","11-03-2020 23:39","1.063","2_39_83_387_2020-03-11 20:35:46.025135","2","CA-149","2-39-83-387","3.3","3.07"
"11-03-2020 22:26","12-03-2020 02:27","12-03-2020 00:39","6.374","2_39_78_360_2020-03-11 22:26:48.481777","2","CA-322","2-39-78-360","4.02","2.22"
"12-03-2020 00:33","12-03-2020 01:31","12-03-2020 01:31","5.99","2_39_79_382_2020-03-12 00:33:32.609501","2","CA-491","2-39-79-382","0.97","0.97"
"12-03-2020 03:30","12-03-2020 04:03","12-03-2020 04:03","1.153","2_39_139_28_2020-03-12 03:30:08.549107","2","CA-303","2-39-139-28","0.55","0.55"
"12-03-2020 14:27","13-03-2020 00:41","12-03-2020 20:35","32.711","2_39_78_365_2020-03-12 14:27:29.395243","2","CA-321","2-39-78-365","10.23","6.13"
"12-03-2020 14:42","13-03-2020 00:29","12-03-2020 16:03","2.941","2_39_79_382_2020-03-12 14:42:57.549555","2","CA-491","2-39-79-382","9.78","1.35"
"12-03-2020 14:53","13-03-2020 00:24","12-03-2020 16:10","4.104","2_39_92_442_2020-03-12 14:53:19.573922","2","CA-498","2-39-92-442","9.52","1.28"
"12-03-2020 15:30","13-03-2020 02:07","12-03-2020 17:25","7.453294504","2_39_78_363_2020-03-12 15:30:37.856093","2","CA-320","2-39-78-363","10.62","1.92"
"12-03-2020 15:35","13-03-2020 00:04","12-03-2020 23:59","1.141","2_39_79_379_2020-03-12 15:35:11.534196","2","CA-327","2-39-79-379","8.48","8.4"
"12-03-2020 15:40","13-03-2020 00:13","12-03-2020 16:47","6.097","2_39_89_25_2020-03-12 15:40:12.696183","2","CA-315","2-39-89-25","8.55","1.12"
"12-03-2020 15:40","12-03-2020 20:16","12-03-2020 17:24","5.242","2_39_139_28_2020-03-12 15:40:40.125156","2","CA-303","2-39-139-28","4.6","1.73"
"12-03-2020 15:41","12-03-2020 23:18","12-03-2020 17:53","1.136","2_39_78_364_2020-03-12 15:41:32.620928","2","CA-495","2-39-78-364","7.62","2.2"
"12-03-2020 15:45","12-03-2020 19:38","12-03-2020 19:17","7.916","2_39_79_381_2020-03-12 15:45:12.617250","2","CA-490","2-39-79-381","3.88","3.53"
"12-03-2020 16:11","13-03-2020 02:45","12-03-2020 17:20","2.253","2_39_95_27_2020-03-12 16:11:07.767308","2","CA-319","2-39-95-27","10.57","1.15"
"12-03-2020 16:40","13-03-2020 00:01","12-03-2020 18:55","10.312","2_39_79_377_2020-03-12 16:40:34.203491","2","CA-325","2-39-79-377","7.35","2.25"
"12-03-2020 16:48","13-03-2020 01:13","13-03-2020 00:54","3.627","2_39_123_23_2020-03-12 16:48:56.132744","2","CA-313","2-39-123-23","8.42","8.1"
"12-03-2020 16:50","13-03-2020 00:45","12-03-2020 18:59","5.997","2_39_79_383_2020-03-12 16:50:18.744404","2","CA-492","2-39-79-383","7.92","2.15"
"12-03-2020 17:15","13-03-2020 00:48","12-03-2020 19:37","9.759132778","2_39_79_376_2020-03-12 17:15:33.189234","2","CA-324","2-39-79-376","7.55","2.37"
"12-03-2020 17:19","13-03-2020 01:11","13-03-2020 00:15","1.134","2_39_127_19_2020-03-12 17:19:04.132167","2","CA-309","2-39-127-19","7.87","6.93"
"12-03-2020 17:42","12-03-2020 18:37","12-03-2020 18:33","1.130628734","2_39_78_366_2020-03-12 17:42:53.075069","2","CA-323","2-39-78-366","0.92","0.85"
"12-03-2020 17:47","12-03-2020 20:17","12-03-2020 20:14","0.92","2_39_79_380_2020-03-12 17:47:25.065352","2","CA-489","2-39-79-380","2.5","2.45"
"12-03-2020 18:05","12-03-2020 22:55","12-03-2020 22:54","12.443","2_39_91_437_2020-03-12 18:05:14.606067","2","CA-317","2-39-91-437","4.83","4.82"
"12-03-2020 18:06","12-03-2020 20:52","12-03-2020 20:05","11.596","2_39_91_441_2020-03-12 18:06:52.313654","2","CA-499","2-39-91-441","2.77","1.98"
"12-03-2020 18:51","12-03-2020 20:10","12-03-2020 19:20","0.608","2_39_78_366_2020-03-12 18:51:19.117548","2","CA-323","2-39-78-366","1.32","0.48"
"12-03-2020 19:50","13-03-2020 01:21","12-03-2020 21:01","3.855","2_39_125_21_2020-03-12 19:49:46.261295","2","CA-311","2-39-125-21","5.52","1.18"
"12-03-2020 20:18","13-03-2020 00:48","12-03-2020 22:31","6.491","2_39_78_360_2020-03-12 20:18:58.928494","2","CA-322","2-39-78-360","4.5","2.22"
"12-03-2020 20:20","13-03-2020 00:22","12-03-2020 20:20","0.773461768","2_39_78_366_2020-03-12 20:20:14.592808","2","CA-323","2-39-78-366","4.03","0"
"12-03-2020 23:50","13-03-2020 02:14","13-03-2020 01:45","4.212","2_39_138_29_2020-03-12 23:50:19.842441","2","CA-304","2-39-138-29","2.4","1.92"
"13-03-2020 03:15","13-03-2020 05:38","13-03-2020 05:38","13.896","2_39_130_31_2020-03-13 03:15:27.913856","2","CA-306","2-39-130-31","2.38","2.38"
"13-03-2020 03:22","13-03-2020 04:47","13-03-2020 04:47","4.649","2_39_139_28_2020-03-13 03:22:42.261524","2","CA-303","2-39-139-28","1.42","1.42"
"13-03-2020 15:34","14-03-2020 01:17","13-03-2020 15:58","1.473","2_39_79_379_2020-03-13 15:34:24.183289","2","CA-327","2-39-79-379","9.72","0.4"
"13-03-2020 16:39","14-03-2020 01:19","13-03-2020 18:18","9.844","2_39_79_381_2020-03-13 16:39:53.605370","2","CA-490","2-39-79-381","8.67","1.65"
"13-03-2020 17:06","13-03-2020 21:22","13-03-2020 19:03","5.95","2_39_138_29_2020-03-13 17:06:45.690006","2","CA-304","2-39-138-29","4.27","1.95"
"13-03-2020 17:10","14-03-2020 00:32","13-03-2020 18:49","10.699","2_39_91_437_2020-03-13 17:10:50.573361","2","CA-317","2-39-91-437","7.37","1.65"
"13-03-2020 17:41","13-03-2020 19:50","13-03-2020 18:12","0.718","2_39_78_366_2020-03-13 17:41:52.824287","2","CA-323","2-39-78-366","2.15","0.52"
"13-03-2020 18:08","13-03-2020 22:37","13-03-2020 20:00","11.79","2_39_78_363_2020-03-13 18:08:54.034304","2","CA-320","2-39-78-363","4.48","1.87"
"13-03-2020 21:52","14-03-2020 01:34","13-03-2020 23:57","6.371","2_39_123_23_2020-03-13 21:52:13.668237","2","CA-313","2-39-123-23","3.7","2.08"
"13-03-2020 22:23","13-03-2020 23:15","13-03-2020 23:04","1.746","2_39_138_29_2020-03-13 22:23:00.230187","2","CA-304","2-39-138-29","0.87","0.68"
"14-03-2020 00:35","14-03-2020 01:36","14-03-2020 01:36","3.277","2_39_139_28_2020-03-14 00:35:56.114144","2","CA-303","2-39-139-28","1.02","1.02"
"14-03-2020 02:59","14-03-2020 05:28","14-03-2020 05:05","14.172","2_39_139_28_2020-03-14 02:59:38.237351","2","CA-303","2-39-139-28","2.48","2.1"
"14-03-2020 03:29","14-03-2020 04:30","14-03-2020 04:30","3.493","2_39_125_21_2020-03-14 03:29:14.820199","2","CA-311","2-39-125-21","1.02","1.02"
"14-03-2020 22:10","15-03-2020 00:03","14-03-2020 23:39","4.421","2_39_127_19_2020-03-14 22:10:08.782212","2","CA-309","2-39-127-19","1.88","1.48"
"14-03-2020 23:26","15-03-2020 01:01","14-03-2020 23:56","0.83","2_39_131_30_2020-03-14 23:26:22.302223","2","CA-305","2-39-131-30","1.58","0.5"
"15-03-2020 00:57","15-03-2020 02:04","15-03-2020 02:04","3.868","2_39_129_17_2020-03-15 00:57:31.406861","2","CA-307","2-39-129-17","1.12","1.12"
"15-03-2020 05:58","15-03-2020 18:17","15-03-2020 10:24","29.647","2_39_90_440_2020-03-15 05:58:50.402351","2","CA-500","2-39-90-440","12.32","4.43"
"15-03-2020 17:34","15-03-2020 20:17","15-03-2020 20:17","18.497","2_39_139_28_2020-03-15 17:34:43.180074","2","CA-303","2-39-139-28","2.72","2.72"
"15-03-2020 18:02","16-03-2020 00:47","15-03-2020 19:53","4.667025","2_39_79_382_2020-03-15 18:02:46.014296","2","CA-491","2-39-79-382","6.75","1.85"
"15-03-2020 18:12","17-03-2020 02:29","16-03-2020 02:01","51.337","2_39_131_30_2020-03-15 18:12:10.513452","2","CA-305","2-39-131-30","32.28","7.82"
"15-03-2020 19:18","16-03-2020 18:35","15-03-2020 23:01","13.097","2_39_79_383_2020-03-15 19:18:57.606977","2","CA-492","2-39-79-383","23.28","3.72"
"15-03-2020 19:36","15-03-2020 21:35","15-03-2020 21:35","9.595","2_39_129_17_2020-03-15 19:36:14.399346","2","CA-307","2-39-129-17","1.98","1.98"
"15-03-2020 20:16","15-03-2020 22:16","15-03-2020 22:16","6.368","2_39_138_29_2020-03-15 20:16:54.513638","2","CA-304","2-39-138-29","2","2"
"15-03-2020 22:16","16-03-2020 06:02","16-03-2020 03:50","35.177","2_39_139_28_2020-03-15 22:16:28.974490","2","CA-303","2-39-139-28","7.77","5.57"
"15-03-2020 22:38","16-03-2020 00:35","15-03-2020 23:23","1.736","2_39_125_21_2020-03-15 22:38:25.990052","2","CA-311","2-39-125-21","1.95","0.75"
"16-03-2020 00:33","16-03-2020 01:12","16-03-2020 01:12","2.073","2_39_129_17_2020-03-16 00:33:03.447051","2","CA-307","2-39-129-17","0.65","0.65"
"16-03-2020 07:51","16-03-2020 22:12","16-03-2020 15:31","51.237","2_39_139_28_2020-03-16 07:51:17.415039","2","CA-303","2-39-139-28","14.35","7.67"
"16-03-2020 14:16","16-03-2020 16:48","16-03-2020 16:48","16.202","2_39_91_437_2020-03-16 14:16:18.448509","2","CA-317","2-39-91-437","2.53","2.53"
"16-03-2020 14:36","16-03-2020 23:20","16-03-2020 15:55","2.534","2_39_79_382_2020-03-16 14:36:39.302719","2","CA-491","2-39-79-382","8.73","1.32"
"16-03-2020 15:38","17-03-2020 02:23","16-03-2020 17:27","5.773","2_39_127_19_2020-03-16 15:38:51.074496","2","CA-309","2-39-127-19","10.75","1.82"
"16-03-2020 16:57","16-03-2020 17:38","16-03-2020 17:38","4.375","2_39_138_29_2020-03-16 16:57:07.150208","2","CA-304","2-39-138-29","0.68","0.68"
"16-03-2020 18:34","17-03-2020 02:48","16-03-2020 20:33","6.356","2_39_79_379_2020-03-16 18:34:40.156290","2","CA-327","2-39-79-379","8.23","1.98"
"16-03-2020 20:39","16-03-2020 23:43","16-03-2020 22:10","4.575","2_39_90_440_2020-03-16 20:39:59.137292","2","CA-500","2-39-90-440","3.07","1.52"
"16-03-2020 21:00","17-03-2020 22:12","16-03-2020 22:24","2.741","2_39_130_31_2020-03-16 20:59:58.196898","2","CA-306","2-39-130-31","25.2","1.4"
"17-03-2020 14:26","17-03-2020 22:51","17-03-2020 17:07","7.929","2_39_79_382_2020-03-17 14:26:23.895078","2","CA-491","2-39-79-382","8.42","2.68"
"17-03-2020 17:49","18-03-2020 02:05","17-03-2020 19:42","5.742","2_39_88_24_2020-03-17 17:49:53.953275","2","CA-314","2-39-88-24","8.27","1.88"
"17-03-2020 19:19","18-03-2020 01:13","17-03-2020 21:17","13.311","2_39_79_377_2020-03-17 19:19:22.745427","2","CA-325","2-39-79-377","5.9","1.97"
"18-03-2020 01:34","18-03-2020 03:06","18-03-2020 03:06","9.841","2_39_128_18_2020-03-18 01:34:37.811281","2","CA-308","2-39-128-18","1.53","1.53"
"18-03-2020 16:32","18-03-2020 18:29","18-03-2020 17:04","0.886","2_39_79_379_2020-03-18 16:32:32.806216","2","CA-327","2-39-79-379","1.95","0.53"
"18-03-2020 20:34","18-03-2020 22:30","18-03-2020 22:12","9.891","2_39_139_28_2020-03-18 20:34:06.874585","2","CA-303","2-39-139-28","1.93","1.63"
"18-03-2020 20:57","18-03-2020 22:03","18-03-2020 22:03","7.043","2_39_131_30_2020-03-18 20:57:56.235520","2","CA-305","2-39-131-30","1.1","1.1"
"19-03-2020 02:15","19-03-2020 04:15","19-03-2020 04:15","9.133","2_39_126_20_2020-03-19 02:15:45.743569","2","CA-310","2-39-126-20","2","2"
"19-03-2020 13:35","19-03-2020 17:03","19-03-2020 17:03","23.089","2_39_92_436_2020-03-19 13:35:59.192163","2","CA-318","2-39-92-436","3.47","3.47"
"19-03-2020 18:27","20-03-2020 02:34","19-03-2020 20:07","4.944","2_39_128_18_2020-03-19 18:27:10.661130","2","CA-308","2-39-128-18","8.12","1.67"
"19-03-2020 19:38","19-03-2020 20:05","19-03-2020 20:05","1.521","2_39_89_25_2020-03-19 19:38:13.711821","2","CA-315","2-39-89-25","0.45","0.45"
"22-03-2020 13:31","22-03-2020 19:44","22-03-2020 17:05","23.796","2_39_79_376_2020-03-22 13:31:15.554413","2","CA-324","2-39-79-376","6.22","3.57"
"22-03-2020 19:02","22-03-2020 20:15","22-03-2020 20:15","7.799","2_39_91_437_2020-03-22 18:47:54.657049","2","CA-317","2-39-91-437","1.22","1.22"
"22-03-2020 21:38","23-03-2020 01:21","22-03-2020 23:33","5.82","2_39_79_383_2020-03-22 21:38:59.221748","2","CA-492","2-39-79-383","3.72","1.92"
"24-03-2020 03:39","24-03-2020 05:22","24-03-2020 05:22","10.221","2_39_131_30_2020-03-24 03:39:52.539395","2","CA-305","2-39-131-30","1.72","1.72"
"24-03-2020 17:16","24-03-2020 17:47","24-03-2020 17:48","0.813","2_39_127_19_2020-03-24 17:16:12.124584","2","CA-309","2-39-127-19","0.52","0.53"
"24-03-2020 17:47","25-03-2020 00:49","25-03-2020 00:48","0.838","2_39_127_19_2020-03-24 17:47:55.473889","2","CA-309","2-39-127-19","7.03","7.02"
"25-03-2020 23:08","25-03-2020 23:38","25-03-2020 23:37","0.798","2_39_125_21_2020-03-25 23:08:33.642916","2","CA-311","2-39-125-21","0.5","0.48"
"27-03-2020 15:34","28-03-2020 01:41","27-03-2020 17:37","6.47","2_39_123_23_2020-03-27 15:33:58.449870","2","CA-313","2-39-123-23","10.12","2.05"
"29-03-2020 00:40","29-03-2020 14:43","29-03-2020 01:29","33.191","2_39_79_376_2020-03-29 00:40:26.203243","2","CA-324","2-39-79-376","14.05","0.82"
"29-03-2020 01:49","30-03-2020 02:59","","32.873","2_39_129_17_2020-03-29 01:49:12.401152","2","CA-307","2-39-129-17","25.17",""
"29-03-2020 23:38","30-03-2020 04:46","","34.148","2_39_138_29_2020-03-29 23:38:41.993510","2","CA-304","2-39-138-29","5.13",""
"31-03-2020 17:17","01-04-2020 01:21","31-03-2020 18:30","3.52","2_39_129_17_2020-03-31 17:16:52.272815","2","CA-307","2-39-129-17","8.07","1.22"
"02-04-2020 16:30","02-04-2020 19:15","","0.87","2_39_82_384_2020-04-02 16:30:42.723728","2","CA-213","2-39-82-384","2.75",""
"03-04-2020 23:50","04-04-2020 08:25","","46.465","2_39_139_28_2020-04-03 23:50:52.158887","2","CA-303","2-39-139-28","8.58",""
"05-04-2020 03:21","05-04-2020 23:35","05-04-2020 08:05","31.316","2_39_79_377_2020-04-05 03:21:58.639876","2","CA-325","2-39-79-377","20.23","4.73"
"05-04-2020 18:29","06-04-2020 02:56","05-04-2020 20:18","5.583","2_39_129_17_2020-04-05 18:29:33.554565","2","CA-307","2-39-129-17","8.45","1.82"
"07-04-2020 15:24","07-04-2020 19:48","07-04-2020 19:48","0.851","2_39_83_386_2020-04-07 15:24:37.666422","2","CA-212","2-39-83-386","4.4","4.4"
"10-04-2020 16:55","10-04-2020 22:07","10-04-2020 17:35","1.661","2_39_89_25_2020-04-10 16:55:49.617955","2","CA-315","2-39-89-25","5.2","0.67"
"10-04-2020 17:48","11-04-2020 01:17","10-04-2020 19:21","4.591","2_39_130_31_2020-04-10 17:48:09.817964","2","CA-306","2-39-130-31","7.48","1.55"
"11-04-2020 14:00","11-04-2020 18:46","11-04-2020 18:45","32.568","2_39_79_378_2020-04-11 14:00:46.298459","2","CA-326","2-39-79-378","4.77","4.75"
"12-04-2020 17:03","13-04-2020 00:22","12-04-2020 22:04","33.358","2_39_139_28_2020-04-12 17:03:14.295012","2","CA-303","2-39-139-28","7.32","5.02"
"13-04-2020 23:16","14-04-2020 02:52","14-04-2020 01:47","15.558","2_39_131_30_2020-04-13 23:16:56.451356","2","CA-305","2-39-131-30","3.6","2.52"
"14-04-2020 16:06","14-04-2020 19:23","14-04-2020 17:32","4.33","2_39_89_25_2020-04-14 16:06:34.728568","2","CA-315","2-39-89-25","3.28","1.43"
"18-04-2020 22:09","19-04-2020 04:13","19-04-2020 02:39","30.699","2_39_139_28_2020-04-18 22:09:12.813602","2","CA-303","2-39-139-28","6.07","4.5"
"19-04-2020 02:38","19-04-2020 03:14","19-04-2020 03:08","0.879","2_39_126_20_2020-04-19 02:38:22.498018","2","CA-310","2-39-126-20","0.6","0.5"
"21-04-2020 18:21","22-04-2020 01:28","21-04-2020 20:25","6.395","2_39_129_17_2020-04-21 18:21:37.335284","2","CA-307","2-39-129-17","7.12","2.07"
"23-04-2020 16:42","23-04-2020 19:13","23-04-2020 18:01","3.916","2_39_89_25_2020-04-23 16:42:16.899095","2","CA-315","2-39-89-25","2.52","1.32"
"24-04-2020 04:07","24-04-2020 04:39","24-04-2020 04:38","0.858","2_39_126_560_2020-04-24 04:07:49.343785","2","CA-506","2-39-126-560","0.53","0.52"
"24-04-2020 04:41","24-04-2020 05:13","24-04-2020 05:11","0.867","2_39_78_366_2020-04-24 04:41:06.408706","2","CA-323","2-39-78-366","0.53","0.5"
"25-04-2020 17:58","25-04-2020 20:59","25-04-2020 19:53","5.875","2_39_95_27_2020-04-25 17:58:35.199368","2","CA-319","2-39-95-27","3.02","1.92"
"26-04-2020 19:23","27-04-2020 02:21","26-04-2020 23:44","28.203","2_39_139_28_2020-04-26 19:23:05.658322","2","CA-303","2-39-139-28","6.97","4.35"
"26-04-2020 19:24","26-04-2020 20:06","26-04-2020 19:55","0.626981667","2_39_123_23_2020-04-26 19:24:35.179924","2","CA-313","2-39-123-23","0.7","0.52"
"26-04-2020 20:58","26-04-2020 22:12","26-04-2020 22:04","0.84","2_39_138_566_2020-04-26 20:58:39.413424","2","CA-512","2-39-138-566","1.23","1.1"
"27-04-2020 00:11","27-04-2020 00:33","27-04-2020 00:33","0.633","2_39_95_27_2020-04-27 00:11:22.776889","2","CA-319","2-39-95-27","0.37","0.37"
"27-04-2020 04:29","27-04-2020 19:55","27-04-2020 08:39","25.152","2_39_131_30_2020-04-27 04:29:38.295181","2","CA-305","2-39-131-30","15.43","4.17"
"29-04-2020 12:09","29-04-2020 12:45","29-04-2020 12:39","0.853","2_39_79_379_2020-04-29 12:09:08.522836","2","CA-327","2-39-79-379","0.6","0.5"
"05-05-2020 02:08","05-05-2020 02:20","05-05-2020 02:19","1.285","2_39_130_31_2020-05-05 02:08:13.056892","2","CA-306","2-39-130-31","0.2","0.18"
"09-05-2020 18:13","09-05-2020 18:51","09-05-2020 18:43","0.86","2_39_95_27_2020-05-09 18:13:01.694696","2","CA-319","2-39-95-27","0.63","0.5"
"10-05-2020 20:02","11-05-2020 02:26","11-05-2020 01:57","38.275","2_39_139_28_2020-05-10 20:02:34.627558","2","CA-303","2-39-139-28","6.4","5.92"
"11-05-2020 01:36","11-05-2020 17:34","11-05-2020 07:06","35.197","2_39_131_30_2020-05-11 01:36:18.763379","2","CA-305","2-39-131-30","15.97","5.5"
"11-05-2020 20:58","11-05-2020 23:06","11-05-2020 21:28","0.825","2_39_89_25_2020-05-11 20:58:05.848503","2","CA-315","2-39-89-25","2.13","0.5"
"13-05-2020 17:10","13-05-2020 19:21","13-05-2020 19:21","14.939","2_39_127_19_2020-05-13 17:10:07.807386","2","CA-309","2-39-127-19","2.18","2.18"
"16-05-2020 17:11","17-05-2020 03:11","17-05-2020 00:49","48.878","2_39_131_30_2020-05-16 17:11:22.543804","2","CA-305","2-39-131-30","10","7.63"
"17-05-2020 04:03","17-05-2020 06:00","","5.864","2_39_79_383_2020-05-17 04:03:58.575434","2","CA-492","2-39-79-383","1.95",""
"17-05-2020 13:19","17-05-2020 16:14","","19.69","2_39_138_29_2020-05-17 13:19:26.959103","2","CA-304","2-39-138-29","2.92",""
"18-05-2020 21:52","18-05-2020 22:52","","0.901","2_39_83_386_2020-05-18 21:52:34.010715","2","CA-212","2-39-83-386","1",""
"19-05-2020 20:06","19-05-2020 23:40","","1.101","2_39_89_25_2020-05-19 20:06:36.742562","2","CA-315","2-39-89-25","3.57",""
"19-05-2020 21:29","19-05-2020 22:24","","0.901","2_39_139_28_2020-05-19 21:29:27.522554","2","CA-303","2-39-139-28","0.92",""
"20-05-2020 19:08","21-05-2020 04:12","","6.254","2_39_131_30_2020-05-20 19:08:37.787386","2","CA-305","2-39-131-30","9.07",""
"26-05-2020 20:06","26-05-2020 22:37","26-05-2020 22:38","0.82","2_39_139_28_2020-05-26 20:06:06.399729","2","CA-303","2-39-139-28","2.52","2.53"
"26-05-2020 22:37","26-05-2020 22:47","26-05-2020 22:47","0.544","2_39_139_28_2020-05-26 22:37:29.854698","2","CA-303","2-39-139-28","0.17","0.17"
"27-05-2020 16:22","27-05-2020 19:13","27-05-2020 19:13","19.086","2_39_139_28_2020-05-27 16:22:31.700830","2","CA-303","2-39-139-28","2.85","2.85"
"29-05-2020 16:50","29-05-2020 17:01","","0.591","2_39_123_23_2020-05-29 16:50:03.428272","2","CA-313","2-39-123-23","0.18",""
"01-06-2020 19:52","01-06-2020 22:59","","6.202","2_39_131_30_2020-06-01 19:52:31.469281","2","CA-305","2-39-131-30","3.12",""
"03-06-2020 19:31","04-06-2020 01:05","","36.333","2_39_79_378_2020-06-03 19:31:58.335579","2","CA-326","2-39-79-378","5.57",""
"04-06-2020 03:10","04-06-2020 23:17","","36.584","2_39_138_29_2020-06-04 03:10:04.130797","2","CA-304","2-39-138-29","20.12",""
"04-06-2020 15:35","04-06-2020 19:11","","19.641","2_39_129_17_2020-06-04 15:35:19.416716","2","CA-307","2-39-129-17","3.6",""
"05-06-2020 00:59","05-06-2020 01:23","","1.247","2_39_125_21_2020-06-05 00:59:56.183545","2","CA-311","2-39-125-21","0.4",""
"07-06-2020 03:57","07-06-2020 15:07","07-06-2020 08:36","30.234","2_39_138_29_2020-06-07 03:57:57.631474","2","CA-304","2-39-138-29","11.17","4.65"
"08-06-2020 01:03","08-06-2020 01:42","08-06-2020 01:33","0.814","2_39_139_28_2020-06-08 01:03:23.719066","2","CA-303","2-39-139-28","0.65","0.5"
"08-06-2020 16:11","08-06-2020 21:58","08-06-2020 21:42","37.505","2_39_79_377_2020-06-08 16:11:08.435856","2","CA-325","2-39-79-377","5.78","5.52"
"08-06-2020 16:47","09-06-2020 01:53","08-06-2020 20:20","12.146","2_39_79_382_2020-06-08 16:47:28.606245","2","CA-491","2-39-79-382","9.1","3.55"
"09-06-2020 16:24","09-06-2020 20:28","09-06-2020 20:27","14.06","2_39_79_382_2020-06-09 16:24:21.244900","2","CA-491","2-39-79-382","4.07","4.05"
"11-06-2020 20:17","12-06-2020 03:42","12-06-2020 03:39","2.494","2_39_78_365_2020-06-11 20:17:59.169246","2","CA-321","2-39-78-365","7.42","7.37"
"12-06-2020 14:50","12-06-2020 15:00","12-06-2020 15:00","0.51","2_39_125_21_2020-06-12 14:50:16.823511","2","CA-311","2-39-125-21","0.17","0.17"
"12-06-2020 21:13","12-06-2020 21:57","12-06-2020 21:56","2.32","2_39_131_30_2020-06-12 21:13:14.362038","2","CA-305","2-39-131-30","0.73","0.72"
"13-06-2020 19:17","14-06-2020 01:38","14-06-2020 00:41","35.548","2_39_130_31_2020-06-13 19:17:35.488303","2","CA-306","2-39-130-31","6.35","5.4"
"14-06-2020 03:14","14-06-2020 13:35","14-06-2020 05:55","17.283","2_39_139_28_2020-06-14 03:14:06.864489","2","CA-303","2-39-139-28","10.35","2.68"
"17-06-2020 19:42","18-06-2020 04:19","17-06-2020 21:31","6.35","2_39_89_439_2020-06-17 19:42:03.834998","2","CA-501","2-39-89-439","8.62","1.82"
"18-06-2020 01:38","18-06-2020 18:50","18-06-2020 09:40","52.368","2_39_129_17_2020-06-18 01:38:18.424678","2","CA-307","2-39-129-17","17.2","8.03"
"18-06-2020 16:27","18-06-2020 22:05","18-06-2020 18:07","5.94","2_39_91_441_2020-06-18 16:27:09.395597","2","CA-499","2-39-91-441","5.63","1.67"
"18-06-2020 16:29","18-06-2020 18:54","18-06-2020 18:54","13.974","2_39_138_29_2020-06-18 16:29:44.146455","2","CA-304","2-39-138-29","2.42","2.42"
"18-06-2020 23:21","19-06-2020 00:32","18-06-2020 23:50","1.112","2_39_89_25_2020-06-18 23:21:35.692705","2","CA-315","2-39-89-25","1.18","0.48"
"19-06-2020 14:46","19-06-2020 15:45","19-06-2020 15:45","3.308","2_39_127_19_2020-06-19 14:46:22.542546","2","CA-309","2-39-127-19","0.98","0.98"
"19-06-2020 20:52","19-06-2020 21:34","19-06-2020 21:35","0.577958333","2_39_130_31_2020-06-19 20:52:06.215477","2","CA-306","2-39-130-31","0.7","0.72"
"20-06-2020 03:10","20-06-2020 06:12","20-06-2020 05:13","6.353","2_39_129_17_2020-06-20 03:10:34.013502","2","CA-307","2-39-129-17","3.03","2.05"
"20-06-2020 21:54","20-06-2020 23:30","20-06-2020 23:30","10.62","2_39_131_30_2020-06-20 21:54:21.994356","2","CA-305","2-39-131-30","1.6","1.6"
"21-06-2020 00:48","21-06-2020 04:47","21-06-2020 04:47","26.947","2_39_138_29_2020-06-21 00:48:58.290178","2","CA-304","2-39-138-29","3.98","3.98"
"21-06-2020 23:31","22-06-2020 00:09","22-06-2020 00:08","1.335","2_39_139_28_2020-06-21 23:31:43.411738","2","CA-303","2-39-139-28","0.63","0.62"
"22-06-2020 14:13","22-06-2020 14:47","22-06-2020 14:47","3.72","2_39_131_30_2020-06-22 14:13:18.549771","2","CA-305","2-39-131-30","0.57","0.57"
"22-06-2020 15:35","22-06-2020 16:35","22-06-2020 16:31","2.807","2_39_125_21_2020-06-22 15:35:34.946766","2","CA-311","2-39-125-21","1","0.93"
"25-06-2020 18:13","25-06-2020 21:12","25-06-2020 20:01","6.369","2_39_92_436_2020-06-25 18:13:15.910609","2","CA-318","2-39-92-436","2.98","1.8"
"25-06-2020 21:08","25-06-2020 22:00","25-06-2020 22:00","2.911","2_39_126_20_2020-06-25 21:08:24.102234","2","CA-310","2-39-126-20","0.87","0.87"
"26-06-2020 15:42","26-06-2020 16:26","26-06-2020 16:26","2.404","2_39_125_21_2020-06-26 15:42:23.230807","2","CA-311","2-39-125-21","0.73","0.73"
"26-06-2020 16:18","26-06-2020 16:44","26-06-2020 16:44","1.182","2_39_89_25_2020-06-26 16:18:14.739879","2","CA-315","2-39-89-25","0.43","0.43"
"26-06-2020 17:29","27-06-2020 04:09","27-06-2020 04:09","13.31","2_39_89_25_2020-06-26 17:29:38.394628","2","CA-315","2-39-89-25","10.67","10.67"
"27-06-2020 23:52","28-06-2020 00:16","28-06-2020 00:16","1.39","2_39_129_17_2020-06-27 23:51:55.389105","2","CA-307","2-39-129-17","0.4","0.4"
"28-06-2020 21:18","29-06-2020 05:08","29-06-2020 04:35","47.437","2_39_139_28_2020-06-28 21:18:04.772110","2","CA-303","2-39-139-28","7.83","7.28"
"29-06-2020 23:09","30-06-2020 00:07","30-06-2020 00:06","3.153","2_39_124_22_2020-06-29 23:09:54.204699","2","CA-312","2-39-124-22","0.97","0.95"
"30-06-2020 13:40","30-06-2020 20:44","30-06-2020 15:19","5.861","2_39_91_437_2020-06-30 13:40:17.475404","2","CA-317","2-39-91-437","7.07","1.65"
"30-06-2020 19:54","30-06-2020 22:43","30-06-2020 21:05","3.521","2_39_89_25_2020-06-30 19:54:21.714241","2","CA-315","2-39-89-25","2.82","1.18"
"30-06-2020 20:21","30-06-2020 23:36","30-06-2020 21:05","2.729","2_39_79_380_2020-06-30 20:21:13.995218","2","CA-489","2-39-79-380","3.25","0.73"
"30-06-2020 21:08","30-06-2020 22:05","30-06-2020 22:05","3.118","2_39_127_19_2020-06-30 21:08:39.125889","2","CA-309","2-39-127-19","0.95","0.95"
"01-07-2020 16:20","01-07-2020 23:25","01-07-2020 18:10","6.141","2_39_91_437_2020-07-01 16:20:18.201841","2","CA-317","2-39-91-437","7.08","1.83"
"01-07-2020 20:27","01-07-2020 21:56","01-07-2020 21:18","3.152","2_39_79_380_2020-07-01 20:27:27.396061","2","CA-489","2-39-79-380","1.48","0.85"
"02-07-2020 09:20","02-07-2020 22:24","02-07-2020 16:40","48.577","2_39_131_30_2020-07-02 09:20:28.845315","2","CA-305","2-39-131-30","13.07","7.33"
"02-07-2020 14:59","02-07-2020 21:13","02-07-2020 16:44","6.129","2_39_91_437_2020-07-02 14:59:00.044151","2","CA-317","2-39-91-437","6.23","1.75"
"02-07-2020 17:24","02-07-2020 18:42","02-07-2020 18:42","4.299","2_39_125_21_2020-07-02 17:24:06.584575","2","CA-311","2-39-125-21","1.3","1.3"
"02-07-2020 18:51","02-07-2020 19:47","02-07-2020 19:22","0.869","2_39_78_361_2020-07-02 18:51:38.069997","2","CA-493","2-39-78-361","0.93","0.52"
"03-07-2020 15:36","03-07-2020 16:33","03-07-2020 16:33","2.888","2_39_125_21_2020-07-03 15:36:52.370048","2","CA-311","2-39-125-21","0.95","0.95"
"05-07-2020 03:45","05-07-2020 04:12","05-07-2020 04:12","0.751","2_39_139_28_2020-07-05 03:45:55.363632","2","CA-303","2-39-139-28","0.45","0.45"
"05-07-2020 20:01","05-07-2020 21:57","05-07-2020 21:51","12.013","2_39_79_380_2020-07-05 20:01:08.855899","2","CA-489","2-39-79-380","1.93","1.83"
"06-07-2020 02:27","07-07-2020 00:07","06-07-2020 10:49","52.55333111","2_39_131_30_2020-07-06 02:27:46.774546","2","CA-305","2-39-131-30","21.67","8.37"
"06-07-2020 15:48","07-07-2020 00:07","06-07-2020 16:07","0.919826111","2_39_125_21_2020-07-06 15:48:11.137006","2","CA-311","2-39-125-21","8.32","0.32"
"07-07-2020 00:07","07-07-2020 00:24","07-07-2020 00:20","2.052","2_39_79_382_2020-07-06 21:43:40.828102","2","CA-491","2-39-79-382","0.28","0.22"
"07-07-2020 00:07","07-07-2020 05:38","07-07-2020 00:38","0.527544722","2_39_138_29_2020-07-07 00:07:19.519772","2","CA-304","2-39-138-29","5.52","0.52"
"07-07-2020 17:00","07-07-2020 21:41","07-07-2020 18:39","5.842","2_39_91_441_2020-07-07 17:00:03.965778","2","CA-499","2-39-91-441","4.68","1.65"
"07-07-2020 20:51","07-07-2020 22:07","07-07-2020 21:36","2.175","2_39_125_21_2020-07-07 20:51:41.504102","2","CA-311","2-39-125-21","1.27","0.75"
"08-07-2020 00:49","08-07-2020 01:12","08-07-2020 01:12","0.658","2_39_130_31_2020-07-08 00:49:13.138087","2","CA-306","2-39-130-31","0.38","0.38"
"08-07-2020 15:44","08-07-2020 21:07","08-07-2020 17:27","6.582","2_39_91_441_2020-07-08 15:44:40.009133","2","CA-499","2-39-91-441","5.38","1.72"
"09-07-2020 15:46","09-07-2020 21:23","","6.543","2_39_91_437_2020-07-09 15:46:06.653396","2","CA-317","2-39-91-437","5.62",""
"09-07-2020 20:08","10-07-2020 00:34","","24.205","2_39_79_377_2020-07-09 20:08:23.012389","2","CA-325","2-39-79-377","4.43",""
"10-07-2020 01:59","10-07-2020 15:31","","19.303","2_39_79_377_2020-07-10 01:59:26.063720","2","CA-325","2-39-79-377","13.53",""
"10-07-2020 15:36","10-07-2020 16:24","","1.535","2_39_125_21_2020-07-10 15:36:27.320102","2","CA-311","2-39-125-21","0.8",""
"11-07-2020 18:49","13-07-2020 03:58","","14.886","2_39_79_378_2020-07-11 18:49:18.748420","2","CA-326","2-39-79-378","33.15",""
"12-07-2020 23:38","13-07-2020 00:59","","8.711","2_39_127_19_2020-07-12 23:38:26.638723","2","CA-309","2-39-127-19","1.35",""
"13-07-2020 15:25","13-07-2020 15:34","","0.632","2_39_131_30_2020-07-13 15:25:07.741343","2","CA-305","2-39-131-30","0.15",""
"13-07-2020 15:25","13-07-2020 19:16","13-07-2020 19:13","11.11695444","2_39_79_380_2020-07-13 15:25:08.131933","2","CA-489","2-39-79-380","3.85","3.8"
"13-07-2020 17:31","13-07-2020 21:13","13-07-2020 19:05","7.229","2_39_91_441_2020-07-13 16:38:34.243130","2","CA-499","2-39-91-441","3.7","1.57"
"13-07-2020 19:53","14-07-2020 02:26","14-07-2020 02:26","21.307","2_39_79_381_2020-07-13 19:53:11.632128","2","CA-490","2-39-79-381","6.55","6.55"
"14-07-2020 20:40","14-07-2020 23:41","14-07-2020 22:10","4.49","2_39_89_25_2020-07-14 20:40:43.369565","2","CA-315","2-39-89-25","3.02","1.5"
"15-07-2020 15:35","15-07-2020 21:36","15-07-2020 17:23","6.216","2_39_91_437_2020-07-15 15:35:10.209484","2","CA-317","2-39-91-437","6.02","1.8"
"15-07-2020 20:37","15-07-2020 21:31","15-07-2020 21:31","2.746","2_39_125_21_2020-07-15 20:37:19.125791","2","CA-311","2-39-125-21","0.9","0.9"
"15-07-2020 20:53","15-07-2020 21:33","15-07-2020 21:33","2.163","2_39_79_380_2020-07-15 20:53:05.499813","2","CA-489","2-39-79-380","0.67","0.67"
"16-07-2020 15:25","16-07-2020 19:01","16-07-2020 19:01","23.703","2_39_79_379_2020-07-16 15:25:34.233090","2","CA-327","2-39-79-379","3.6","3.6"
"16-07-2020 15:30","16-07-2020 20:52","16-07-2020 17:14","6.026","2_39_91_437_2020-07-16 15:30:42.711686","2","CA-317","2-39-91-437","5.37","1.73"
"17-07-2020 15:07","17-07-2020 18:46","17-07-2020 15:38","0.85","2_39_79_379_2020-07-17 15:07:41.257623","2","CA-327","2-39-79-379","3.65","0.52"
"17-07-2020 15:45","17-07-2020 16:39","17-07-2020 16:23","1.788","2_39_125_21_2020-07-17 15:45:10.051935","2","CA-311","2-39-125-21","0.9","0.63"
"17-07-2020 22:46","18-07-2020 03:53","18-07-2020 00:49","6.298","2_39_130_31_2020-07-17 22:45:34.418611","2","CA-306","2-39-130-31","5.12","2.05"
"17-07-2020 22:50","18-07-2020 00:02","18-07-2020 00:02","4.034","2_39_95_27_2020-07-17 22:50:41.327222","2","CA-319","2-39-95-27","1.2","1.2"
"17-07-2020 23:41","17-07-2020 23:55","17-07-2020 23:54","0.812","2_39_79_379_2020-07-17 23:40:53.036065","2","CA-327","2-39-79-379","0.23","0.22"
"19-07-2020 06:16","19-07-2020 16:34","19-07-2020 08:13","11.516","2_39_79_377_2020-07-19 06:16:27.331010","2","CA-325","2-39-79-377","10.3","1.95"
"19-07-2020 17:08","20-07-2020 02:22","20-07-2020 00:17","45.839","2_39_131_30_2020-07-19 17:08:24.220946","2","CA-305","2-39-131-30","9.23","7.15"
"19-07-2020 17:10","20-07-2020 02:22","19-07-2020 19:17","6.485","2_39_138_29_2020-07-19 17:09:48.236780","2","CA-304","2-39-138-29","9.2","2.12"
"20-07-2020 05:57","20-07-2020 06:22","","0.728","2_39_139_28_2020-07-20 05:57:38.044808","2","CA-303","2-39-139-28","0.42",""
"20-07-2020 15:50","20-07-2020 16:37","","2.538","2_39_125_21_2020-07-20 15:50:50.289203","2","CA-311","2-39-125-21","0.78",""
"20-07-2020 17:11","21-07-2020 00:22","","7.807","2_39_79_382_2020-07-20 17:10:50.329180","2","CA-491","2-39-79-382","7.18",""
"20-07-2020 18:48","21-07-2020 03:21","","48.455","2_39_131_30_2020-07-20 18:48:22.741081","2","CA-305","2-39-131-30","8.55",""
"21-07-2020 14:42","21-07-2020 21:01","","5.945","2_39_91_437_2020-07-21 14:42:24.800221","2","CA-317","2-39-91-437","6.32",""
"22-07-2020 21:49","22-07-2020 22:44","","2.973","2_39_125_21_2020-07-22 21:49:31.167667","2","CA-311","2-39-125-21","0.92",""
"24-07-2020 15:34","24-07-2020 21:05","","5.964","2_39_91_437_2020-07-24 15:34:00.177372","2","CA-317","2-39-91-437","5.52",""
"24-07-2020 15:51","24-07-2020 16:47","","3.075","2_39_125_21_2020-07-24 15:51:07.505585","2","CA-311","2-39-125-21","0.93",""
"24-07-2020 16:39","24-07-2020 17:37","","6.115","2_39_131_30_2020-07-24 16:39:55.378050","2","CA-305","2-39-131-30","0.97",""
"25-07-2020 00:06","25-07-2020 00:18","","1.09","2_39_129_17_2020-07-25 00:06:26.929323","2","CA-307","2-39-129-17","0.2",""
"25-07-2020 15:48","25-07-2020 22:33","","6.453","2_39_129_17_2020-07-25 15:48:56.704465","2","CA-307","2-39-129-17","6.75",""
"25-07-2020 15:49","26-07-2020 03:24","","42.49","2_39_128_18_2020-07-25 15:49:06.775371","2","CA-308","2-39-128-18","11.58",""
"25-07-2020 23:16","25-07-2020 23:37","","0.509","2_39_131_30_2020-07-25 23:16:30.553618","2","CA-305","2-39-131-30","0.35",""
"26-07-2020 18:19","26-07-2020 19:05","","2.454","2_39_125_21_2020-07-26 18:19:45.779187","2","CA-311","2-39-125-21","0.77",""
"27-07-2020 01:41","27-07-2020 02:19","","1.353","2_39_139_28_2020-07-27 01:41:45.990486","2","CA-303","2-39-139-28","0.63",""
"27-07-2020 16:57","27-07-2020 18:16","","8.554","2_39_79_378_2020-07-27 16:57:17.208406","2","CA-326","2-39-79-378","1.32",""
"28-07-2020 13:21","28-07-2020 13:59","","2.28","2_39_91_437_2020-07-28 13:21:47.214626","2","CA-317","2-39-91-437","0.63",""
"28-07-2020 21:40","29-07-2020 00:12","","4.984","2_39_89_25_2020-07-28 21:40:28.550046","2","CA-315","2-39-89-25","2.53",""
"29-07-2020 16:12","29-07-2020 21:14","","6","2_39_91_437_2020-07-29 16:12:11.695692","2","CA-317","2-39-91-437","5.03",""
"29-07-2020 23:05","29-07-2020 23:27","","0.591","2_39_127_19_2020-07-29 23:05:53.646092","2","CA-309","2-39-127-19","0.37",""
"30-07-2020 20:38","31-07-2020 00:22","","4.657","2_39_79_380_2020-07-30 20:38:07.486241","2","CA-489","2-39-79-380","3.73",""
"31-07-2020 18:01","01-08-2020 03:27","01-08-2020 00:41","6.423","2_39_131_30_2020-07-31 17:57:59.470037","2","CA-305","2-39-131-30","9.43","6.67"
"31-07-2020 20:15","31-07-2020 22:53","","4.087","2_39_79_380_2020-07-31 20:15:59.042505","2","CA-489","2-39-79-380","2.63",""
"01-08-2020 00:26","01-08-2020 01:50","01-08-2020 01:50","7.933","2_39_139_28_2020-08-01 00:26:43.140330","2","CA-303","2-39-139-28","1.4","1.4"
"01-08-2020 02:16","01-08-2020 03:04","01-08-2020 03:04","1.729","2_39_139_28_2020-08-01 02:16:32.021183","2","CA-303","2-39-139-28","0.8","0.8"
"02-08-2020 12:30","02-08-2020 18:11","02-08-2020 16:48","28.87","2_39_130_31_2020-08-02 12:30:47.006756","2","CA-306","2-39-130-31","5.68","4.3"
"03-08-2020 15:47","03-08-2020 16:45","03-08-2020 16:45","3.144","2_39_125_21_2020-08-03 15:47:14.458999","2","CA-311","2-39-125-21","0.97","0.97"
"03-08-2020 18:59","04-08-2020 04:55","04-08-2020 03:38","53.068","2_39_131_30_2020-08-03 18:59:36.286040","2","CA-305","2-39-131-30","9.93","8.65"
"03-08-2020 19:12","03-08-2020 22:23","03-08-2020 19:40","1.32","2_39_91_437_2020-08-03 19:12:05.738685","2","CA-317","2-39-91-437","3.18","0.47"
"03-08-2020 22:02","03-08-2020 22:29","03-08-2020 22:29","1.724","2_39_79_380_2020-08-03 22:02:01.464006","2","CA-489","2-39-79-380","0.45","0.45"
"18-11-2020 21:37","19-11-2020 02:29","18-11-2020 22:45","2.237","2_39_78_365_2020-11-18 21:37:01.529096","2","CA-321","2-39-78-365","4.87","1.13"
"18-11-2020 23:36","19-11-2020 00:02","","4.816","2_39_81_4550_2020-11-18 23:36:26.012461","2","11900388","2-39-81-4550","0.43",""
"19-11-2020 00:35","19-11-2020 01:31","","10.027","2_39_81_4550_2020-11-19 00:35:53.924922","2","11900388","2-39-81-4550","0.93",""
"19-11-2020 01:34","19-11-2020 02:45","","24.486","2_39_81_4550_2020-11-19 01:33:46.845927","2","11900388","2-39-81-4550","1.18",""
"19-11-2020 02:07","19-11-2020 03:51","19-11-2020 03:51","11.507","2_39_128_18_2020-11-19 02:07:56.420183","2","CA-308","2-39-128-18","1.73","1.73"
"19-11-2020 02:09","19-11-2020 04:01","19-11-2020 04:01","6.334","2_39_130_31_2020-11-19 02:09:24.413029","2","CA-306","2-39-130-31","1.87","1.87"
"19-11-2020 03:52","19-11-2020 04:00","","4.788","2_39_81_4550_2020-11-19 03:51:59.755295","2","11900388","2-39-81-4550","0.13",""
"19-11-2020 04:24","19-11-2020 05:07","","30.849","2_39_81_4550_2020-11-19 04:24:10.706432","2","11900388","2-39-81-4550","0.72",""
"19-11-2020 21:33","20-11-2020 02:47","19-11-2020 22:40","2.245","2_39_78_365_2020-11-19 21:33:17.369860","2","CA-321","2-39-78-365","5.23","1.12"
"19-11-2020 23:28","20-11-2020 01:47","20-11-2020 01:47","7.738","2_39_91_437_2020-11-19 23:28:16.238693","2","CA-317","2-39-91-437","2.32","2.32"
"20-11-2020 13:56","20-11-2020 19:31","20-11-2020 15:29","9.683","2_39_131_30_2020-11-20 13:56:03.696292","2","CA-305","2-39-131-30","5.58","1.55"
"20-11-2020 15:17","20-11-2020 15:46","","11.106","2_39_81_4550_2020-11-20 15:17:56.195814","2","11900388","2-39-81-4550","0.48",""
"20-11-2020 16:20","20-11-2020 19:06","20-11-2020 17:18","3.608","2_39_79_380_2020-11-20 16:20:34.999856","2","CA-489","2-39-79-380","2.77","0.97"
"20-11-2020 19:02","20-11-2020 23:17","20-11-2020 20:07","6.401","2_39_95_27_2020-11-20 19:02:21.892481","2","CA-319","2-39-95-27","4.25","1.08"
"20-11-2020 20:00","21-11-2020 04:12","20-11-2020 21:55","6.009","2_39_139_28_2020-11-20 19:59:46.036236","2","CA-303","2-39-139-28","8.2","1.92"
"20-11-2020 22:11","21-11-2020 03:44","20-11-2020 23:08","1.916","2_39_78_365_2020-11-20 22:11:06.923773","2","CA-321","2-39-78-365","5.55","0.95"
"20-11-2020 23:55","21-11-2020 01:00","21-11-2020 00:59","1.834","2_39_125_21_2020-11-20 23:55:55.850502","2","CA-311","2-39-125-21","1.08","1.07"
"21-11-2020 00:50","21-11-2020 01:18","","15.416","2_39_81_4550_2020-11-21 00:50:30.786067","2","11900388","2-39-81-4550","0.47",""
"21-11-2020 17:28","21-11-2020 17:51","21-11-2020 17:51","0.849","2_39_139_28_2020-11-21 17:28:00.146378","2","CA-303","2-39-139-28","0.38","0.38"
"21-11-2020 19:14","21-11-2020 19:27","21-11-2020 19:27","0.754","2_39_138_29_2020-11-21 19:14:49.916231","2","CA-304","2-39-138-29","0.22","0.22"
"22-11-2020 06:21","22-11-2020 06:42","","8.451","2_39_81_4550_2020-11-22 06:21:47.433608","2","11900388","2-39-81-4550","0.35",""
"22-11-2020 15:52","22-11-2020 16:44","22-11-2020 16:44","5.898","2_39_129_17_2020-11-22 15:52:21.064812","2","CA-307","2-39-129-17","0.87","0.87"
"22-11-2020 20:48","23-11-2020 02:57","22-11-2020 23:45","10.289","2_39_139_28_2020-11-22 20:48:18.515829","2","CA-303","2-39-139-28","6.15","2.95"
"22-11-2020 23:23","22-11-2020 23:58","22-11-2020 23:59","0.892","2_39_79_379_2020-11-22 23:23:14.182081","2","CA-327","2-39-79-379","0.58","0.6"
"22-11-2020 23:58","23-11-2020 00:47","23-11-2020 00:45","2.208","2_39_79_379_2020-11-22 23:58:14.389989","2","CA-327","2-39-79-379","0.82","0.78"
"23-11-2020 00:14","23-11-2020 00:52","","27.855","2_39_81_4550_2020-11-23 00:14:23.449939","2","11900388","2-39-81-4550","0.63",""
"23-11-2020 05:08","23-11-2020 19:06","","12.463","2_39_81_4550_2020-11-23 05:07:43.108934","2","11900388","2-39-81-4550","13.97",""
"23-11-2020 05:12","23-11-2020 09:58","23-11-2020 09:43","16.441","2_39_129_17_2020-11-23 05:11:52.357700","2","CA-307","2-39-129-17","4.77","4.52"
"23-11-2020 16:00","23-11-2020 17:03","23-11-2020 16:20","0.837","2_39_125_21_2020-11-23 16:00:18.949204","2","CA-311","2-39-125-21","1.05","0.33"
"23-11-2020 17:18","23-11-2020 22:40","23-11-2020 19:20","6.933","2_39_139_28_2020-11-23 17:18:23.545136","2","CA-303","2-39-139-28","5.37","2.03"
"23-11-2020 21:10","24-11-2020 00:41","23-11-2020 22:16","2.248","2_39_78_365_2020-11-23 21:10:28.032817","2","CA-321","2-39-78-365","3.52","1.1"
"23-11-2020 23:02","24-11-2020 00:16","24-11-2020 00:15","4.172","2_39_89_25_2020-11-23 23:02:45.156524","2","CA-315","2-39-89-25","1.23","1.22"
"24-11-2020 00:00","24-11-2020 03:41","24-11-2020 01:34","5.339","2_39_139_28_2020-11-24 00:00:36.344838","2","CA-303","2-39-139-28","3.68","1.57"
"24-11-2020 02:10","24-11-2020 02:51","","21.768","2_39_81_4550_2020-11-24 02:10:57.682788","2","11900388","2-39-81-4550","0.68",""
"24-11-2020 15:58","25-11-2020 00:09","24-11-2020 18:24","9.361","2_39_79_379_2020-11-24 15:58:05.914578","2","CA-327","2-39-79-379","8.18","2.43"
"24-11-2020 17:22","25-11-2020 02:39","24-11-2020 19:09","6.076","2_39_139_28_2020-11-24 17:22:11.459586","2","CA-303","2-39-139-28","9.28","1.78"
"24-11-2020 21:31","25-11-2020 02:47","24-11-2020 22:39","2.305","2_39_78_365_2020-11-24 21:31:24.780131","2","CA-321","2-39-78-365","5.27","1.13"
"24-11-2020 22:06","24-11-2020 22:44","24-11-2020 22:37","0.898","2_39_83_386_2020-11-24 22:06:33.835532","2","CA-212","2-39-83-386","0.63","0.52"
"24-11-2020 22:45","24-11-2020 23:27","","10.806","2_39_81_4550_2020-11-24 22:45:56.070209","2","11900388","2-39-81-4550","0.7",""
"24-11-2020 23:17","25-11-2020 00:13","25-11-2020 00:02","4.534","2_39_131_30_2020-11-24 23:17:51.960207","2","CA-305","2-39-131-30","0.93","0.75"
"25-11-2020 02:06","25-11-2020 02:29","","9.09","2_39_81_4550_2020-11-25 02:06:32.326649","2","11900388","2-39-81-4550","0.38",""
"25-11-2020 02:29","25-11-2020 02:40","","2.35","2_39_81_4550_2020-11-25 02:29:07.331920","2","11900388","2-39-81-4550","0.18",""
"25-11-2020 03:17","25-11-2020 03:55","","11.047","2_39_81_4550_2020-11-25 03:17:19.506673","2","11900388","2-39-81-4550","0.63",""
"25-11-2020 16:13","25-11-2020 16:35","","8.728","2_39_81_4550_2020-11-25 16:13:44.115684","2","11900388","2-39-81-4550","0.37",""
"25-11-2020 19:37","26-11-2020 03:38","25-11-2020 20:42","2.194","2_39_78_365_2020-11-25 19:37:34.510780","2","CA-321","2-39-78-365","8.02","1.08"
"25-11-2020 23:00","25-11-2020 23:37","","11.563","2_39_81_4550_2020-11-25 23:00:20.689697","2","11900388","2-39-81-4550","0.62",""
"25-11-2020 23:39","26-11-2020 02:49","26-11-2020 01:59","7.995","2_39_139_28_2020-11-25 23:39:34.008532","2","CA-303","2-39-139-28","3.17","2.33"
"26-11-2020 00:00","26-11-2020 00:51","26-11-2020 00:49","2.314","2_39_125_21_2020-11-26 00:00:32.070811","2","CA-311","2-39-125-21","0.85","0.82"
"26-11-2020 17:29","26-11-2020 22:47","26-11-2020 21:58","15.943","2_39_139_28_2020-11-26 17:29:15.581338","2","CA-303","2-39-139-28","5.3","4.48"
"27-11-2020 01:08","27-11-2020 01:53","","29.655","2_39_81_4550_2020-11-27 01:08:00.259609","2","11900388","2-39-81-4550","0.75",""
"27-11-2020 05:34","28-11-2020 01:27","27-11-2020 09:27","13.841","2_39_139_28_2020-11-27 05:34:44.667246","2","CA-303","2-39-139-28","19.88","3.88"
"27-11-2020 22:39","28-11-2020 00:46","28-11-2020 00:46","7.711","2_39_130_31_2020-11-27 22:39:07.103469","2","CA-306","2-39-130-31","2.12","2.12"
"27-11-2020 23:17","28-11-2020 05:05","27-11-2020 23:48","0.897","2_39_78_360_2020-11-27 23:17:54.127118","2","CA-322","2-39-78-360","5.8","0.52"
"28-11-2020 02:45","28-11-2020 03:44","","44.286","2_39_81_4550_2020-11-28 02:44:53.746650","2","11900388","2-39-81-4550","0.98",""
"28-11-2020 19:08","28-11-2020 20:00","","11.944","2_39_81_4550_2020-11-28 19:08:44.929741","2","11900388","2-39-81-4550","0.87",""
"28-11-2020 19:50","28-11-2020 22:37","28-11-2020 20:21","0.874","2_39_139_28_2020-11-28 19:50:38.640109","2","CA-303","2-39-139-28","2.78","0.52"
"28-11-2020 21:15","28-11-2020 21:54","","7.434","2_39_81_4550_2020-11-28 21:14:36.571013","2","11900388","2-39-81-4550","0.65",""
"28-11-2020 22:31","29-11-2020 04:03","28-11-2020 23:41","2.276","2_39_78_365_2020-11-28 22:31:58.892403","2","CA-321","2-39-78-365","5.53","1.17"
"28-11-2020 23:01","29-11-2020 02:17","29-11-2020 01:34","9.993","2_39_128_18_2020-11-28 23:00:47.242609","2","CA-308","2-39-128-18","3.27","2.55"
"29-11-2020 00:08","29-11-2020 01:58","29-11-2020 01:58","12.724","2_39_131_30_2020-11-29 00:08:25.885773","2","CA-305","2-39-131-30","1.83","1.83"
"29-11-2020 00:08","29-11-2020 01:58","29-11-2020 01:54","5.275","2_39_138_29_2020-11-29 00:08:50.518664","2","CA-304","2-39-138-29","1.83","1.77"
"29-11-2020 01:38","29-11-2020 02:07","","12.75","2_39_81_4550_2020-11-29 01:38:37.885424","2","11900388","2-39-81-4550","0.48",""
"29-11-2020 18:41","29-11-2020 20:13","29-11-2020 19:49","3.441","2_39_79_379_2020-11-29 18:41:49.184997","2","CA-327","2-39-79-379","1.53","1.13"
"29-11-2020 19:14","30-11-2020 03:41","29-11-2020 22:15","10.476","2_39_139_28_2020-11-29 19:14:58.031888","2","CA-303","2-39-139-28","8.45","3.02"
"30-11-2020 00:18","30-11-2020 05:40","30-11-2020 01:24","2.223","2_39_78_365_2020-11-30 00:18:58.156393","2","CA-321","2-39-78-365","5.37","1.1"
"30-11-2020 16:02","30-11-2020 17:02","30-11-2020 16:59","2.143","2_39_125_21_2020-11-30 16:02:59.486705","2","CA-311","2-39-125-21","1","0.95"
"30-11-2020 17:13","30-11-2020 22:41","30-11-2020 22:42","0.894","2_39_83_386_2020-11-30 17:13:29.994089","2","CA-212","2-39-83-386","5.47","5.48"
"30-11-2020 18:33","30-11-2020 19:28","","20.981","2_39_81_4550_2020-11-30 18:33:33.964339","2","11900388","2-39-81-4550","0.92",""
"30-11-2020 22:33","01-12-2020 03:51","30-11-2020 23:40","2.239","2_39_78_365_2020-11-30 22:33:25.300548","2","CA-321","2-39-78-365","5.3","1.12"
"01-12-2020 02:10","01-12-2020 02:49","","21.032","2_39_81_4550_2020-12-01 02:10:19.997513","2","11900388","2-39-81-4550","0.65",""
"01-12-2020 04:02","01-12-2020 04:17","","6.367","2_39_81_4550_2020-12-01 04:02:32.406901","2","11900388","2-39-81-4550","0.25",""
"01-12-2020 04:19","01-12-2020 04:54","01-12-2020 04:49","0.737","2_39_127_19_2020-12-01 04:19:01.008160","2","CA-309","2-39-127-19","0.58","0.5"
